timeStamp,elapsed,label,responseCode,responseMessage,threadName,dataType,success,failureMessage,bytes,sentBytes,grpThreads,allThreads,URL,Latency,IdleTime,Connect
1717705210246,7,GetNewProducts,200,OK,Thread Group 1-1,text,true,,1864,150,8,8,http://localhost:5000/api/product/newProducts/?page=1,7,0,1
1717705210247,10,GetNewProducts,200,OK,Thread Group 1-2,text,true,,1864,150,11,11,http://localhost:5000/api/product/newProducts/?page=1,10,0,1
1717705210248,27,GetNewProducts,200,OK,Thread Group 1-3,text,true,,1864,150,25,25,http://localhost:5000/api/product/newProducts/?page=1,27,0,1
1717705210249,27,GetNewProducts,200,OK,Thread Group 1-4,text,true,,1864,150,24,24,http://localhost:5000/api/product/newProducts/?page=1,27,0,1
1717705210250,90,GetNewProducts,200,OK,Thread Group 1-5,text,true,,1864,150,89,89,http://localhost:5000/api/product/newProducts/?page=1,90,0,1
1717705210251,89,GetNewProducts,200,OK,Thread Group 1-6,text,true,,1864,150,88,88,http://localhost:5000/api/product/newProducts/?page=1,89,0,1
1717705210253,87,GetNewProducts,200,OK,Thread Group 1-7,text,true,,1864,150,88,88,http://localhost:5000/api/product/newProducts/?page=1,87,0,0
1717705210254,87,GetNewProducts,200,OK,Thread Group 1-8,text,true,,1864,150,87,87,http://localhost:5000/api/product/newProducts/?page=1,87,0,0
1717705210255,86,GetNewProducts,200,OK,Thread Group 1-9,text,true,,1864,150,86,86,http://localhost:5000/api/product/newProducts/?page=1,86,0,0
1717705210256,86,GetNewProducts,200,OK,Thread Group 1-10,text,true,,1864,150,85,85,http://localhost:5000/api/product/newProducts/?page=1,86,0,0
1717705210257,85,GetNewProducts,200,OK,Thread Group 1-12,text,true,,1864,150,84,84,http://localhost:5000/api/product/newProducts/?page=1,85,0,0
1717705210257,86,GetNewProducts,200,OK,Thread Group 1-11,text,true,,1864,150,84,84,http://localhost:5000/api/product/newProducts/?page=1,86,0,0
1717705210259,84,GetNewProducts,200,OK,Thread Group 1-14,text,true,,1864,150,83,83,http://localhost:5000/api/product/newProducts/?page=1,84,0,0
1717705210259,85,GetNewProducts,200,OK,Thread Group 1-13,text,true,,1864,150,82,82,http://localhost:5000/api/product/newProducts/?page=1,85,0,0
1717705210260,84,GetNewProducts,200,OK,Thread Group 1-15,text,true,,1864,150,83,83,http://localhost:5000/api/product/newProducts/?page=1,84,0,0
1717705210262,136,GetNewProducts,200,OK,Thread Group 1-16,text,true,,1864,150,135,135,http://localhost:5000/api/product/newProducts/?page=1,136,0,0
1717705210264,134,GetNewProducts,200,OK,Thread Group 1-18,text,true,,1864,150,134,134,http://localhost:5000/api/product/newProducts/?page=1,134,0,1
1717705210264,134,GetNewProducts,200,OK,Thread Group 1-17,text,true,,1864,150,134,134,http://localhost:5000/api/product/newProducts/?page=1,134,0,1
1717705210265,133,GetNewProducts,200,OK,Thread Group 1-19,text,true,,1864,150,133,133,http://localhost:5000/api/product/newProducts/?page=1,133,0,0
1717705210266,133,GetNewProducts,200,OK,Thread Group 1-20,text,true,,1864,150,132,132,http://localhost:5000/api/product/newProducts/?page=1,133,0,0
1717705210268,131,GetNewProducts,200,OK,Thread Group 1-22,text,true,,1864,150,131,131,http://localhost:5000/api/product/newProducts/?page=1,131,0,0
1717705210269,131,GetNewProducts,200,OK,Thread Group 1-23,text,true,,1864,150,131,131,http://localhost:5000/api/product/newProducts/?page=1,131,0,0
1717705210270,130,GetNewProducts,200,OK,Thread Group 1-24,text,true,,1864,150,130,130,http://localhost:5000/api/product/newProducts/?page=1,130,0,0
1717705210270,131,GetNewProducts,200,OK,Thread Group 1-25,text,true,,1864,150,129,129,http://localhost:5000/api/product/newProducts/?page=1,131,0,0
1717705210272,129,GetNewProducts,200,OK,Thread Group 1-26,text,true,,1864,150,128,128,http://localhost:5000/api/product/newProducts/?page=1,129,0,0
1717705210274,127,GetNewProducts,200,OK,Thread Group 1-27,text,true,,1864,150,127,127,http://localhost:5000/api/product/newProducts/?page=1,127,0,1
1717705210275,126,GetNewProducts,200,OK,Thread Group 1-28,text,true,,1864,150,126,126,http://localhost:5000/api/product/newProducts/?page=1,126,0,0
1717705210276,125,GetNewProducts,200,OK,Thread Group 1-21,text,true,,1864,150,126,126,http://localhost:5000/api/product/newProducts/?page=1,125,0,1
1717705210277,125,GetNewProducts,200,OK,Thread Group 1-30,text,true,,1864,150,125,125,http://localhost:5000/api/product/newProducts/?page=1,125,0,0
1717705210277,125,GetNewProducts,200,OK,Thread Group 1-31,text,true,,1864,150,124,124,http://localhost:5000/api/product/newProducts/?page=1,125,0,0
1717705210278,124,GetNewProducts,200,OK,Thread Group 1-29,text,true,,1864,150,125,125,http://localhost:5000/api/product/newProducts/?page=1,124,0,0
1717705210279,123,GetNewProducts,200,OK,Thread Group 1-32,text,true,,1864,150,124,124,http://localhost:5000/api/product/newProducts/?page=1,123,0,0
1717705210280,122,GetNewProducts,200,OK,Thread Group 1-33,text,true,,1864,150,124,124,http://localhost:5000/api/product/newProducts/?page=1,122,0,0
1717705210280,123,GetNewProducts,200,OK,Thread Group 1-34,text,true,,1864,150,123,123,http://localhost:5000/api/product/newProducts/?page=1,123,0,0
1717705210281,122,GetNewProducts,200,OK,Thread Group 1-35,text,true,,1864,150,122,122,http://localhost:5000/api/product/newProducts/?page=1,122,0,0
1717705210283,120,GetNewProducts,200,OK,Thread Group 1-36,text,true,,1864,150,121,121,http://localhost:5000/api/product/newProducts/?page=1,120,0,0
1717705210284,119,GetNewProducts,200,OK,Thread Group 1-37,text,true,,1864,150,120,120,http://localhost:5000/api/product/newProducts/?page=1,119,0,0
1717705210284,119,GetNewProducts,200,OK,Thread Group 1-39,text,true,,1864,150,120,120,http://localhost:5000/api/product/newProducts/?page=1,119,0,0
1717705210284,120,GetNewProducts,200,OK,Thread Group 1-38,text,true,,1864,150,119,119,http://localhost:5000/api/product/newProducts/?page=1,120,0,0
1717705210287,117,GetNewProducts,200,OK,Thread Group 1-40,text,true,,1864,150,118,118,http://localhost:5000/api/product/newProducts/?page=1,117,0,1
1717705210288,116,GetNewProducts,200,OK,Thread Group 1-41,text,true,,1864,150,117,117,http://localhost:5000/api/product/newProducts/?page=1,116,0,0
1717705210289,115,GetNewProducts,200,OK,Thread Group 1-42,text,true,,1864,150,116,116,http://localhost:5000/api/product/newProducts/?page=1,115,0,0
1717705210290,114,GetNewProducts,200,OK,Thread Group 1-43,text,true,,1864,150,115,115,http://localhost:5000/api/product/newProducts/?page=1,114,0,0
1717705210291,113,GetNewProducts,200,OK,Thread Group 1-44,text,true,,1864,150,114,114,http://localhost:5000/api/product/newProducts/?page=1,113,0,0
1717705210292,113,GetNewProducts,200,OK,Thread Group 1-45,text,true,,1864,150,113,113,http://localhost:5000/api/product/newProducts/?page=1,113,0,0
1717705210293,112,GetNewProducts,200,OK,Thread Group 1-46,text,true,,1864,150,112,112,http://localhost:5000/api/product/newProducts/?page=1,112,0,0
1717705210294,111,GetNewProducts,200,OK,Thread Group 1-47,text,true,,1864,150,111,111,http://localhost:5000/api/product/newProducts/?page=1,111,0,0
1717705210295,110,GetNewProducts,200,OK,Thread Group 1-48,text,true,,1864,150,110,110,http://localhost:5000/api/product/newProducts/?page=1,110,0,0
1717705210296,109,GetNewProducts,200,OK,Thread Group 1-49,text,true,,1864,150,109,109,http://localhost:5000/api/product/newProducts/?page=1,109,0,0
1717705210299,143,GetNewProducts,200,OK,Thread Group 1-51,text,true,,1864,150,145,145,http://localhost:5000/api/product/newProducts/?page=1,143,0,0
1717705210299,143,GetNewProducts,200,OK,Thread Group 1-54,text,true,,1864,150,144,144,http://localhost:5000/api/product/newProducts/?page=1,143,0,1
1717705210300,142,GetNewProducts,200,OK,Thread Group 1-52,text,true,,1864,150,144,144,http://localhost:5000/api/product/newProducts/?page=1,142,0,0
1717705210300,142,GetNewProducts,200,OK,Thread Group 1-53,text,true,,1864,150,143,143,http://localhost:5000/api/product/newProducts/?page=1,142,0,0
1717705210301,141,GetNewProducts,200,OK,Thread Group 1-50,text,true,,1864,150,142,142,http://localhost:5000/api/product/newProducts/?page=1,141,0,0
1717705210302,141,GetNewProducts,200,OK,Thread Group 1-55,text,true,,1864,150,141,141,http://localhost:5000/api/product/newProducts/?page=1,141,0,1
1717705210304,139,GetNewProducts,200,OK,Thread Group 1-56,text,true,,1864,150,140,140,http://localhost:5000/api/product/newProducts/?page=1,139,0,0
1717705210304,139,GetNewProducts,200,OK,Thread Group 1-57,text,true,,1864,150,139,139,http://localhost:5000/api/product/newProducts/?page=1,139,0,0
1717705210305,138,GetNewProducts,200,OK,Thread Group 1-58,text,true,,1864,150,138,138,http://localhost:5000/api/product/newProducts/?page=1,138,0,0
1717705210307,136,GetNewProducts,200,OK,Thread Group 1-59,text,true,,1864,150,137,137,http://localhost:5000/api/product/newProducts/?page=1,136,0,0
1717705210309,135,GetNewProducts,200,OK,Thread Group 1-61,text,true,,1864,150,137,137,http://localhost:5000/api/product/newProducts/?page=1,135,0,1
1717705210310,134,GetNewProducts,200,OK,Thread Group 1-62,text,true,,1864,150,136,136,http://localhost:5000/api/product/newProducts/?page=1,134,0,0
1717705210310,134,GetNewProducts,200,OK,Thread Group 1-60,text,true,,1864,150,135,135,http://localhost:5000/api/product/newProducts/?page=1,134,0,1
1717705210311,133,GetNewProducts,200,OK,Thread Group 1-63,text,true,,1864,150,134,134,http://localhost:5000/api/product/newProducts/?page=1,133,0,1
1717705210312,132,GetNewProducts,200,OK,Thread Group 1-66,text,true,,1864,150,133,133,http://localhost:5000/api/product/newProducts/?page=1,132,0,0
1717705210312,132,GetNewProducts,200,OK,Thread Group 1-64,text,true,,1864,150,133,133,http://localhost:5000/api/product/newProducts/?page=1,132,0,1
1717705210313,132,GetNewProducts,200,OK,Thread Group 1-65,text,true,,1864,150,132,132,http://localhost:5000/api/product/newProducts/?page=1,132,0,0
1717705210316,129,GetNewProducts,200,OK,Thread Group 1-67,text,true,,1864,150,131,131,http://localhost:5000/api/product/newProducts/?page=1,129,0,1
1717705210317,128,GetNewProducts,200,OK,Thread Group 1-68,text,true,,1864,150,131,131,http://localhost:5000/api/product/newProducts/?page=1,128,0,0
1717705210317,128,GetNewProducts,200,OK,Thread Group 1-69,text,true,,1864,150,130,130,http://localhost:5000/api/product/newProducts/?page=1,128,0,0
1717705210318,127,GetNewProducts,200,OK,Thread Group 1-70,text,true,,1864,150,129,129,http://localhost:5000/api/product/newProducts/?page=1,127,0,0
1717705210319,127,GetNewProducts,200,OK,Thread Group 1-71,text,true,,1864,150,128,128,http://localhost:5000/api/product/newProducts/?page=1,127,0,0
1717705210319,127,GetNewProducts,200,OK,Thread Group 1-72,text,true,,1864,150,127,127,http://localhost:5000/api/product/newProducts/?page=1,127,0,1
1717705210323,123,GetNewProducts,200,OK,Thread Group 1-75,text,true,,1864,150,126,126,http://localhost:5000/api/product/newProducts/?page=1,123,0,0
1717705210322,124,GetNewProducts,200,OK,Thread Group 1-74,text,true,,1864,150,125,125,http://localhost:5000/api/product/newProducts/?page=1,124,0,1
1717705210323,123,GetNewProducts,200,OK,Thread Group 1-77,text,true,,1864,150,124,124,http://localhost:5000/api/product/newProducts/?page=1,123,0,0
1717705210325,121,GetNewProducts,200,OK,Thread Group 1-76,text,true,,1864,150,123,123,http://localhost:5000/api/product/newProducts/?page=1,121,0,0
1717705210325,122,GetNewProducts,200,OK,Thread Group 1-73,text,true,,1864,150,123,123,http://localhost:5000/api/product/newProducts/?page=1,122,0,1
1717705210327,120,GetNewProducts,200,OK,Thread Group 1-78,text,true,,1864,150,122,122,http://localhost:5000/api/product/newProducts/?page=1,120,0,0
1717705210328,119,GetNewProducts,200,OK,Thread Group 1-80,text,true,,1864,150,122,122,http://localhost:5000/api/product/newProducts/?page=1,119,0,0
1717705210328,119,GetNewProducts,200,OK,Thread Group 1-79,text,true,,1864,150,121,121,http://localhost:5000/api/product/newProducts/?page=1,119,0,0
1717705210328,119,GetNewProducts,200,OK,Thread Group 1-81,text,true,,1864,150,120,120,http://localhost:5000/api/product/newProducts/?page=1,119,0,1
1717705210330,118,GetNewProducts,200,OK,Thread Group 1-82,text,true,,1864,150,120,120,http://localhost:5000/api/product/newProducts/?page=1,118,0,0
1717705210331,117,GetNewProducts,200,OK,Thread Group 1-83,text,true,,1864,150,119,119,http://localhost:5000/api/product/newProducts/?page=1,117,0,0
1717705210334,114,GetNewProducts,200,OK,Thread Group 1-85,text,true,,1864,150,118,118,http://localhost:5000/api/product/newProducts/?page=1,114,0,0
1717705210334,114,GetNewProducts,200,OK,Thread Group 1-84,text,true,,1864,150,117,117,http://localhost:5000/api/product/newProducts/?page=1,114,0,1
1717705210335,113,GetNewProducts,200,OK,Thread Group 1-87,text,true,,1864,150,116,116,http://localhost:5000/api/product/newProducts/?page=1,113,0,0
1717705210335,113,GetNewProducts,200,OK,Thread Group 1-86,text,true,,1864,150,116,116,http://localhost:5000/api/product/newProducts/?page=1,113,0,0
1717705210336,113,GetNewProducts,200,OK,Thread Group 1-90,text,true,,1864,150,115,115,http://localhost:5000/api/product/newProducts/?page=1,113,0,0
1717705210337,112,GetNewProducts,200,OK,Thread Group 1-88,text,true,,1864,150,114,114,http://localhost:5000/api/product/newProducts/?page=1,112,0,0
1717705210338,111,GetNewProducts,200,OK,Thread Group 1-89,text,true,,1864,150,113,113,http://localhost:5000/api/product/newProducts/?page=1,111,0,0
1717705210340,109,GetNewProducts,200,OK,Thread Group 1-92,text,true,,1864,150,112,112,http://localhost:5000/api/product/newProducts/?page=1,109,0,0
1717705210340,109,GetNewProducts,200,OK,Thread Group 1-91,text,true,,1864,150,111,111,http://localhost:5000/api/product/newProducts/?page=1,109,0,0
1717705210340,110,GetNewProducts,200,OK,Thread Group 1-94,text,true,,1864,150,110,110,http://localhost:5000/api/product/newProducts/?page=1,110,0,0
1717705210341,109,GetNewProducts,200,OK,Thread Group 1-93,text,true,,1864,150,109,109,http://localhost:5000/api/product/newProducts/?page=1,109,0,0
1717705210343,107,GetNewProducts,200,OK,Thread Group 1-95,text,true,,1864,150,108,108,http://localhost:5000/api/product/newProducts/?page=1,107,0,0
1717705210344,106,GetNewProducts,200,OK,Thread Group 1-97,text,true,,1864,150,107,107,http://localhost:5000/api/product/newProducts/?page=1,106,0,1
1717705210344,106,GetNewProducts,200,OK,Thread Group 1-96,text,true,,1864,150,106,106,http://localhost:5000/api/product/newProducts/?page=1,106,0,1
1717705210345,105,GetNewProducts,200,OK,Thread Group 1-100,text,true,,1864,150,105,105,http://localhost:5000/api/product/newProducts/?page=1,105,0,0
1717705210346,104,GetNewProducts,200,OK,Thread Group 1-98,text,true,,1864,150,104,104,http://localhost:5000/api/product/newProducts/?page=1,104,0,0
1717705210347,104,GetNewProducts,200,OK,Thread Group 1-99,text,true,,1864,150,103,103,http://localhost:5000/api/product/newProducts/?page=1,104,0,0
1717705210349,102,GetNewProducts,200,OK,Thread Group 1-101,text,true,,1864,150,102,102,http://localhost:5000/api/product/newProducts/?page=1,102,0,0
1717705210350,101,GetNewProducts,200,OK,Thread Group 1-102,text,true,,1864,150,103,103,http://localhost:5000/api/product/newProducts/?page=1,101,0,1
1717705210351,100,GetNewProducts,200,OK,Thread Group 1-103,text,true,,1864,150,102,102,http://localhost:5000/api/product/newProducts/?page=1,100,0,0
1717705210352,99,GetNewProducts,200,OK,Thread Group 1-104,text,true,,1864,150,101,101,http://localhost:5000/api/product/newProducts/?page=1,99,0,0
1717705210353,98,GetNewProducts,200,OK,Thread Group 1-105,text,true,,1864,150,100,100,http://localhost:5000/api/product/newProducts/?page=1,98,0,0
1717705210354,98,GetNewProducts,200,OK,Thread Group 1-106,text,true,,1864,150,99,99,http://localhost:5000/api/product/newProducts/?page=1,98,0,0
1717705210354,98,GetNewProducts,200,OK,Thread Group 1-107,text,true,,1864,150,98,98,http://localhost:5000/api/product/newProducts/?page=1,98,0,0
1717705210355,97,GetNewProducts,200,OK,Thread Group 1-108,text,true,,1864,150,98,98,http://localhost:5000/api/product/newProducts/?page=1,97,0,0
1717705210356,96,GetNewProducts,200,OK,Thread Group 1-111,text,true,,1864,150,97,97,http://localhost:5000/api/product/newProducts/?page=1,96,0,1
1717705210356,96,GetNewProducts,200,OK,Thread Group 1-109,text,true,,1864,150,96,96,http://localhost:5000/api/product/newProducts/?page=1,96,0,1
1717705210361,92,GetNewProducts,200,OK,Thread Group 1-113,text,true,,1864,150,96,96,http://localhost:5000/api/product/newProducts/?page=1,92,0,0
1717705210359,94,GetNewProducts,200,OK,Thread Group 1-112,text,true,,1864,150,96,96,http://localhost:5000/api/product/newProducts/?page=1,94,0,1
1717705210357,96,GetNewProducts,200,OK,Thread Group 1-110,text,true,,1864,150,96,96,http://localhost:5000/api/product/newProducts/?page=1,96,0,0
1717705210361,117,GetNewProducts,200,OK,Thread Group 1-114,text,true,,1864,150,119,119,http://localhost:5000/api/product/newProducts/?page=1,117,0,1
1717705210362,117,GetNewProducts,200,OK,Thread Group 1-116,text,true,,1864,150,118,118,http://localhost:5000/api/product/newProducts/?page=1,117,0,1
1717705210362,117,GetNewProducts,200,OK,Thread Group 1-115,text,true,,1864,150,117,117,http://localhost:5000/api/product/newProducts/?page=1,117,0,1
1717705210364,115,GetNewProducts,200,OK,Thread Group 1-117,text,true,,1864,150,116,116,http://localhost:5000/api/product/newProducts/?page=1,115,0,0
1717705210364,116,GetNewProducts,200,OK,Thread Group 1-119,text,true,,1864,150,116,116,http://localhost:5000/api/product/newProducts/?page=1,116,0,0
1717705210365,115,GetNewProducts,200,OK,Thread Group 1-118,text,true,,1864,150,115,115,http://localhost:5000/api/product/newProducts/?page=1,115,0,0
1717705210367,113,GetNewProducts,200,OK,Thread Group 1-120,text,true,,1864,150,114,114,http://localhost:5000/api/product/newProducts/?page=1,113,0,1
1717705210368,112,GetNewProducts,200,OK,Thread Group 1-121,text,true,,1864,150,113,113,http://localhost:5000/api/product/newProducts/?page=1,112,0,1
1717705210371,110,GetNewProducts,200,OK,Thread Group 1-122,text,true,,1864,150,113,113,http://localhost:5000/api/product/newProducts/?page=1,110,0,1
1717705210371,110,GetNewProducts,200,OK,Thread Group 1-125,text,true,,1864,150,112,112,http://localhost:5000/api/product/newProducts/?page=1,110,0,1
1717705210372,109,GetNewProducts,200,OK,Thread Group 1-124,text,true,,1864,150,111,111,http://localhost:5000/api/product/newProducts/?page=1,109,0,0
1717705210372,109,GetNewProducts,200,OK,Thread Group 1-123,text,true,,1864,150,110,110,http://localhost:5000/api/product/newProducts/?page=1,109,0,0
1717705210373,109,GetNewProducts,200,OK,Thread Group 1-126,text,true,,1864,150,109,109,http://localhost:5000/api/product/newProducts/?page=1,109,0,0
1717705210374,108,GetNewProducts,200,OK,Thread Group 1-128,text,true,,1864,150,108,108,http://localhost:5000/api/product/newProducts/?page=1,108,0,0
1717705210375,107,GetNewProducts,200,OK,Thread Group 1-129,text,true,,1864,150,108,108,http://localhost:5000/api/product/newProducts/?page=1,107,0,0
1717705210376,106,GetNewProducts,200,OK,Thread Group 1-127,text,true,,1864,150,107,107,http://localhost:5000/api/product/newProducts/?page=1,106,0,0
1717705210377,106,GetNewProducts,200,OK,Thread Group 1-130,text,true,,1864,150,106,106,http://localhost:5000/api/product/newProducts/?page=1,106,0,0
1717705210378,105,GetNewProducts,200,OK,Thread Group 1-131,text,true,,1864,150,105,105,http://localhost:5000/api/product/newProducts/?page=1,105,0,0
1717705210379,104,GetNewProducts,200,OK,Thread Group 1-132,text,true,,1864,150,104,104,http://localhost:5000/api/product/newProducts/?page=1,104,0,0
1717705210380,103,GetNewProducts,200,OK,Thread Group 1-133,text,true,,1864,150,103,103,http://localhost:5000/api/product/newProducts/?page=1,103,0,0
1717705210381,102,GetNewProducts,200,OK,Thread Group 1-134,text,true,,1864,150,102,102,http://localhost:5000/api/product/newProducts/?page=1,102,0,0
1717705210382,101,GetNewProducts,200,OK,Thread Group 1-135,text,true,,1864,150,101,101,http://localhost:5000/api/product/newProducts/?page=1,101,0,0
1717705210384,100,GetNewProducts,200,OK,Thread Group 1-136,text,true,,1864,150,100,100,http://localhost:5000/api/product/newProducts/?page=1,100,0,0
1717705210384,100,GetNewProducts,200,OK,Thread Group 1-137,text,true,,1864,150,99,99,http://localhost:5000/api/product/newProducts/?page=1,100,0,0
1717705210385,99,GetNewProducts,200,OK,Thread Group 1-138,text,true,,1864,150,99,99,http://localhost:5000/api/product/newProducts/?page=1,99,0,0
1717705210386,98,GetNewProducts,200,OK,Thread Group 1-139,text,true,,1864,150,98,98,http://localhost:5000/api/product/newProducts/?page=1,98,0,0
1717705210388,96,GetNewProducts,200,OK,Thread Group 1-141,text,true,,1864,150,97,97,http://localhost:5000/api/product/newProducts/?page=1,96,0,0
1717705210389,96,GetNewProducts,200,OK,Thread Group 1-142,text,true,,1864,150,98,98,http://localhost:5000/api/product/newProducts/?page=1,96,0,0
1717705210389,96,GetNewProducts,200,OK,Thread Group 1-140,text,true,,1864,150,97,97,http://localhost:5000/api/product/newProducts/?page=1,96,0,0
1717705210389,96,GetNewProducts,200,OK,Thread Group 1-144,text,true,,1864,150,96,96,http://localhost:5000/api/product/newProducts/?page=1,96,0,0
1717705210389,96,GetNewProducts,200,OK,Thread Group 1-143,text,true,,1864,150,95,95,http://localhost:5000/api/product/newProducts/?page=1,96,0,1
1717705210391,95,GetNewProducts,200,OK,Thread Group 1-145,text,true,,1864,150,95,95,http://localhost:5000/api/product/newProducts/?page=1,95,0,0
1717705210393,93,GetNewProducts,200,OK,Thread Group 1-149,text,true,,1864,150,94,94,http://localhost:5000/api/product/newProducts/?page=1,93,0,0
1717705210394,92,GetNewProducts,200,OK,Thread Group 1-146,text,true,,1864,150,93,93,http://localhost:5000/api/product/newProducts/?page=1,92,0,0
1717705210395,91,GetNewProducts,200,OK,Thread Group 1-147,text,true,,1864,150,92,92,http://localhost:5000/api/product/newProducts/?page=1,91,0,0
1717705210397,89,GetNewProducts,200,OK,Thread Group 1-148,text,true,,1864,150,91,91,http://localhost:5000/api/product/newProducts/?page=1,89,0,0
1717705210397,89,GetNewProducts,200,OK,Thread Group 1-150,text,true,,1864,150,91,91,http://localhost:5000/api/product/newProducts/?page=1,89,0,0
1717705210398,89,GetNewProducts,200,OK,Thread Group 1-151,text,true,,1864,150,90,90,http://localhost:5000/api/product/newProducts/?page=1,89,0,0
1717705210400,87,GetNewProducts,200,OK,Thread Group 1-152,text,true,,1864,150,89,89,http://localhost:5000/api/product/newProducts/?page=1,87,0,0
1717705210402,85,GetNewProducts,200,OK,Thread Group 1-154,text,true,,1864,150,88,88,http://localhost:5000/api/product/newProducts/?page=1,85,0,0
1717705210402,85,GetNewProducts,200,OK,Thread Group 1-153,text,true,,1864,150,87,87,http://localhost:5000/api/product/newProducts/?page=1,85,0,0
1717705210402,85,GetNewProducts,200,OK,Thread Group 1-158,text,true,,1864,150,86,86,http://localhost:5000/api/product/newProducts/?page=1,85,0,0
1717705210402,85,GetNewProducts,200,OK,Thread Group 1-155,text,true,,1864,150,85,85,http://localhost:5000/api/product/newProducts/?page=1,85,0,1
1717705210404,83,GetNewProducts,200,OK,Thread Group 1-156,text,true,,1864,150,85,85,http://localhost:5000/api/product/newProducts/?page=1,83,0,0
1717705210407,81,GetNewProducts,200,OK,Thread Group 1-159,text,true,,1864,150,84,84,http://localhost:5000/api/product/newProducts/?page=1,81,0,0
1717705210407,81,GetNewProducts,200,OK,Thread Group 1-160,text,true,,1864,150,83,83,http://localhost:5000/api/product/newProducts/?page=1,81,0,0
1717705210407,81,GetNewProducts,200,OK,Thread Group 1-157,text,true,,1864,150,82,82,http://localhost:5000/api/product/newProducts/?page=1,81,0,0
1717705210407,81,GetNewProducts,200,OK,Thread Group 1-162,text,true,,1864,150,81,81,http://localhost:5000/api/product/newProducts/?page=1,81,0,1
1717705210410,79,GetNewProducts,200,OK,Thread Group 1-163,text,true,,1864,150,81,81,http://localhost:5000/api/product/newProducts/?page=1,79,0,0
1717705210412,77,GetNewProducts,200,OK,Thread Group 1-164,text,true,,1864,150,80,80,http://localhost:5000/api/product/newProducts/?page=1,77,0,0
1717705210413,76,GetNewProducts,200,OK,Thread Group 1-161,text,true,,1864,150,79,79,http://localhost:5000/api/product/newProducts/?page=1,76,0,1
1717705210413,76,GetNewProducts,200,OK,Thread Group 1-165,text,true,,1864,150,78,78,http://localhost:5000/api/product/newProducts/?page=1,76,0,1
1717705210414,75,GetNewProducts,200,OK,Thread Group 1-167,text,true,,1864,150,77,77,http://localhost:5000/api/product/newProducts/?page=1,75,0,0
1717705210414,75,GetNewProducts,200,OK,Thread Group 1-166,text,true,,1864,150,77,77,http://localhost:5000/api/product/newProducts/?page=1,75,0,0
1717705210415,75,GetNewProducts,200,OK,Thread Group 1-168,text,true,,1864,150,76,76,http://localhost:5000/api/product/newProducts/?page=1,75,0,0
1717705210419,71,GetNewProducts,200,OK,Thread Group 1-169,text,true,,1864,150,75,75,http://localhost:5000/api/product/newProducts/?page=1,71,0,0
1717705210419,71,GetNewProducts,200,OK,Thread Group 1-171,text,true,,1864,150,75,75,http://localhost:5000/api/product/newProducts/?page=1,71,0,0
1717705210420,70,GetNewProducts,200,OK,Thread Group 1-170,text,true,,1864,150,74,74,http://localhost:5000/api/product/newProducts/?page=1,70,0,0
1717705210420,70,GetNewProducts,200,OK,Thread Group 1-172,text,true,,1864,150,73,73,http://localhost:5000/api/product/newProducts/?page=1,70,0,0
1717705210421,69,GetNewProducts,200,OK,Thread Group 1-175,text,true,,1864,150,72,72,http://localhost:5000/api/product/newProducts/?page=1,69,0,0
1717705210421,70,GetNewProducts,200,OK,Thread Group 1-173,text,true,,1864,150,71,71,http://localhost:5000/api/product/newProducts/?page=1,70,0,0
1717705210422,69,GetNewProducts,200,OK,Thread Group 1-174,text,true,,1864,150,70,70,http://localhost:5000/api/product/newProducts/?page=1,69,0,0
1717705210423,68,GetNewProducts,200,OK,Thread Group 1-178,text,true,,1864,150,70,70,http://localhost:5000/api/product/newProducts/?page=1,68,0,0
1717705210424,86,GetNewProducts,200,OK,Thread Group 1-177,text,true,,1864,150,88,88,http://localhost:5000/api/product/newProducts/?page=1,86,0,0
1717705210424,87,GetNewProducts,200,OK,Thread Group 1-176,text,true,,1864,150,88,88,http://localhost:5000/api/product/newProducts/?page=1,87,0,0
1717705210426,85,GetNewProducts,200,OK,Thread Group 1-179,text,true,,1864,150,87,87,http://localhost:5000/api/product/newProducts/?page=1,85,0,0
1717705210427,84,GetNewProducts,200,OK,Thread Group 1-180,text,true,,1864,150,86,86,http://localhost:5000/api/product/newProducts/?page=1,84,0,0
1717705210428,83,GetNewProducts,200,OK,Thread Group 1-181,text,true,,1864,150,86,86,http://localhost:5000/api/product/newProducts/?page=1,83,0,0
1717705210429,82,GetNewProducts,200,OK,Thread Group 1-182,text,true,,1864,150,85,85,http://localhost:5000/api/product/newProducts/?page=1,82,0,0
1717705210430,81,GetNewProducts,200,OK,Thread Group 1-183,text,true,,1864,150,84,84,http://localhost:5000/api/product/newProducts/?page=1,81,0,0
1717705210430,82,GetNewProducts,200,OK,Thread Group 1-185,text,true,,1864,150,83,83,http://localhost:5000/api/product/newProducts/?page=1,82,0,0
1717705210431,81,GetNewProducts,200,OK,Thread Group 1-184,text,true,,1864,150,82,82,http://localhost:5000/api/product/newProducts/?page=1,81,0,0
1717705210433,79,GetNewProducts,200,OK,Thread Group 1-187,text,true,,1864,150,81,81,http://localhost:5000/api/product/newProducts/?page=1,79,0,1
1717705210433,79,GetNewProducts,200,OK,Thread Group 1-186,text,true,,1864,150,80,80,http://localhost:5000/api/product/newProducts/?page=1,79,0,1
1717705210434,78,GetNewProducts,200,OK,Thread Group 1-188,text,true,,1864,150,79,79,http://localhost:5000/api/product/newProducts/?page=1,78,0,0
1717705210436,76,GetNewProducts,200,OK,Thread Group 1-189,text,true,,1864,150,78,78,http://localhost:5000/api/product/newProducts/?page=1,76,0,0
1717705210437,76,GetNewProducts,200,OK,Thread Group 1-190,text,true,,1864,150,78,78,http://localhost:5000/api/product/newProducts/?page=1,76,0,1
1717705210438,75,GetNewProducts,200,OK,Thread Group 1-191,text,true,,1864,150,77,77,http://localhost:5000/api/product/newProducts/?page=1,75,0,0
1717705210439,74,GetNewProducts,200,OK,Thread Group 1-192,text,true,,1864,150,76,76,http://localhost:5000/api/product/newProducts/?page=1,74,0,0
1717705210439,74,GetNewProducts,200,OK,Thread Group 1-193,text,true,,1864,150,76,76,http://localhost:5000/api/product/newProducts/?page=1,74,0,0
1717705210440,73,GetNewProducts,200,OK,Thread Group 1-194,text,true,,1864,150,75,75,http://localhost:5000/api/product/newProducts/?page=1,73,0,0
1717705210442,71,GetNewProducts,200,OK,Thread Group 1-195,text,true,,1864,150,74,74,http://localhost:5000/api/product/newProducts/?page=1,71,0,1
1717705210444,70,GetNewProducts,200,OK,Thread Group 1-197,text,true,,1864,150,73,73,http://localhost:5000/api/product/newProducts/?page=1,70,0,0
1717705210445,69,GetNewProducts,200,OK,Thread Group 1-198,text,true,,1864,150,72,72,http://localhost:5000/api/product/newProducts/?page=1,69,0,0
1717705210445,69,GetNewProducts,200,OK,Thread Group 1-196,text,true,,1864,150,71,71,http://localhost:5000/api/product/newProducts/?page=1,69,0,0
1717705210447,67,GetNewProducts,200,OK,Thread Group 1-199,text,true,,1864,150,70,70,http://localhost:5000/api/product/newProducts/?page=1,67,0,0
1717705210447,67,GetNewProducts,200,OK,Thread Group 1-202,text,true,,1864,150,69,69,http://localhost:5000/api/product/newProducts/?page=1,67,0,0
1717705210448,66,GetNewProducts,200,OK,Thread Group 1-200,text,true,,1864,150,68,68,http://localhost:5000/api/product/newProducts/?page=1,66,0,0
1717705210449,67,GetNewProducts,200,OK,Thread Group 1-201,text,true,,1864,150,70,70,http://localhost:5000/api/product/newProducts/?page=1,67,0,0
1717705210451,65,GetNewProducts,200,OK,Thread Group 1-203,text,true,,1864,150,70,70,http://localhost:5000/api/product/newProducts/?page=1,65,0,0
1717705210451,66,GetNewProducts,200,OK,Thread Group 1-204,text,true,,1864,150,69,69,http://localhost:5000/api/product/newProducts/?page=1,66,0,0
1717705210452,65,GetNewProducts,200,OK,Thread Group 1-205,text,true,,1864,150,68,68,http://localhost:5000/api/product/newProducts/?page=1,65,0,0
1717705210454,63,GetNewProducts,200,OK,Thread Group 1-206,text,true,,1864,150,67,67,http://localhost:5000/api/product/newProducts/?page=1,63,0,0
1717705210455,62,GetNewProducts,200,OK,Thread Group 1-211,text,true,,1864,150,66,66,http://localhost:5000/api/product/newProducts/?page=1,62,0,0
1717705210456,61,GetNewProducts,200,OK,Thread Group 1-208,text,true,,1864,150,65,65,http://localhost:5000/api/product/newProducts/?page=1,61,0,0
1717705210457,60,GetNewProducts,200,OK,Thread Group 1-207,text,true,,1864,150,64,64,http://localhost:5000/api/product/newProducts/?page=1,60,0,0
1717705210457,61,GetNewProducts,200,OK,Thread Group 1-209,text,true,,1864,150,63,63,http://localhost:5000/api/product/newProducts/?page=1,61,0,0
1717705210457,61,GetNewProducts,200,OK,Thread Group 1-210,text,true,,1864,150,62,62,http://localhost:5000/api/product/newProducts/?page=1,61,0,1
1717705210460,58,GetNewProducts,200,OK,Thread Group 1-213,text,true,,1864,150,61,61,http://localhost:5000/api/product/newProducts/?page=1,58,0,0
1717705210461,57,GetNewProducts,200,OK,Thread Group 1-212,text,true,,1864,150,61,61,http://localhost:5000/api/product/newProducts/?page=1,57,0,0
1717705210461,57,GetNewProducts,200,OK,Thread Group 1-214,text,true,,1864,150,60,60,http://localhost:5000/api/product/newProducts/?page=1,57,0,1
1717705210462,56,GetNewProducts,200,OK,Thread Group 1-215,text,true,,1864,150,59,59,http://localhost:5000/api/product/newProducts/?page=1,56,0,0
1717705210464,76,GetNewProducts,200,OK,Thread Group 1-216,text,true,,1864,150,80,80,http://localhost:5000/api/product/newProducts/?page=1,76,0,0
1717705210465,76,GetNewProducts,200,OK,Thread Group 1-217,text,true,,1864,150,79,79,http://localhost:5000/api/product/newProducts/?page=1,76,0,0
1717705210466,75,GetNewProducts,200,OK,Thread Group 1-219,text,true,,1864,150,78,78,http://localhost:5000/api/product/newProducts/?page=1,75,0,0
1717705210466,75,GetNewProducts,200,OK,Thread Group 1-218,text,true,,1864,150,77,77,http://localhost:5000/api/product/newProducts/?page=1,75,0,0
1717705210468,73,GetNewProducts,200,OK,Thread Group 1-220,text,true,,1864,150,76,76,http://localhost:5000/api/product/newProducts/?page=1,73,0,0
1717705210469,72,GetNewProducts,200,OK,Thread Group 1-221,text,true,,1864,150,76,76,http://localhost:5000/api/product/newProducts/?page=1,72,0,0
1717705210469,73,GetNewProducts,200,OK,Thread Group 1-224,text,true,,1864,150,75,75,http://localhost:5000/api/product/newProducts/?page=1,73,0,0
1717705210470,72,GetNewProducts,200,OK,Thread Group 1-222,text,true,,1864,150,74,74,http://localhost:5000/api/product/newProducts/?page=1,72,0,0
1717705210471,71,GetNewProducts,200,OK,Thread Group 1-223,text,true,,1864,150,73,73,http://localhost:5000/api/product/newProducts/?page=1,71,0,0
1717705210471,71,GetNewProducts,200,OK,Thread Group 1-225,text,true,,1864,150,73,73,http://localhost:5000/api/product/newProducts/?page=1,71,0,1
1717705210472,71,GetNewProducts,200,OK,Thread Group 1-227,text,true,,1864,150,72,72,http://localhost:5000/api/product/newProducts/?page=1,71,0,0
1717705210473,70,GetNewProducts,200,OK,Thread Group 1-226,text,true,,1864,150,71,71,http://localhost:5000/api/product/newProducts/?page=1,70,0,0
1717705210475,68,GetNewProducts,200,OK,Thread Group 1-228,text,true,,1864,150,70,70,http://localhost:5000/api/product/newProducts/?page=1,68,0,0
1717705210476,67,GetNewProducts,200,OK,Thread Group 1-229,text,true,,1864,150,70,70,http://localhost:5000/api/product/newProducts/?page=1,67,0,0
1717705210478,66,GetNewProducts,200,OK,Thread Group 1-230,text,true,,1864,150,69,69,http://localhost:5000/api/product/newProducts/?page=1,66,0,0
1717705210478,66,GetNewProducts,200,OK,Thread Group 1-231,text,true,,1864,150,69,69,http://localhost:5000/api/product/newProducts/?page=1,66,0,0
1717705210479,65,GetNewProducts,200,OK,Thread Group 1-232,text,true,,1864,150,69,69,http://localhost:5000/api/product/newProducts/?page=1,65,0,0
1717705210480,65,GetNewProducts,200,OK,Thread Group 1-233,text,true,,1864,150,68,68,http://localhost:5000/api/product/newProducts/?page=1,65,0,0
1717705210481,64,GetNewProducts,200,OK,Thread Group 1-234,text,true,,1864,150,67,67,http://localhost:5000/api/product/newProducts/?page=1,64,0,0
1717705210482,63,GetNewProducts,200,OK,Thread Group 1-235,text,true,,1864,150,66,66,http://localhost:5000/api/product/newProducts/?page=1,63,0,1
1717705210484,61,GetNewProducts,200,OK,Thread Group 1-236,text,true,,1864,150,66,66,http://localhost:5000/api/product/newProducts/?page=1,61,0,0
1717705210485,61,GetNewProducts,200,OK,Thread Group 1-238,text,true,,1864,150,65,65,http://localhost:5000/api/product/newProducts/?page=1,61,0,0
1717705210485,61,GetNewProducts,200,OK,Thread Group 1-237,text,true,,1864,150,64,64,http://localhost:5000/api/product/newProducts/?page=1,61,0,0
1717705210486,60,GetNewProducts,200,OK,Thread Group 1-239,text,true,,1864,150,63,63,http://localhost:5000/api/product/newProducts/?page=1,60,0,0
1717705210486,60,GetNewProducts,200,OK,Thread Group 1-240,text,true,,1864,150,62,62,http://localhost:5000/api/product/newProducts/?page=1,60,0,1
1717705210488,58,GetNewProducts,200,OK,Thread Group 1-241,text,true,,1864,150,62,62,http://localhost:5000/api/product/newProducts/?page=1,58,0,0
1717705210489,58,GetNewProducts,200,OK,Thread Group 1-242,text,true,,1864,150,61,61,http://localhost:5000/api/product/newProducts/?page=1,58,0,0
1717705210490,57,GetNewProducts,200,OK,Thread Group 1-243,text,true,,1864,150,60,60,http://localhost:5000/api/product/newProducts/?page=1,57,0,0
1717705210490,57,GetNewProducts,200,OK,Thread Group 1-244,text,true,,1864,150,59,59,http://localhost:5000/api/product/newProducts/?page=1,57,0,0
1717705210491,56,GetNewProducts,200,OK,Thread Group 1-245,text,true,,1864,150,58,58,http://localhost:5000/api/product/newProducts/?page=1,56,0,0
1717705210493,55,GetNewProducts,200,OK,Thread Group 1-246,text,true,,1864,150,57,57,http://localhost:5000/api/product/newProducts/?page=1,55,0,0
1717705210493,55,GetNewProducts,200,OK,Thread Group 1-247,text,true,,1864,150,56,56,http://localhost:5000/api/product/newProducts/?page=1,55,0,0
1717705210494,54,GetNewProducts,200,OK,Thread Group 1-248,text,true,,1864,150,55,55,http://localhost:5000/api/product/newProducts/?page=1,54,0,0
1717705210495,53,GetNewProducts,200,OK,Thread Group 1-249,text,true,,1864,150,54,54,http://localhost:5000/api/product/newProducts/?page=1,53,0,1
1717705210496,53,GetNewProducts,200,OK,Thread Group 1-250,text,true,,1864,150,54,54,http://localhost:5000/api/product/newProducts/?page=1,53,0,0
1717705210497,52,GetNewProducts,200,OK,Thread Group 1-251,text,true,,1864,150,53,53,http://localhost:5000/api/product/newProducts/?page=1,52,0,0
1717705210498,51,GetNewProducts,200,OK,Thread Group 1-252,text,true,,1864,150,52,52,http://localhost:5000/api/product/newProducts/?page=1,51,0,0
1717705210499,50,GetNewProducts,200,OK,Thread Group 1-253,text,true,,1864,150,51,51,http://localhost:5000/api/product/newProducts/?page=1,50,0,0
1717705210500,74,GetNewProducts,200,OK,Thread Group 1-254,text,true,,1864,150,75,75,http://localhost:5000/api/product/newProducts/?page=1,74,0,0
1717705210501,73,GetNewProducts,200,OK,Thread Group 1-255,text,true,,1864,150,74,74,http://localhost:5000/api/product/newProducts/?page=1,73,0,0
1717705210502,72,GetNewProducts,200,OK,Thread Group 1-257,text,true,,1864,150,73,73,http://localhost:5000/api/product/newProducts/?page=1,72,0,0
1717705210502,72,GetNewProducts,200,OK,Thread Group 1-256,text,true,,1864,150,72,72,http://localhost:5000/api/product/newProducts/?page=1,72,0,0
1717705210504,71,GetNewProducts,200,OK,Thread Group 1-258,text,true,,1864,150,72,72,http://localhost:5000/api/product/newProducts/?page=1,71,0,0
1717705210505,70,GetNewProducts,200,OK,Thread Group 1-259,text,true,,1864,150,71,71,http://localhost:5000/api/product/newProducts/?page=1,70,0,0
1717705210506,69,GetNewProducts,200,OK,Thread Group 1-260,text,true,,1864,150,70,70,http://localhost:5000/api/product/newProducts/?page=1,69,0,0
1717705210507,68,GetNewProducts,200,OK,Thread Group 1-261,text,true,,1864,150,69,69,http://localhost:5000/api/product/newProducts/?page=1,68,0,0
1717705210508,67,GetNewProducts,200,OK,Thread Group 1-262,text,true,,1864,150,68,68,http://localhost:5000/api/product/newProducts/?page=1,67,0,0
1717705210510,66,GetNewProducts,200,OK,Thread Group 1-263,text,true,,1864,150,68,68,http://localhost:5000/api/product/newProducts/?page=1,66,0,0
1717705210510,66,GetNewProducts,200,OK,Thread Group 1-264,text,true,,1864,150,67,67,http://localhost:5000/api/product/newProducts/?page=1,66,0,0
1717705210511,65,GetNewProducts,200,OK,Thread Group 1-265,text,true,,1864,150,66,66,http://localhost:5000/api/product/newProducts/?page=1,65,0,0
1717705210511,65,GetNewProducts,200,OK,Thread Group 1-266,text,true,,1864,150,65,65,http://localhost:5000/api/product/newProducts/?page=1,65,0,0
1717705210513,63,GetNewProducts,200,OK,Thread Group 1-267,text,true,,1864,150,64,64,http://localhost:5000/api/product/newProducts/?page=1,63,0,0
1717705210513,63,GetNewProducts,200,OK,Thread Group 1-268,text,true,,1864,150,63,63,http://localhost:5000/api/product/newProducts/?page=1,63,0,0
1717705210515,62,GetNewProducts,200,OK,Thread Group 1-270,text,true,,1864,150,63,63,http://localhost:5000/api/product/newProducts/?page=1,62,0,0
1717705210516,61,GetNewProducts,200,OK,Thread Group 1-269,text,true,,1864,150,62,62,http://localhost:5000/api/product/newProducts/?page=1,61,0,1
1717705210516,61,GetNewProducts,200,OK,Thread Group 1-271,text,true,,1864,150,61,61,http://localhost:5000/api/product/newProducts/?page=1,61,0,1
1717705210517,60,GetNewProducts,200,OK,Thread Group 1-272,text,true,,1864,150,60,60,http://localhost:5000/api/product/newProducts/?page=1,60,0,0
1717705210518,59,GetNewProducts,200,OK,Thread Group 1-273,text,true,,1864,150,59,59,http://localhost:5000/api/product/newProducts/?page=1,59,0,0
1717705210520,57,GetNewProducts,200,OK,Thread Group 1-274,text,true,,1864,150,59,59,http://localhost:5000/api/product/newProducts/?page=1,57,0,0
1717705210521,57,GetNewProducts,200,OK,Thread Group 1-275,text,true,,1864,150,58,58,http://localhost:5000/api/product/newProducts/?page=1,57,0,0
1717705210521,57,GetNewProducts,200,OK,Thread Group 1-276,text,true,,1864,150,57,57,http://localhost:5000/api/product/newProducts/?page=1,57,0,0
1717705210523,55,GetNewProducts,200,OK,Thread Group 1-277,text,true,,1864,150,56,56,http://localhost:5000/api/product/newProducts/?page=1,55,0,0
1717705210523,55,GetNewProducts,200,OK,Thread Group 1-278,text,true,,1864,150,55,55,http://localhost:5000/api/product/newProducts/?page=1,55,0,0
1717705210524,54,GetNewProducts,200,OK,Thread Group 1-279,text,true,,1864,150,56,56,http://localhost:5000/api/product/newProducts/?page=1,54,0,0
1717705210525,54,GetNewProducts,200,OK,Thread Group 1-280,text,true,,1864,150,55,55,http://localhost:5000/api/product/newProducts/?page=1,54,0,0
1717705210526,74,GetNewProducts,200,OK,Thread Group 1-281,text,true,,1864,150,75,75,http://localhost:5000/api/product/newProducts/?page=1,74,0,1
1717705210527,73,GetNewProducts,200,OK,Thread Group 1-282,text,true,,1864,150,74,74,http://localhost:5000/api/product/newProducts/?page=1,73,0,0
1717705210528,72,GetNewProducts,200,OK,Thread Group 1-283,text,true,,1864,150,73,73,http://localhost:5000/api/product/newProducts/?page=1,72,0,0
1717705210529,71,GetNewProducts,200,OK,Thread Group 1-284,text,true,,1864,150,72,72,http://localhost:5000/api/product/newProducts/?page=1,71,0,0
1717705210530,71,GetNewProducts,200,OK,Thread Group 1-285,text,true,,1864,150,71,71,http://localhost:5000/api/product/newProducts/?page=1,71,0,0
1717705210531,70,GetNewProducts,200,OK,Thread Group 1-286,text,true,,1864,150,70,70,http://localhost:5000/api/product/newProducts/?page=1,70,0,0
1717705210532,69,GetNewProducts,200,OK,Thread Group 1-287,text,true,,1864,150,69,69,http://localhost:5000/api/product/newProducts/?page=1,69,0,0
1717705210533,68,GetNewProducts,200,OK,Thread Group 1-288,text,true,,1864,150,68,68,http://localhost:5000/api/product/newProducts/?page=1,68,0,0
1717705210534,67,GetNewProducts,200,OK,Thread Group 1-289,text,true,,1864,150,67,67,http://localhost:5000/api/product/newProducts/?page=1,67,0,0
1717705210535,66,GetNewProducts,200,OK,Thread Group 1-290,text,true,,1864,150,67,67,http://localhost:5000/api/product/newProducts/?page=1,66,0,0
1717705210536,66,GetNewProducts,200,OK,Thread Group 1-291,text,true,,1864,150,66,66,http://localhost:5000/api/product/newProducts/?page=1,66,0,0
1717705210589,31,GetNewProducts,200,OK,Thread Group 1-343,text,true,,1864,150,81,81,http://localhost:5000/api/product/newProducts/?page=1,31,0,0
1717705210588,32,GetNewProducts,200,OK,Thread Group 1-342,text,true,,1864,150,81,81,http://localhost:5000/api/product/newProducts/?page=1,32,0,0
1717705210587,33,GetNewProducts,200,OK,Thread Group 1-341,text,true,,1864,150,81,81,http://localhost:5000/api/product/newProducts/?page=1,33,0,0
1717705210585,35,GetNewProducts,200,OK,Thread Group 1-340,text,true,,1864,150,80,80,http://localhost:5000/api/product/newProducts/?page=1,35,0,1
1717705210584,36,GetNewProducts,200,OK,Thread Group 1-339,text,true,,1864,150,80,80,http://localhost:5000/api/product/newProducts/?page=1,36,0,0
1717705210583,37,GetNewProducts,200,OK,Thread Group 1-338,text,true,,1864,150,80,80,http://localhost:5000/api/product/newProducts/?page=1,37,0,0
1717705210582,37,GetNewProducts,200,OK,Thread Group 1-337,text,true,,1864,150,80,80,http://localhost:5000/api/product/newProducts/?page=1,37,0,0
1717705210581,38,GetNewProducts,200,OK,Thread Group 1-336,text,true,,1864,150,80,80,http://localhost:5000/api/product/newProducts/?page=1,38,0,0
1717705210579,40,GetNewProducts,200,OK,Thread Group 1-335,text,true,,1864,150,80,80,http://localhost:5000/api/product/newProducts/?page=1,40,0,0
1717705210579,40,GetNewProducts,200,OK,Thread Group 1-334,text,true,,1864,150,80,80,http://localhost:5000/api/product/newProducts/?page=1,40,0,0
1717705210579,40,GetNewProducts,200,OK,Thread Group 1-333,text,true,,1864,150,80,80,http://localhost:5000/api/product/newProducts/?page=1,40,0,0
1717705210578,41,GetNewProducts,200,OK,Thread Group 1-332,text,true,,1864,150,80,80,http://localhost:5000/api/product/newProducts/?page=1,41,0,0
1717705210577,42,GetNewProducts,200,OK,Thread Group 1-331,text,true,,1864,150,80,80,http://localhost:5000/api/product/newProducts/?page=1,42,0,0
1717705210576,42,GetNewProducts,200,OK,Thread Group 1-330,text,true,,1864,150,80,80,http://localhost:5000/api/product/newProducts/?page=1,42,0,0
1717705210575,43,GetNewProducts,200,OK,Thread Group 1-329,text,true,,1864,150,80,80,http://localhost:5000/api/product/newProducts/?page=1,43,0,0
1717705210573,45,GetNewProducts,200,OK,Thread Group 1-328,text,true,,1864,150,80,80,http://localhost:5000/api/product/newProducts/?page=1,45,0,0
1717705210572,46,GetNewProducts,200,OK,Thread Group 1-327,text,true,,1864,150,80,80,http://localhost:5000/api/product/newProducts/?page=1,46,0,0
1717705210571,47,GetNewProducts,200,OK,Thread Group 1-325,text,true,,1864,150,80,80,http://localhost:5000/api/product/newProducts/?page=1,47,0,1
1717705210571,47,GetNewProducts,200,OK,Thread Group 1-326,text,true,,1864,150,80,80,http://localhost:5000/api/product/newProducts/?page=1,47,0,0
1717705210570,48,GetNewProducts,200,OK,Thread Group 1-324,text,true,,1864,150,80,80,http://localhost:5000/api/product/newProducts/?page=1,48,0,1
1717705210569,49,GetNewProducts,200,OK,Thread Group 1-323,text,true,,1864,150,80,80,http://localhost:5000/api/product/newProducts/?page=1,49,0,0
1717705210568,49,GetNewProducts,200,OK,Thread Group 1-322,text,true,,1864,150,79,79,http://localhost:5000/api/product/newProducts/?page=1,49,0,0
1717705210567,50,GetNewProducts,200,OK,Thread Group 1-321,text,true,,1864,150,79,79,http://localhost:5000/api/product/newProducts/?page=1,50,0,0
1717705210565,52,GetNewProducts,200,OK,Thread Group 1-320,text,true,,1864,150,79,79,http://localhost:5000/api/product/newProducts/?page=1,52,0,1
1717705210565,52,GetNewProducts,200,OK,Thread Group 1-319,text,true,,1864,150,79,79,http://localhost:5000/api/product/newProducts/?page=1,52,0,1
1717705210564,53,GetNewProducts,200,OK,Thread Group 1-318,text,true,,1864,150,79,79,http://localhost:5000/api/product/newProducts/?page=1,53,0,0
1717705210563,54,GetNewProducts,200,OK,Thread Group 1-317,text,true,,1864,150,79,79,http://localhost:5000/api/product/newProducts/?page=1,54,0,0
1717705210562,54,GetNewProducts,200,OK,Thread Group 1-316,text,true,,1864,150,77,77,http://localhost:5000/api/product/newProducts/?page=1,54,0,0
1717705210561,55,GetNewProducts,200,OK,Thread Group 1-315,text,true,,1864,150,77,77,http://localhost:5000/api/product/newProducts/?page=1,55,0,0
1717705210560,56,GetNewProducts,200,OK,Thread Group 1-314,text,true,,1864,150,77,77,http://localhost:5000/api/product/newProducts/?page=1,56,0,0
1717705210558,49,GetNewProducts,200,OK,Thread Group 1-313,text,true,,1864,150,71,71,http://localhost:5000/api/product/newProducts/?page=1,49,0,0
1717705210557,49,GetNewProducts,200,OK,Thread Group 1-312,text,true,,1864,150,70,70,http://localhost:5000/api/product/newProducts/?page=1,49,0,0
1717705210557,49,GetNewProducts,200,OK,Thread Group 1-311,text,true,,1864,150,70,70,http://localhost:5000/api/product/newProducts/?page=1,49,0,0
1717705210556,50,GetNewProducts,200,OK,Thread Group 1-310,text,true,,1864,150,70,70,http://localhost:5000/api/product/newProducts/?page=1,50,0,0
1717705210555,51,GetNewProducts,200,OK,Thread Group 1-309,text,true,,1864,150,70,70,http://localhost:5000/api/product/newProducts/?page=1,50,0,0
1717705210554,51,GetNewProducts,200,OK,Thread Group 1-308,text,true,,1864,150,68,68,http://localhost:5000/api/product/newProducts/?page=1,51,0,1
1717705210552,53,GetNewProducts,200,OK,Thread Group 1-307,text,true,,1864,150,68,68,http://localhost:5000/api/product/newProducts/?page=1,53,0,0
1717705210551,54,GetNewProducts,200,OK,Thread Group 1-306,text,true,,1864,150,68,68,http://localhost:5000/api/product/newProducts/?page=1,54,0,0
1717705210551,54,GetNewProducts,200,OK,Thread Group 1-305,text,true,,1864,150,68,68,http://localhost:5000/api/product/newProducts/?page=1,54,0,0
1717705210550,54,GetNewProducts,200,OK,Thread Group 1-304,text,true,,1864,150,68,68,http://localhost:5000/api/product/newProducts/?page=1,54,0,0
1717705210549,55,GetNewProducts,200,OK,Thread Group 1-303,text,true,,1864,150,67,67,http://localhost:5000/api/product/newProducts/?page=1,55,0,0
1717705210547,57,GetNewProducts,200,OK,Thread Group 1-302,text,true,,1864,150,67,67,http://localhost:5000/api/product/newProducts/?page=1,57,0,0
1717705210546,58,GetNewProducts,200,OK,Thread Group 1-301,text,true,,1864,150,67,67,http://localhost:5000/api/product/newProducts/?page=1,58,0,0
1717705210545,59,GetNewProducts,200,OK,Thread Group 1-300,text,true,,1864,150,67,67,http://localhost:5000/api/product/newProducts/?page=1,59,0,0
1717705210544,59,GetNewProducts,200,OK,Thread Group 1-299,text,true,,1864,150,67,67,http://localhost:5000/api/product/newProducts/?page=1,59,0,0
1717705210544,59,GetNewProducts,200,OK,Thread Group 1-298,text,true,,1864,150,66,66,http://localhost:5000/api/product/newProducts/?page=1,59,0,0
1717705210543,60,GetNewProducts,200,OK,Thread Group 1-297,text,true,,1864,150,66,66,http://localhost:5000/api/product/newProducts/?page=1,60,0,0
1717705210542,61,GetNewProducts,200,OK,Thread Group 1-296,text,true,,1864,150,66,66,http://localhost:5000/api/product/newProducts/?page=1,61,0,0
1717705210540,63,GetNewProducts,200,OK,Thread Group 1-295,text,true,,1864,150,66,66,http://localhost:5000/api/product/newProducts/?page=1,63,0,0
1717705210539,63,GetNewProducts,200,OK,Thread Group 1-294,text,true,,1864,150,66,66,http://localhost:5000/api/product/newProducts/?page=1,63,0,1
1717705210538,64,GetNewProducts,200,OK,Thread Group 1-293,text,true,,1864,150,65,65,http://localhost:5000/api/product/newProducts/?page=1,64,0,1
1717705210537,65,GetNewProducts,200,OK,Thread Group 1-292,text,true,,1864,150,65,65,http://localhost:5000/api/product/newProducts/?page=1,65,0,1
1717705210590,38,GetNewProducts,200,OK,Thread Group 1-344,text,true,,1864,150,37,37,http://localhost:5000/api/product/newProducts/?page=1,38,0,1
1717705210591,38,GetNewProducts,200,OK,Thread Group 1-345,text,true,,1864,150,36,36,http://localhost:5000/api/product/newProducts/?page=1,38,0,0
1717705210591,38,GetNewProducts,200,OK,Thread Group 1-346,text,true,,1864,150,35,35,http://localhost:5000/api/product/newProducts/?page=1,38,0,0
1717705210593,36,GetNewProducts,200,OK,Thread Group 1-347,text,true,,1864,150,34,34,http://localhost:5000/api/product/newProducts/?page=1,36,0,0
1717705210594,35,GetNewProducts,200,OK,Thread Group 1-348,text,true,,1864,150,33,33,http://localhost:5000/api/product/newProducts/?page=1,35,0,0
1717705210595,34,GetNewProducts,200,OK,Thread Group 1-349,text,true,,1864,150,32,32,http://localhost:5000/api/product/newProducts/?page=1,34,0,0
1717705210596,33,GetNewProducts,200,OK,Thread Group 1-350,text,true,,1864,150,32,32,http://localhost:5000/api/product/newProducts/?page=1,33,0,0
1717705210597,33,GetNewProducts,200,OK,Thread Group 1-351,text,true,,1864,150,31,31,http://localhost:5000/api/product/newProducts/?page=1,33,0,0
1717705210598,32,GetNewProducts,200,OK,Thread Group 1-352,text,true,,1864,150,30,30,http://localhost:5000/api/product/newProducts/?page=1,32,0,0
1717705210599,31,GetNewProducts,200,OK,Thread Group 1-354,text,true,,1864,150,29,29,http://localhost:5000/api/product/newProducts/?page=1,31,0,1
1717705210600,30,GetNewProducts,200,OK,Thread Group 1-355,text,true,,1864,150,28,28,http://localhost:5000/api/product/newProducts/?page=1,30,0,0
1717705210599,31,GetNewProducts,200,OK,Thread Group 1-353,text,true,,1864,150,27,27,http://localhost:5000/api/product/newProducts/?page=1,31,0,1
1717705210602,28,GetNewProducts,200,OK,Thread Group 1-356,text,true,,1864,150,26,26,http://localhost:5000/api/product/newProducts/?page=1,28,0,0
1717705210603,27,GetNewProducts,200,OK,Thread Group 1-357,text,true,,1864,150,27,27,http://localhost:5000/api/product/newProducts/?page=1,27,0,0
1717705210604,27,GetNewProducts,200,OK,Thread Group 1-358,text,true,,1864,150,26,26,http://localhost:5000/api/product/newProducts/?page=1,27,0,0
1717705210605,26,GetNewProducts,200,OK,Thread Group 1-359,text,true,,1864,150,25,25,http://localhost:5000/api/product/newProducts/?page=1,26,0,0
1717705210606,25,GetNewProducts,200,OK,Thread Group 1-360,text,true,,1864,150,24,24,http://localhost:5000/api/product/newProducts/?page=1,25,0,0
1717705210606,25,GetNewProducts,200,OK,Thread Group 1-361,text,true,,1864,150,23,23,http://localhost:5000/api/product/newProducts/?page=1,25,0,0
1717705210607,24,GetNewProducts,200,OK,Thread Group 1-362,text,true,,1864,150,22,22,http://localhost:5000/api/product/newProducts/?page=1,24,0,0
1717705210608,23,GetNewProducts,200,OK,Thread Group 1-363,text,true,,1864,150,21,21,http://localhost:5000/api/product/newProducts/?page=1,23,0,0
1717705210611,21,GetNewProducts,200,OK,Thread Group 1-364,text,true,,1864,150,20,20,http://localhost:5000/api/product/newProducts/?page=1,21,0,0
1717705210614,24,GetNewProducts,200,OK,Thread Group 1-367,text,true,,1864,150,25,25,http://localhost:5000/api/product/newProducts/?page=1,24,0,0
1717705210614,24,GetNewProducts,200,OK,Thread Group 1-366,text,true,,1864,150,24,24,http://localhost:5000/api/product/newProducts/?page=1,24,0,0
1717705210614,24,GetNewProducts,200,OK,Thread Group 1-365,text,true,,1864,150,24,24,http://localhost:5000/api/product/newProducts/?page=1,24,0,0
1717705210616,23,GetNewProducts,200,OK,Thread Group 1-369,text,true,,1864,150,23,23,http://localhost:5000/api/product/newProducts/?page=1,23,0,0
1717705210617,22,GetNewProducts,200,OK,Thread Group 1-368,text,true,,1864,150,22,22,http://localhost:5000/api/product/newProducts/?page=1,22,0,0
1717705210617,22,GetNewProducts,200,OK,Thread Group 1-370,text,true,,1864,150,22,22,http://localhost:5000/api/product/newProducts/?page=1,22,0,0
1717705210618,21,GetNewProducts,200,OK,Thread Group 1-371,text,true,,1864,150,21,21,http://localhost:5000/api/product/newProducts/?page=1,21,0,0
1717705210620,19,GetNewProducts,200,OK,Thread Group 1-372,text,true,,1864,150,20,20,http://localhost:5000/api/product/newProducts/?page=1,19,0,0
1717705210620,20,GetNewProducts,200,OK,Thread Group 1-374,text,true,,1864,150,19,19,http://localhost:5000/api/product/newProducts/?page=1,20,0,1
1717705210621,19,GetNewProducts,200,OK,Thread Group 1-373,text,true,,1864,150,18,18,http://localhost:5000/api/product/newProducts/?page=1,19,0,0
1717705210622,18,GetNewProducts,200,OK,Thread Group 1-375,text,true,,1864,150,18,18,http://localhost:5000/api/product/newProducts/?page=1,18,0,1
1717705210625,20,GetNewProducts,200,OK,Thread Group 1-376,text,true,,1864,150,22,22,http://localhost:5000/api/product/newProducts/?page=1,20,0,0
1717705210626,19,GetNewProducts,200,OK,Thread Group 1-378,text,true,,1864,150,21,21,http://localhost:5000/api/product/newProducts/?page=1,19,0,0
1717705210628,17,GetNewProducts,200,OK,Thread Group 1-380,text,true,,1864,150,20,20,http://localhost:5000/api/product/newProducts/?page=1,17,0,0
1717705210629,16,GetNewProducts,200,OK,Thread Group 1-379,text,true,,1864,150,19,19,http://localhost:5000/api/product/newProducts/?page=1,16,0,0
1717705210629,16,GetNewProducts,200,OK,Thread Group 1-381,text,true,,1864,150,19,19,http://localhost:5000/api/product/newProducts/?page=1,16,0,0
1717705210630,16,GetNewProducts,200,OK,Thread Group 1-382,text,true,,1864,150,18,18,http://localhost:5000/api/product/newProducts/?page=1,16,0,0
1717705210631,15,GetNewProducts,200,OK,Thread Group 1-383,text,true,,1864,150,17,17,http://localhost:5000/api/product/newProducts/?page=1,15,0,0
1717705210631,15,GetNewProducts,200,OK,Thread Group 1-384,text,true,,1864,150,16,16,http://localhost:5000/api/product/newProducts/?page=1,15,0,0
1717705210634,12,GetNewProducts,200,OK,Thread Group 1-386,text,true,,1864,150,15,15,http://localhost:5000/api/product/newProducts/?page=1,12,0,0
1717705210636,14,GetNewProducts,200,OK,Thread Group 1-387,text,true,,1864,150,17,17,http://localhost:5000/api/product/newProducts/?page=1,14,0,0
1717705210637,13,GetNewProducts,200,OK,Thread Group 1-388,text,true,,1864,150,16,16,http://localhost:5000/api/product/newProducts/?page=1,13,0,0
1717705210637,13,GetNewProducts,200,OK,Thread Group 1-385,text,true,,1864,150,15,15,http://localhost:5000/api/product/newProducts/?page=1,13,0,0
1717705210637,13,GetNewProducts,200,OK,Thread Group 1-389,text,true,,1864,150,14,14,http://localhost:5000/api/product/newProducts/?page=1,13,0,0
1717705210638,12,GetNewProducts,200,OK,Thread Group 1-390,text,true,,1864,150,13,13,http://localhost:5000/api/product/newProducts/?page=1,12,0,0
1717705210639,11,GetNewProducts,200,OK,Thread Group 1-377,text,true,,1864,150,12,12,http://localhost:5000/api/product/newProducts/?page=1,11,0,0
1717705210639,11,GetNewProducts,200,OK,Thread Group 1-391,text,true,,1864,150,11,11,http://localhost:5000/api/product/newProducts/?page=1,11,0,0
1717705210640,11,GetNewProducts,200,OK,Thread Group 1-392,text,true,,1864,150,10,10,http://localhost:5000/api/product/newProducts/?page=1,11,0,0
1717705210641,10,GetNewProducts,200,OK,Thread Group 1-393,text,true,,1864,150,9,9,http://localhost:5000/api/product/newProducts/?page=1,10,0,0
1717705210642,9,GetNewProducts,200,OK,Thread Group 1-394,text,true,,1864,150,8,8,http://localhost:5000/api/product/newProducts/?page=1,9,0,0
1717705210643,12,GetNewProducts,200,OK,Thread Group 1-395,text,true,,1864,150,8,8,http://localhost:5000/api/product/newProducts/?page=1,12,0,0
1717705210644,11,GetNewProducts,200,OK,Thread Group 1-396,text,true,,1864,150,7,7,http://localhost:5000/api/product/newProducts/?page=1,11,0,0
1717705210644,11,GetNewProducts,200,OK,Thread Group 1-399,text,true,,1864,150,9,9,http://localhost:5000/api/product/newProducts/?page=1,11,0,0
1717705210646,9,GetNewProducts,200,OK,Thread Group 1-397,text,true,,1864,150,8,8,http://localhost:5000/api/product/newProducts/?page=1,9,0,0
1717705210647,8,GetNewProducts,200,OK,Thread Group 1-402,text,true,,1864,150,7,7,http://localhost:5000/api/product/newProducts/?page=1,8,0,0
1717705210649,8,GetNewProducts,200,OK,Thread Group 1-401,text,true,,1864,150,6,6,http://localhost:5000/api/product/newProducts/?page=1,8,0,0
1717705210649,8,GetNewProducts,200,OK,Thread Group 1-400,text,true,,1864,150,6,6,http://localhost:5000/api/product/newProducts/?page=1,8,0,0
1717705210653,5,GetNewProducts,200,OK,Thread Group 1-403,text,true,,1864,150,5,5,http://localhost:5000/api/product/newProducts/?page=1,5,0,0
1717705210655,3,GetNewProducts,200,OK,Thread Group 1-405,text,true,,1864,150,5,5,http://localhost:5000/api/product/newProducts/?page=1,3,0,1
1717705210655,4,GetNewProducts,200,OK,Thread Group 1-404,text,true,,1864,150,4,4,http://localhost:5000/api/product/newProducts/?page=1,4,0,1
1717705210655,4,GetNewProducts,200,OK,Thread Group 1-398,text,true,,1864,150,3,3,http://localhost:5000/api/product/newProducts/?page=1,4,0,1
1717705210658,2,GetNewProducts,200,OK,Thread Group 1-406,text,true,,1864,150,2,2,http://localhost:5000/api/product/newProducts/?page=1,2,0,0
1717705210659,1,GetNewProducts,200,OK,Thread Group 1-408,text,true,,1864,150,1,1,http://localhost:5000/api/product/newProducts/?page=1,1,0,0
1717705210661,1,GetNewProducts,200,OK,Thread Group 1-409,text,true,,1864,150,1,1,http://localhost:5000/api/product/newProducts/?page=1,1,0,0
1717705210664,2,GetNewProducts,200,OK,Thread Group 1-412,text,true,,1864,150,3,3,http://localhost:5000/api/product/newProducts/?page=1,2,0,0
1717705210665,2,GetNewProducts,200,OK,Thread Group 1-419,text,true,,1864,150,6,6,http://localhost:5000/api/product/newProducts/?page=1,2,0,0
1717705210665,4,GetNewProducts,200,OK,Thread Group 1-413,text,true,,1864,150,5,5,http://localhost:5000/api/product/newProducts/?page=1,4,0,0
1717705210666,3,GetNewProducts,200,OK,Thread Group 1-421,text,true,,1864,150,4,4,http://localhost:5000/api/product/newProducts/?page=1,3,0,0
1717705210666,3,GetNewProducts,200,OK,Thread Group 1-415,text,true,,1864,150,3,3,http://localhost:5000/api/product/newProducts/?page=1,3,0,0
1717705210667,2,GetNewProducts,200,OK,Thread Group 1-407,text,true,,1864,150,2,2,http://localhost:5000/api/product/newProducts/?page=1,2,0,0
1717705210667,3,GetNewProducts,200,OK,Thread Group 1-411,text,true,,1864,150,1,1,http://localhost:5000/api/product/newProducts/?page=1,3,0,0
1717705210670,2,GetNewProducts,200,OK,Thread Group 1-414,text,true,,1864,150,2,2,http://localhost:5000/api/product/newProducts/?page=1,2,0,0
1717705210670,2,GetNewProducts,200,OK,Thread Group 1-417,text,true,,1864,150,1,1,http://localhost:5000/api/product/newProducts/?page=1,2,0,0
1717705210673,2,GetNewProducts,200,OK,Thread Group 1-418,text,true,,1864,150,3,3,http://localhost:5000/api/product/newProducts/?page=1,2,0,0
1717705210673,2,GetNewProducts,200,OK,Thread Group 1-410,text,true,,1864,150,2,2,http://localhost:5000/api/product/newProducts/?page=1,2,0,1
1717705210674,2,GetNewProducts,200,OK,Thread Group 1-420,text,true,,1864,150,1,1,http://localhost:5000/api/product/newProducts/?page=1,2,0,0
1717705210676,2,GetNewProducts,200,OK,Thread Group 1-422,text,true,,1864,150,2,2,http://localhost:5000/api/product/newProducts/?page=1,2,0,0
1717705210676,2,GetNewProducts,200,OK,Thread Group 1-416,text,true,,1864,150,1,1,http://localhost:5000/api/product/newProducts/?page=1,2,0,0
1717705210679,1,GetNewProducts,200,OK,Thread Group 1-424,text,true,,1864,150,2,2,http://localhost:5000/api/product/newProducts/?page=1,1,0,0
1717705210680,2,GetNewProducts,200,OK,Thread Group 1-425,text,true,,1864,150,2,2,http://localhost:5000/api/product/newProducts/?page=1,2,0,0
1717705210682,1,GetNewProducts,200,OK,Thread Group 1-426,text,true,,1864,150,4,4,http://localhost:5000/api/product/newProducts/?page=1,1,0,0
1717705210682,2,GetNewProducts,200,OK,Thread Group 1-427,text,true,,1864,150,3,3,http://localhost:5000/api/product/newProducts/?page=1,2,0,0
1717705210683,2,GetNewProducts,200,OK,Thread Group 1-428,text,true,,1864,150,2,2,http://localhost:5000/api/product/newProducts/?page=1,2,0,0
1717705210683,2,GetNewProducts,200,OK,Thread Group 1-429,text,true,,1864,150,2,2,http://localhost:5000/api/product/newProducts/?page=1,2,0,0
1717705210685,1,GetNewProducts,200,OK,Thread Group 1-423,text,true,,1864,150,2,2,http://localhost:5000/api/product/newProducts/?page=1,1,0,0
1717705210686,2,GetNewProducts,200,OK,Thread Group 1-431,text,true,,1864,150,3,3,http://localhost:5000/api/product/newProducts/?page=1,2,0,0
1717705210687,1,GetNewProducts,200,OK,Thread Group 1-432,text,true,,1864,150,2,2,http://localhost:5000/api/product/newProducts/?page=1,1,0,0
1717705210688,1,GetNewProducts,200,OK,Thread Group 1-433,text,true,,1864,150,2,2,http://localhost:5000/api/product/newProducts/?page=1,1,0,0
1717705210689,1,GetNewProducts,200,OK,Thread Group 1-434,text,true,,1864,150,1,1,http://localhost:5000/api/product/newProducts/?page=1,1,0,0
1717705210691,2,GetNewProducts,200,OK,Thread Group 1-436,text,true,,1864,150,4,4,http://localhost:5000/api/product/newProducts/?page=1,2,0,0
1717705210691,2,GetNewProducts,200,OK,Thread Group 1-445,text,true,,1864,150,4,4,http://localhost:5000/api/product/newProducts/?page=1,2,0,1
1717705210692,2,GetNewProducts,200,OK,Thread Group 1-437,text,true,,1864,150,4,4,http://localhost:5000/api/product/newProducts/?page=1,2,0,0
1717705210692,3,GetNewProducts,200,OK,Thread Group 1-438,text,true,,1864,150,3,3,http://localhost:5000/api/product/newProducts/?page=1,3,0,0
1717705210693,2,GetNewProducts,200,OK,Thread Group 1-439,text,true,,1864,150,2,2,http://localhost:5000/api/product/newProducts/?page=1,2,0,0
1717705210695,6,GetNewProducts,200,OK,Thread Group 1-430,text,true,,1864,150,7,7,http://localhost:5000/api/product/newProducts/?page=1,6,0,0
1717705210696,5,GetNewProducts,200,OK,Thread Group 1-440,text,true,,1864,150,6,6,http://localhost:5000/api/product/newProducts/?page=1,5,0,0
1717705210696,5,GetNewProducts,200,OK,Thread Group 1-441,text,true,,1864,150,5,5,http://localhost:5000/api/product/newProducts/?page=1,5,0,0
1717705210697,5,GetNewProducts,200,OK,Thread Group 1-442,text,true,,1864,150,5,5,http://localhost:5000/api/product/newProducts/?page=1,5,0,0
1717705210698,4,GetNewProducts,200,OK,Thread Group 1-443,text,true,,1864,150,4,4,http://localhost:5000/api/product/newProducts/?page=1,4,0,0
1717705210699,4,GetNewProducts,200,OK,Thread Group 1-444,text,true,,1864,150,3,3,http://localhost:5000/api/product/newProducts/?page=1,4,0,0
1717705210701,3,GetNewProducts,200,OK,Thread Group 1-446,text,true,,1864,150,2,2,http://localhost:5000/api/product/newProducts/?page=1,3,0,0
1717705210702,2,GetNewProducts,200,OK,Thread Group 1-447,text,true,,1864,150,3,3,http://localhost:5000/api/product/newProducts/?page=1,2,0,0
1717705210704,3,GetNewProducts,200,OK,Thread Group 1-448,text,true,,1864,150,3,3,http://localhost:5000/api/product/newProducts/?page=1,3,0,1
1717705210704,3,GetNewProducts,200,OK,Thread Group 1-450,text,true,,1864,150,2,2,http://localhost:5000/api/product/newProducts/?page=1,3,0,1
1717705210706,1,GetNewProducts,200,OK,Thread Group 1-451,text,true,,1864,150,1,1,http://localhost:5000/api/product/newProducts/?page=1,1,0,0
1717705210708,2,GetNewProducts,200,OK,Thread Group 1-452,text,true,,1864,150,3,3,http://localhost:5000/api/product/newProducts/?page=1,2,0,0
1717705210709,2,GetNewProducts,200,OK,Thread Group 1-453,text,true,,1864,150,3,3,http://localhost:5000/api/product/newProducts/?page=1,2,0,0
1717705210709,3,GetNewProducts,200,OK,Thread Group 1-435,text,true,,1864,150,3,3,http://localhost:5000/api/product/newProducts/?page=1,3,0,0
1717705210711,1,GetNewProducts,200,OK,Thread Group 1-454,text,true,,1864,150,2,2,http://localhost:5000/api/product/newProducts/?page=1,1,0,0
1717705210712,1,GetNewProducts,200,OK,Thread Group 1-455,text,true,,1864,150,2,2,http://localhost:5000/api/product/newProducts/?page=1,1,0,0
1717705210713,1,GetNewProducts,200,OK,Thread Group 1-457,text,true,,1864,150,2,2,http://localhost:5000/api/product/newProducts/?page=1,1,0,0
1717705210714,1,GetNewProducts,200,OK,Thread Group 1-459,text,true,,1864,150,4,4,http://localhost:5000/api/product/newProducts/?page=1,1,0,0
1717705210714,3,GetNewProducts,200,OK,Thread Group 1-449,text,true,,1864,150,5,5,http://localhost:5000/api/product/newProducts/?page=1,3,0,0
1717705210715,2,GetNewProducts,200,OK,Thread Group 1-458,text,true,,1864,150,4,4,http://localhost:5000/api/product/newProducts/?page=1,2,0,0
1717705210715,3,GetNewProducts,200,OK,Thread Group 1-460,text,true,,1864,150,3,3,http://localhost:5000/api/product/newProducts/?page=1,3,0,0
1717705210716,2,GetNewProducts,200,OK,Thread Group 1-461,text,true,,1864,150,2,2,http://localhost:5000/api/product/newProducts/?page=1,2,0,0
1717705210716,2,GetNewProducts,200,OK,Thread Group 1-462,text,true,,1864,150,1,1,http://localhost:5000/api/product/newProducts/?page=1,2,0,0
1717705210718,1,GetNewProducts,200,OK,Thread Group 1-464,text,true,,1864,150,1,1,http://localhost:5000/api/product/newProducts/?page=1,1,0,0
1717705210720,1,GetNewProducts,200,OK,Thread Group 1-473,text,true,,1864,150,2,2,http://localhost:5000/api/product/newProducts/?page=1,1,0,0
1717705210720,1,GetNewProducts,200,OK,Thread Group 1-465,text,true,,1864,150,2,2,http://localhost:5000/api/product/newProducts/?page=1,1,0,0
1717705210722,1,GetNewProducts,200,OK,Thread Group 1-456,text,true,,1864,150,4,4,http://localhost:5000/api/product/newProducts/?page=1,1,0,0
1717705210722,2,GetNewProducts,200,OK,Thread Group 1-466,text,true,,1864,150,4,4,http://localhost:5000/api/product/newProducts/?page=1,2,0,0
1717705210723,2,GetNewProducts,200,OK,Thread Group 1-467,text,true,,1864,150,3,3,http://localhost:5000/api/product/newProducts/?page=1,2,0,0
1717705210723,2,GetNewProducts,200,OK,Thread Group 1-468,text,true,,1864,150,3,3,http://localhost:5000/api/product/newProducts/?page=1,2,0,0
1717705210724,2,GetNewProducts,200,OK,Thread Group 1-469,text,true,,1864,150,2,2,http://localhost:5000/api/product/newProducts/?page=1,2,0,0
1717705210726,2,GetNewProducts,200,OK,Thread Group 1-470,text,true,,1864,150,2,2,http://localhost:5000/api/product/newProducts/?page=1,2,0,0
1717705210727,1,GetNewProducts,200,OK,Thread Group 1-471,text,true,,1864,150,1,1,http://localhost:5000/api/product/newProducts/?page=1,1,0,0
1717705210729,3,GetNewProducts,200,OK,Thread Group 1-463,text,true,,1864,150,4,4,http://localhost:5000/api/product/newProducts/?page=1,3,0,0
1717705210730,2,GetNewProducts,200,OK,Thread Group 1-474,text,true,,1864,150,3,3,http://localhost:5000/api/product/newProducts/?page=1,2,0,0
1717705210731,2,GetNewProducts,200,OK,Thread Group 1-475,text,true,,1864,150,3,3,http://localhost:5000/api/product/newProducts/?page=1,2,0,0
1717705210732,2,GetNewProducts,200,OK,Thread Group 1-476,text,true,,1864,150,4,4,http://localhost:5000/api/product/newProducts/?page=1,2,0,0
1717705210733,2,GetNewProducts,200,OK,Thread Group 1-477,text,true,,1864,150,4,4,http://localhost:5000/api/product/newProducts/?page=1,2,0,0
1717705210734,3,GetNewProducts,200,OK,Thread Group 1-479,text,true,,1864,150,5,5,http://localhost:5000/api/product/newProducts/?page=1,3,0,0
1717705210734,4,GetNewProducts,200,OK,Thread Group 1-478,text,true,,1864,150,4,4,http://localhost:5000/api/product/newProducts/?page=1,4,0,1
1717705210735,3,GetNewProducts,200,OK,Thread Group 1-480,text,true,,1864,150,4,4,http://localhost:5000/api/product/newProducts/?page=1,3,0,0
1717705210736,2,GetNewProducts,200,OK,Thread Group 1-472,text,true,,1864,150,3,3,http://localhost:5000/api/product/newProducts/?page=1,2,0,0
1717705210736,2,GetNewProducts,200,OK,Thread Group 1-481,text,true,,1864,150,3,3,http://localhost:5000/api/product/newProducts/?page=1,2,0,0
1717705210738,2,GetNewProducts,200,OK,Thread Group 1-482,text,true,,1864,150,4,4,http://localhost:5000/api/product/newProducts/?page=1,2,0,0
1717705210739,2,GetNewProducts,200,OK,Thread Group 1-484,text,true,,1864,150,3,3,http://localhost:5000/api/product/newProducts/?page=1,2,0,0
1717705210740,2,GetNewProducts,200,OK,Thread Group 1-483,text,true,,1864,150,2,2,http://localhost:5000/api/product/newProducts/?page=1,2,0,0
1717705210740,2,GetNewProducts,200,OK,Thread Group 1-485,text,true,,1864,150,1,1,http://localhost:5000/api/product/newProducts/?page=1,2,0,0
1717705210743,2,GetNewProducts,200,OK,Thread Group 1-488,text,true,,1864,150,5,5,http://localhost:5000/api/product/newProducts/?page=1,2,0,0
1717705210743,3,GetNewProducts,200,OK,Thread Group 1-486,text,true,,1864,150,4,4,http://localhost:5000/api/product/newProducts/?page=1,3,0,0
1717705210744,2,GetNewProducts,200,OK,Thread Group 1-489,text,true,,1864,150,3,3,http://localhost:5000/api/product/newProducts/?page=1,2,0,0
1717705210744,3,GetNewProducts,200,OK,Thread Group 1-487,text,true,,1864,150,4,4,http://localhost:5000/api/product/newProducts/?page=1,3,0,0
1717705210745,2,GetNewProducts,200,OK,Thread Group 1-500,text,true,,1864,150,4,4,http://localhost:5000/api/product/newProducts/?page=1,2,0,0
1717705210747,2,GetNewProducts,200,OK,Thread Group 1-492,text,true,,1864,150,5,5,http://localhost:5000/api/product/newProducts/?page=1,2,0,0
1717705210747,2,GetNewProducts,200,OK,Thread Group 1-490,text,true,,1864,150,5,5,http://localhost:5000/api/product/newProducts/?page=1,2,0,0
1717705210747,3,GetNewProducts,200,OK,Thread Group 1-491,text,true,,1864,150,4,4,http://localhost:5000/api/product/newProducts/?page=1,3,0,0
1717705210747,3,GetNewProducts,200,OK,Thread Group 1-493,text,true,,1864,150,3,3,http://localhost:5000/api/product/newProducts/?page=1,3,0,1
1717705210748,3,GetNewProducts,200,OK,Thread Group 1-494,text,true,,1864,150,5,5,http://localhost:5000/api/product/newProducts/?page=1,3,0,0
1717705210750,2,GetNewProducts,200,OK,Thread Group 1-505,text,true,,1864,150,5,5,http://localhost:5000/api/product/newProducts/?page=1,2,0,0
1717705210751,3,GetNewProducts,200,OK,Thread Group 1-498,text,true,,1864,150,5,5,http://localhost:5000/api/product/newProducts/?page=1,3,0,1
1717705210751,3,GetNewProducts,200,OK,Thread Group 1-497,text,true,,1864,150,4,4,http://localhost:5000/api/product/newProducts/?page=1,3,0,0
1717705210751,3,GetNewProducts,200,OK,Thread Group 1-496,text,true,,1864,150,3,3,http://localhost:5000/api/product/newProducts/?page=1,3,0,1
1717705210752,2,GetNewProducts,200,OK,Thread Group 1-495,text,true,,1864,150,2,2,http://localhost:5000/api/product/newProducts/?page=1,2,0,0
1717705210753,2,GetNewProducts,200,OK,Thread Group 1-499,text,true,,1864,150,1,1,http://localhost:5000/api/product/newProducts/?page=1,2,0,0
1717705210756,1,GetNewProducts,200,OK,Thread Group 1-502,text,true,,1864,150,3,3,http://localhost:5000/api/product/newProducts/?page=1,1,0,0
1717705210756,2,GetNewProducts,200,OK,Thread Group 1-501,text,true,,1864,150,3,3,http://localhost:5000/api/product/newProducts/?page=1,2,0,0
1717705210756,2,GetNewProducts,200,OK,Thread Group 1-503,text,true,,1864,150,2,2,http://localhost:5000/api/product/newProducts/?page=1,2,0,1
1717705210758,2,GetNewProducts,200,OK,Thread Group 1-504,text,true,,1864,150,1,1,http://localhost:5000/api/product/newProducts/?page=1,2,0,0
1717705210760,1,GetNewProducts,200,OK,Thread Group 1-506,text,true,,1864,150,1,1,http://localhost:5000/api/product/newProducts/?page=1,1,0,0
1717705210762,1,GetNewProducts,200,OK,Thread Group 1-507,text,true,,1864,150,1,1,http://localhost:5000/api/product/newProducts/?page=1,1,0,0
1717705210764,1,GetNewProducts,200,OK,Thread Group 1-508,text,true,,1864,150,3,3,http://localhost:5000/api/product/newProducts/?page=1,1,0,0
1717705210764,1,GetNewProducts,200,OK,Thread Group 1-509,text,true,,1864,150,2,2,http://localhost:5000/api/product/newProducts/?page=1,1,0,0
1717705210765,2,GetNewProducts,200,OK,Thread Group 1-510,text,true,,1864,150,3,3,http://localhost:5000/api/product/newProducts/?page=1,2,0,0
1717705210766,2,GetNewProducts,200,OK,Thread Group 1-522,text,true,,1864,150,3,3,http://localhost:5000/api/product/newProducts/?page=1,2,0,0
1717705210766,2,GetNewProducts,200,OK,Thread Group 1-511,text,true,,1864,150,3,3,http://localhost:5000/api/product/newProducts/?page=1,2,0,1
1717705210768,1,GetNewProducts,200,OK,Thread Group 1-512,text,true,,1864,150,3,3,http://localhost:5000/api/product/newProducts/?page=1,1,0,0
1717705210768,2,GetNewProducts,200,OK,Thread Group 1-514,text,true,,1864,150,3,3,http://localhost:5000/api/product/newProducts/?page=1,2,0,0
1717705210768,3,GetNewProducts,200,OK,Thread Group 1-513,text,true,,1864,150,4,4,http://localhost:5000/api/product/newProducts/?page=1,3,0,1
1717705210770,2,GetNewProducts,200,OK,Thread Group 1-515,text,true,,1864,150,4,4,http://localhost:5000/api/product/newProducts/?page=1,2,0,0
1717705210771,2,GetNewProducts,200,OK,Thread Group 1-526,text,true,,1864,150,3,3,http://localhost:5000/api/product/newProducts/?page=1,2,0,0
1717705210771,2,GetNewProducts,200,OK,Thread Group 1-516,text,true,,1864,150,2,2,http://localhost:5000/api/product/newProducts/?page=1,2,0,0
1717705210772,1,GetNewProducts,200,OK,Thread Group 1-517,text,true,,1864,150,2,2,http://localhost:5000/api/product/newProducts/?page=1,1,0,0
1717705210773,2,GetNewProducts,200,OK,Thread Group 1-518,text,true,,1864,150,2,2,http://localhost:5000/api/product/newProducts/?page=1,2,0,0
1717705210775,1,GetNewProducts,200,OK,Thread Group 1-519,text,true,,1864,150,3,3,http://localhost:5000/api/product/newProducts/?page=1,1,0,0
1717705210775,2,GetNewProducts,200,OK,Thread Group 1-520,text,true,,1864,150,2,2,http://localhost:5000/api/product/newProducts/?page=1,2,0,0
1717705210775,2,GetNewProducts,200,OK,Thread Group 1-521,text,true,,1864,150,1,1,http://localhost:5000/api/product/newProducts/?page=1,2,0,0
1717705210778,1,GetNewProducts,200,OK,Thread Group 1-523,text,true,,1864,150,2,2,http://localhost:5000/api/product/newProducts/?page=1,1,0,0
1717705210779,1,GetNewProducts,200,OK,Thread Group 1-524,text,true,,1864,150,2,2,http://localhost:5000/api/product/newProducts/?page=1,1,0,0
1717705210780,1,GetNewProducts,200,OK,Thread Group 1-525,text,true,,1864,150,1,1,http://localhost:5000/api/product/newProducts/?page=1,1,0,0
1717705210783,1,GetNewProducts,200,OK,Thread Group 1-527,text,true,,1864,150,4,4,http://localhost:5000/api/product/newProducts/?page=1,1,0,0
1717705210783,1,GetNewProducts,200,OK,Thread Group 1-528,text,true,,1864,150,3,3,http://localhost:5000/api/product/newProducts/?page=1,1,0,0
1717705210784,2,GetNewProducts,200,OK,Thread Group 1-529,text,true,,1864,150,3,3,http://localhost:5000/api/product/newProducts/?page=1,2,0,0
1717705210784,2,GetNewProducts,200,OK,Thread Group 1-530,text,true,,1864,150,2,2,http://localhost:5000/api/product/newProducts/?page=1,2,0,0
1717705210786,2,GetNewProducts,200,OK,Thread Group 1-531,text,true,,1864,150,4,4,http://localhost:5000/api/product/newProducts/?page=1,2,0,0
1717705210787,2,GetNewProducts,200,OK,Thread Group 1-532,text,true,,1864,150,3,3,http://localhost:5000/api/product/newProducts/?page=1,2,0,0
1717705210787,2,GetNewProducts,200,OK,Thread Group 1-542,text,true,,1864,150,2,2,http://localhost:5000/api/product/newProducts/?page=1,2,0,0
1717705210788,1,GetNewProducts,200,OK,Thread Group 1-533,text,true,,1864,150,3,3,http://localhost:5000/api/product/newProducts/?page=1,1,0,0
1717705210789,2,GetNewProducts,200,OK,Thread Group 1-545,text,true,,1864,150,4,4,http://localhost:5000/api/product/newProducts/?page=1,2,0,0
1717705210789,2,GetNewProducts,200,OK,Thread Group 1-534,text,true,,1864,150,3,3,http://localhost:5000/api/product/newProducts/?page=1,2,0,0
1717705210790,1,GetNewProducts,200,OK,Thread Group 1-535,text,true,,1864,150,2,2,http://localhost:5000/api/product/newProducts/?page=1,1,0,0
1717705210791,2,GetNewProducts,200,OK,Thread Group 1-536,text,true,,1864,150,2,2,http://localhost:5000/api/product/newProducts/?page=1,2,0,0
1717705210793,2,GetNewProducts,200,OK,Thread Group 1-538,text,true,,1864,150,4,4,http://localhost:5000/api/product/newProducts/?page=1,2,0,0
1717705210794,2,GetNewProducts,200,OK,Thread Group 1-539,text,true,,1864,150,3,3,http://localhost:5000/api/product/newProducts/?page=1,2,0,0
1717705210794,2,GetNewProducts,200,OK,Thread Group 1-549,text,true,,1864,150,3,3,http://localhost:5000/api/product/newProducts/?page=1,2,0,0
1717705210795,1,GetNewProducts,200,OK,Thread Group 1-540,text,true,,1864,150,2,2,http://localhost:5000/api/product/newProducts/?page=1,1,0,0
1717705210796,2,GetNewProducts,200,OK,Thread Group 1-541,text,true,,1864,150,1,1,http://localhost:5000/api/product/newProducts/?page=1,2,0,0
1717705210799,1,GetNewProducts,200,OK,Thread Group 1-543,text,true,,1864,150,5,5,http://localhost:5000/api/product/newProducts/?page=1,1,0,0
1717705210799,2,GetNewProducts,200,OK,Thread Group 1-544,text,true,,1864,150,4,4,http://localhost:5000/api/product/newProducts/?page=1,2,0,0
1717705210800,3,GetNewProducts,200,OK,Thread Group 1-555,text,true,,1864,150,5,5,http://localhost:5000/api/product/newProducts/?page=1,3,0,0
1717705210801,2,GetNewProducts,200,OK,Thread Group 1-537,text,true,,1864,150,4,4,http://localhost:5000/api/product/newProducts/?page=1,2,0,0
1717705210801,2,GetNewProducts,200,OK,Thread Group 1-546,text,true,,1864,150,3,3,http://localhost:5000/api/product/newProducts/?page=1,2,0,0
1717705210801,3,GetNewProducts,200,OK,Thread Group 1-547,text,true,,1864,150,2,2,http://localhost:5000/api/product/newProducts/?page=1,3,0,0
1717705210803,2,GetNewProducts,200,OK,Thread Group 1-548,text,true,,1864,150,1,1,http://localhost:5000/api/product/newProducts/?page=1,2,0,0
1717705210806,1,GetNewProducts,200,OK,Thread Group 1-551,text,true,,1864,150,1,1,http://localhost:5000/api/product/newProducts/?page=1,1,0,0
1717705210808,1,GetNewProducts,200,OK,Thread Group 1-553,text,true,,1864,150,3,3,http://localhost:5000/api/product/newProducts/?page=1,1,0,0
1717705210808,2,GetNewProducts,200,OK,Thread Group 1-552,text,true,,1864,150,2,2,http://localhost:5000/api/product/newProducts/?page=1,2,0,0
1717705210808,2,GetNewProducts,200,OK,Thread Group 1-554,text,true,,1864,150,1,1,http://localhost:5000/api/product/newProducts/?page=1,2,0,0
1717705210811,1,GetNewProducts,200,OK,Thread Group 1-556,text,true,,1864,150,2,2,http://localhost:5000/api/product/newProducts/?page=1,1,0,0
1717705210812,1,GetNewProducts,200,OK,Thread Group 1-557,text,true,,1864,150,3,3,http://localhost:5000/api/product/newProducts/?page=1,1,0,0
1717705210812,2,GetNewProducts,200,OK,Thread Group 1-550,text,true,,1864,150,4,4,http://localhost:5000/api/product/newProducts/?page=1,2,0,0
1717705210813,1,GetNewProducts,200,OK,Thread Group 1-558,text,true,,1864,150,3,3,http://localhost:5000/api/product/newProducts/?page=1,1,0,0
1717705210814,2,GetNewProducts,200,OK,Thread Group 1-560,text,true,,1864,150,3,3,http://localhost:5000/api/product/newProducts/?page=1,2,0,0
1717705210814,2,GetNewProducts,200,OK,Thread Group 1-559,text,true,,1864,150,2,2,http://localhost:5000/api/product/newProducts/?page=1,2,0,0
1717705210815,1,GetNewProducts,200,OK,Thread Group 1-561,text,true,,1864,150,2,2,http://localhost:5000/api/product/newProducts/?page=1,1,0,0
1717705210817,1,GetNewProducts,200,OK,Thread Group 1-562,text,true,,1864,150,2,2,http://localhost:5000/api/product/newProducts/?page=1,1,0,0
1717705210818,1,GetNewProducts,200,OK,Thread Group 1-563,text,true,,1864,150,2,2,http://localhost:5000/api/product/newProducts/?page=1,1,0,0
1717705210818,2,GetNewProducts,200,OK,Thread Group 1-564,text,true,,1864,150,3,3,http://localhost:5000/api/product/newProducts/?page=1,2,0,0
1717705210820,2,GetNewProducts,200,OK,Thread Group 1-565,text,true,,1864,150,5,5,http://localhost:5000/api/product/newProducts/?page=1,2,0,0
1717705210820,3,GetNewProducts,200,OK,Thread Group 1-566,text,true,,1864,150,4,4,http://localhost:5000/api/product/newProducts/?page=1,3,0,0
1717705210821,3,GetNewProducts,200,OK,Thread Group 1-567,text,true,,1864,150,4,4,http://localhost:5000/api/product/newProducts/?page=1,3,0,1
1717705210822,4,GetNewProducts,200,OK,Thread Group 1-568,text,true,,1864,150,4,4,http://localhost:5000/api/product/newProducts/?page=1,4,0,0
1717705210823,3,GetNewProducts,200,OK,Thread Group 1-569,text,true,,1864,150,3,3,http://localhost:5000/api/product/newProducts/?page=1,3,0,0
1717705210824,3,GetNewProducts,200,OK,Thread Group 1-570,text,true,,1864,150,3,3,http://localhost:5000/api/product/newProducts/?page=1,3,0,0
1717705210825,4,GetNewProducts,200,OK,Thread Group 1-571,text,true,,1864,150,5,5,http://localhost:5000/api/product/newProducts/?page=1,4,0,0
1717705210826,3,GetNewProducts,200,OK,Thread Group 1-572,text,true,,1864,150,4,4,http://localhost:5000/api/product/newProducts/?page=1,3,0,0
1717705210827,2,GetNewProducts,200,OK,Thread Group 1-573,text,true,,1864,150,4,4,http://localhost:5000/api/product/newProducts/?page=1,2,0,0
1717705210827,3,GetNewProducts,200,OK,Thread Group 1-574,text,true,,1864,150,3,3,http://localhost:5000/api/product/newProducts/?page=1,3,0,0
1717705210829,3,GetNewProducts,200,OK,Thread Group 1-575,text,true,,1864,150,4,4,http://localhost:5000/api/product/newProducts/?page=1,3,0,0
1717705210830,2,GetNewProducts,200,OK,Thread Group 1-576,text,true,,1864,150,3,3,http://localhost:5000/api/product/newProducts/?page=1,2,0,0
1717705210831,2,GetNewProducts,200,OK,Thread Group 1-577,text,true,,1864,150,2,2,http://localhost:5000/api/product/newProducts/?page=1,2,0,0
1717705210832,1,GetNewProducts,200,OK,Thread Group 1-578,text,true,,1864,150,1,1,http://localhost:5000/api/product/newProducts/?page=1,1,0,0
1717705210834,2,GetNewProducts,200,OK,Thread Group 1-580,text,true,,1864,150,4,4,http://localhost:5000/api/product/newProducts/?page=1,2,0,0
1717705210834,2,GetNewProducts,200,OK,Thread Group 1-579,text,true,,1864,150,3,3,http://localhost:5000/api/product/newProducts/?page=1,2,0,0
1717705210835,3,GetNewProducts,200,OK,Thread Group 1-581,text,true,,1864,150,4,4,http://localhost:5000/api/product/newProducts/?page=1,3,0,1
1717705210836,3,GetNewProducts,200,OK,Thread Group 1-582,text,true,,1864,150,3,3,http://localhost:5000/api/product/newProducts/?page=1,3,0,0
1717705210837,2,GetNewProducts,200,OK,Thread Group 1-583,text,true,,1864,150,3,3,http://localhost:5000/api/product/newProducts/?page=1,2,0,0
1717705210838,1,GetNewProducts,200,OK,Thread Group 1-584,text,true,,1864,150,2,2,http://localhost:5000/api/product/newProducts/?page=1,1,0,0
1717705210839,3,GetNewProducts,200,OK,Thread Group 1-585,text,true,,1864,150,4,4,http://localhost:5000/api/product/newProducts/?page=1,3,0,0
1717705210840,2,GetNewProducts,200,OK,Thread Group 1-586,text,true,,1864,150,3,3,http://localhost:5000/api/product/newProducts/?page=1,2,0,0
1717705210841,2,GetNewProducts,200,OK,Thread Group 1-587,text,true,,1864,150,4,4,http://localhost:5000/api/product/newProducts/?page=1,2,0,0
1717705210842,3,GetNewProducts,200,OK,Thread Group 1-588,text,true,,1864,150,5,5,http://localhost:5000/api/product/newProducts/?page=1,3,0,0
1717705210843,3,GetNewProducts,200,OK,Thread Group 1-589,text,true,,1864,150,5,5,http://localhost:5000/api/product/newProducts/?page=1,3,0,0
1717705210843,4,GetNewProducts,200,OK,Thread Group 1-598,text,true,,1864,150,4,4,http://localhost:5000/api/product/newProducts/?page=1,4,0,0
1717705210844,4,GetNewProducts,200,OK,Thread Group 1-590,text,true,,1864,150,6,6,http://localhost:5000/api/product/newProducts/?page=1,4,0,0
1717705210845,3,GetNewProducts,200,OK,Thread Group 1-591,text,true,,1864,150,5,5,http://localhost:5000/api/product/newProducts/?page=1,3,0,0
1717705210846,5,GetNewProducts,200,OK,Thread Group 1-592,text,true,,1864,150,6,6,http://localhost:5000/api/product/newProducts/?page=1,5,0,0
1717705210847,5,GetNewProducts,200,OK,Thread Group 1-594,text,true,,1864,150,6,6,http://localhost:5000/api/product/newProducts/?page=1,5,0,0
1717705210847,5,GetNewProducts,200,OK,Thread Group 1-593,text,true,,1864,150,5,5,http://localhost:5000/api/product/newProducts/?page=1,5,0,0
1717705210848,4,GetNewProducts,200,OK,Thread Group 1-595,text,true,,1864,150,4,4,http://localhost:5000/api/product/newProducts/?page=1,4,0,0
1717705210849,5,GetNewProducts,200,OK,Thread Group 1-596,text,true,,1864,150,4,4,http://localhost:5000/api/product/newProducts/?page=1,5,0,1
1717705210851,3,GetNewProducts,200,OK,Thread Group 1-597,text,true,,1864,150,3,3,http://localhost:5000/api/product/newProducts/?page=1,3,0,0
1717705210851,4,GetNewProducts,200,OK,Thread Group 1-606,text,true,,1864,150,4,4,http://localhost:5000/api/product/newProducts/?page=1,4,0,0
1717705210853,3,GetNewProducts,200,OK,Thread Group 1-599,text,true,,1864,150,4,4,http://localhost:5000/api/product/newProducts/?page=1,3,0,0
1717705210855,2,GetNewProducts,200,OK,Thread Group 1-600,text,true,,1864,150,4,4,http://localhost:5000/api/product/newProducts/?page=1,2,0,0
1717705210855,2,GetNewProducts,200,OK,Thread Group 1-601,text,true,,1864,150,3,3,http://localhost:5000/api/product/newProducts/?page=1,2,0,0
1717705210855,3,GetNewProducts,200,OK,Thread Group 1-602,text,true,,1864,150,3,3,http://localhost:5000/api/product/newProducts/?page=1,3,0,0
1717705210857,2,GetNewProducts,200,OK,Thread Group 1-603,text,true,,1864,150,4,4,http://localhost:5000/api/product/newProducts/?page=1,2,0,0
1717705210858,5,GetNewProducts,200,OK,Thread Group 1-604,text,true,,1864,150,5,5,http://localhost:5000/api/product/newProducts/?page=1,5,0,0
1717705210859,5,GetNewProducts,200,OK,Thread Group 1-614,text,true,,1864,150,6,6,http://localhost:5000/api/product/newProducts/?page=1,5,0,0
1717705210859,6,GetNewProducts,200,OK,Thread Group 1-605,text,true,,1864,150,5,5,http://localhost:5000/api/product/newProducts/?page=1,6,0,0
1717705210860,6,GetNewProducts,200,OK,Thread Group 1-607,text,true,,1864,150,6,6,http://localhost:5000/api/product/newProducts/?page=1,6,0,0
1717705210861,5,GetNewProducts,200,OK,Thread Group 1-608,text,true,,1864,150,5,5,http://localhost:5000/api/product/newProducts/?page=1,5,0,1
1717705210863,3,GetNewProducts,200,OK,Thread Group 1-610,text,true,,1864,150,4,4,http://localhost:5000/api/product/newProducts/?page=1,3,0,1
1717705210865,2,GetNewProducts,200,OK,Thread Group 1-611,text,true,,1864,150,3,3,http://localhost:5000/api/product/newProducts/?page=1,2,0,0
1717705210865,2,GetNewProducts,200,OK,Thread Group 1-613,text,true,,1864,150,4,4,http://localhost:5000/api/product/newProducts/?page=1,2,0,0
1717705210865,3,GetNewProducts,200,OK,Thread Group 1-612,text,true,,1864,150,3,3,http://localhost:5000/api/product/newProducts/?page=1,3,0,0
1717705210868,1,GetNewProducts,200,OK,Thread Group 1-615,text,true,,1864,150,3,3,http://localhost:5000/api/product/newProducts/?page=1,1,0,0
1717705210868,2,GetNewProducts,200,OK,Thread Group 1-609,text,true,,1864,150,3,3,http://localhost:5000/api/product/newProducts/?page=1,2,0,0
1717705210869,1,GetNewProducts,200,OK,Thread Group 1-616,text,true,,1864,150,2,2,http://localhost:5000/api/product/newProducts/?page=1,1,0,0
1717705210870,2,GetNewProducts,200,OK,Thread Group 1-617,text,true,,1864,150,3,3,http://localhost:5000/api/product/newProducts/?page=1,2,0,0
1717705210871,1,GetNewProducts,200,OK,Thread Group 1-619,text,true,,1864,150,3,3,http://localhost:5000/api/product/newProducts/?page=1,1,0,0
1717705210871,1,GetNewProducts,200,OK,Thread Group 1-618,text,true,,1864,150,2,2,http://localhost:5000/api/product/newProducts/?page=1,1,0,0
1717705210872,2,GetNewProducts,200,OK,Thread Group 1-620,text,true,,1864,150,1,1,http://localhost:5000/api/product/newProducts/?page=1,2,0,0
1717705210874,1,GetNewProducts,200,OK,Thread Group 1-622,text,true,,1864,150,2,2,http://localhost:5000/api/product/newProducts/?page=1,1,0,0
1717705210875,2,GetNewProducts,200,OK,Thread Group 1-623,text,true,,1864,150,3,3,http://localhost:5000/api/product/newProducts/?page=1,2,0,0
1717705210876,2,GetNewProducts,200,OK,Thread Group 1-624,text,true,,1864,150,3,3,http://localhost:5000/api/product/newProducts/?page=1,2,0,0
1717705210877,1,GetNewProducts,200,OK,Thread Group 1-625,text,true,,1864,150,2,2,http://localhost:5000/api/product/newProducts/?page=1,1,0,0
1717705210878,1,GetNewProducts,200,OK,Thread Group 1-626,text,true,,1864,150,3,3,http://localhost:5000/api/product/newProducts/?page=1,1,0,0
1717705210879,1,GetNewProducts,200,OK,Thread Group 1-627,text,true,,1864,150,2,2,http://localhost:5000/api/product/newProducts/?page=1,1,0,0
1717705210879,1,GetNewProducts,200,OK,Thread Group 1-621,text,true,,1864,150,1,1,http://localhost:5000/api/product/newProducts/?page=1,1,0,0
1717705210881,1,GetNewProducts,200,OK,Thread Group 1-628,text,true,,1864,150,3,3,http://localhost:5000/api/product/newProducts/?page=1,1,0,0
1717705210882,1,GetNewProducts,200,OK,Thread Group 1-629,text,true,,1864,150,3,3,http://localhost:5000/api/product/newProducts/?page=1,1,0,0
1717705210882,1,GetNewProducts,200,OK,Thread Group 1-630,text,true,,1864,150,2,2,http://localhost:5000/api/product/newProducts/?page=1,1,0,0
1717705210883,2,GetNewProducts,200,OK,Thread Group 1-631,text,true,,1864,150,1,1,http://localhost:5000/api/product/newProducts/?page=1,2,0,0
1717705210885,2,GetNewProducts,200,OK,Thread Group 1-633,text,true,,1864,150,2,2,http://localhost:5000/api/product/newProducts/?page=1,2,0,0
1717705210886,1,GetNewProducts,200,OK,Thread Group 1-634,text,true,,1864,150,1,1,http://localhost:5000/api/product/newProducts/?page=1,1,0,0
1717705210888,1,GetNewProducts,200,OK,Thread Group 1-635,text,true,,1864,150,4,4,http://localhost:5000/api/product/newProducts/?page=1,1,0,0
1717705210889,2,GetNewProducts,200,OK,Thread Group 1-636,text,true,,1864,150,4,4,http://localhost:5000/api/product/newProducts/?page=1,2,0,0
1717705210889,2,GetNewProducts,200,OK,Thread Group 1-637,text,true,,1864,150,3,3,http://localhost:5000/api/product/newProducts/?page=1,2,0,0
1717705210889,2,GetNewProducts,200,OK,Thread Group 1-632,text,true,,1864,150,2,2,http://localhost:5000/api/product/newProducts/?page=1,2,0,0
1717705210890,2,GetNewProducts,200,OK,Thread Group 1-638,text,true,,1864,150,2,2,http://localhost:5000/api/product/newProducts/?page=1,2,0,0
1717705210892,1,GetNewProducts,200,OK,Thread Group 1-640,text,true,,1864,150,2,2,http://localhost:5000/api/product/newProducts/?page=1,1,0,0
1717705210893,1,GetNewProducts,200,OK,Thread Group 1-641,text,true,,1864,150,2,2,http://localhost:5000/api/product/newProducts/?page=1,1,0,0
1717705210894,1,GetNewProducts,200,OK,Thread Group 1-642,text,true,,1864,150,1,1,http://localhost:5000/api/product/newProducts/?page=1,1,0,0
1717705210895,3,GetNewProducts,200,OK,Thread Group 1-643,text,true,,1864,150,6,6,http://localhost:5000/api/product/newProducts/?page=1,3,0,0
1717705210895,3,GetNewProducts,200,OK,Thread Group 1-639,text,true,,1864,150,5,5,http://localhost:5000/api/product/newProducts/?page=1,3,0,0
1717705210896,3,GetNewProducts,200,OK,Thread Group 1-644,text,true,,1864,150,4,4,http://localhost:5000/api/product/newProducts/?page=1,3,0,0
1717705210896,4,GetNewProducts,200,OK,Thread Group 1-645,text,true,,1864,150,3,3,http://localhost:5000/api/product/newProducts/?page=1,4,0,0
1717705210897,3,GetNewProducts,200,OK,Thread Group 1-646,text,true,,1864,150,2,2,http://localhost:5000/api/product/newProducts/?page=1,3,0,0
1717705210898,2,GetNewProducts,200,OK,Thread Group 1-647,text,true,,1864,150,1,1,http://localhost:5000/api/product/newProducts/?page=1,2,0,0
1717705210901,1,GetNewProducts,200,OK,Thread Group 1-649,text,true,,1864,150,1,1,http://localhost:5000/api/product/newProducts/?page=1,1,0,0
1717705210902,2,GetNewProducts,200,OK,Thread Group 1-650,text,true,,1864,150,4,4,http://localhost:5000/api/product/newProducts/?page=1,2,0,0
1717705210903,2,GetNewProducts,200,OK,Thread Group 1-652,text,true,,1864,150,4,4,http://localhost:5000/api/product/newProducts/?page=1,2,0,0
1717705210903,2,GetNewProducts,200,OK,Thread Group 1-651,text,true,,1864,150,3,3,http://localhost:5000/api/product/newProducts/?page=1,2,0,0
1717705210904,3,GetNewProducts,200,OK,Thread Group 1-653,text,true,,1864,150,4,4,http://localhost:5000/api/product/newProducts/?page=1,3,0,1
1717705210905,2,GetNewProducts,200,OK,Thread Group 1-648,text,true,,1864,150,4,4,http://localhost:5000/api/product/newProducts/?page=1,2,0,0
1717705210905,2,GetNewProducts,200,OK,Thread Group 1-654,text,true,,1864,150,3,3,http://localhost:5000/api/product/newProducts/?page=1,2,0,0
1717705210906,2,GetNewProducts,200,OK,Thread Group 1-655,text,true,,1864,150,2,2,http://localhost:5000/api/product/newProducts/?page=1,2,0,0
1717705210907,2,GetNewProducts,200,OK,Thread Group 1-656,text,true,,1864,150,5,5,http://localhost:5000/api/product/newProducts/?page=1,2,0,0
1717705210908,2,GetNewProducts,200,OK,Thread Group 1-663,text,true,,1864,150,4,4,http://localhost:5000/api/product/newProducts/?page=1,2,0,0
1717705210909,1,GetNewProducts,200,OK,Thread Group 1-657,text,true,,1864,150,3,3,http://localhost:5000/api/product/newProducts/?page=1,1,0,0
1717705210910,2,GetNewProducts,200,OK,Thread Group 1-658,text,true,,1864,150,4,4,http://localhost:5000/api/product/newProducts/?page=1,2,0,0
1717705210910,3,GetNewProducts,200,OK,Thread Group 1-659,text,true,,1864,150,4,4,http://localhost:5000/api/product/newProducts/?page=1,3,0,0
1717705210911,2,GetNewProducts,200,OK,Thread Group 1-660,text,true,,1864,150,3,3,http://localhost:5000/api/product/newProducts/?page=1,2,0,0
1717705210912,2,GetNewProducts,200,OK,Thread Group 1-661,text,true,,1864,150,2,2,http://localhost:5000/api/product/newProducts/?page=1,2,0,0
1717705210913,1,GetNewProducts,200,OK,Thread Group 1-662,text,true,,1864,150,1,1,http://localhost:5000/api/product/newProducts/?page=1,1,0,0
1717705210915,1,GetNewProducts,200,OK,Thread Group 1-664,text,true,,1864,150,4,4,http://localhost:5000/api/product/newProducts/?page=1,1,0,0
1717705210915,3,GetNewProducts,200,OK,Thread Group 1-670,text,true,,1864,150,4,4,http://localhost:5000/api/product/newProducts/?page=1,3,0,0
1717705210916,3,GetNewProducts,200,OK,Thread Group 1-665,text,true,,1864,150,4,4,http://localhost:5000/api/product/newProducts/?page=1,3,0,0
1717705210916,3,GetNewProducts,200,OK,Thread Group 1-666,text,true,,1864,150,3,3,http://localhost:5000/api/product/newProducts/?page=1,3,0,0
1717705210917,3,GetNewProducts,200,OK,Thread Group 1-667,text,true,,1864,150,3,3,http://localhost:5000/api/product/newProducts/?page=1,3,0,0
1717705210918,3,GetNewProducts,200,OK,Thread Group 1-668,text,true,,1864,150,2,2,http://localhost:5000/api/product/newProducts/?page=1,3,0,0
1717705210919,2,GetNewProducts,200,OK,Thread Group 1-669,text,true,,1864,150,1,1,http://localhost:5000/api/product/newProducts/?page=1,2,0,0
1717705210922,1,GetNewProducts,200,OK,Thread Group 1-671,text,true,,1864,150,3,3,http://localhost:5000/api/product/newProducts/?page=1,1,0,0
1717705210923,1,GetNewProducts,200,OK,Thread Group 1-673,text,true,,1864,150,2,2,http://localhost:5000/api/product/newProducts/?page=1,1,0,0
1717705210923,1,GetNewProducts,200,OK,Thread Group 1-672,text,true,,1864,150,1,1,http://localhost:5000/api/product/newProducts/?page=1,1,0,0
1717705210925,1,GetNewProducts,200,OK,Thread Group 1-674,text,true,,1864,150,3,3,http://localhost:5000/api/product/newProducts/?page=1,1,0,0
1717705210926,1,GetNewProducts,200,OK,Thread Group 1-675,text,true,,1864,150,4,4,http://localhost:5000/api/product/newProducts/?page=1,1,0,0
1717705210926,2,GetNewProducts,200,OK,Thread Group 1-676,text,true,,1864,150,4,4,http://localhost:5000/api/product/newProducts/?page=1,2,0,0
1717705210927,2,GetNewProducts,200,OK,Thread Group 1-677,text,true,,1864,150,4,4,http://localhost:5000/api/product/newProducts/?page=1,2,0,0
1717705210927,2,GetNewProducts,200,OK,Thread Group 1-682,text,true,,1864,150,3,3,http://localhost:5000/api/product/newProducts/?page=1,2,0,0
1717705210928,2,GetNewProducts,200,OK,Thread Group 1-678,text,true,,1864,150,2,2,http://localhost:5000/api/product/newProducts/?page=1,2,0,0
1717705210929,1,GetNewProducts,200,OK,Thread Group 1-679,text,true,,1864,150,1,1,http://localhost:5000/api/product/newProducts/?page=1,1,0,0
1717705210931,2,GetNewProducts,200,OK,Thread Group 1-680,text,true,,1864,150,3,3,http://localhost:5000/api/product/newProducts/?page=1,2,0,0
1717705210931,2,GetNewProducts,200,OK,Thread Group 1-681,text,true,,1864,150,2,2,http://localhost:5000/api/product/newProducts/?page=1,2,0,0
1717705210933,2,GetNewProducts,200,OK,Thread Group 1-687,text,true,,1864,150,3,3,http://localhost:5000/api/product/newProducts/?page=1,1,0,0
1717705210933,2,GetNewProducts,200,OK,Thread Group 1-683,text,true,,1864,150,2,2,http://localhost:5000/api/product/newProducts/?page=1,2,0,0
1717705210934,1,GetNewProducts,200,OK,Thread Group 1-684,text,true,,1864,150,2,2,http://localhost:5000/api/product/newProducts/?page=1,1,0,0
1717705210935,1,GetNewProducts,200,OK,Thread Group 1-685,text,true,,1864,150,2,2,http://localhost:5000/api/product/newProducts/?page=1,1,0,0
1717705210936,1,GetNewProducts,200,OK,Thread Group 1-686,text,true,,1864,150,2,2,http://localhost:5000/api/product/newProducts/?page=1,1,0,0
1717705210937,1,GetNewProducts,200,OK,Thread Group 1-688,text,true,,1864,150,2,2,http://localhost:5000/api/product/newProducts/?page=1,1,0,0
1717705210938,1,GetNewProducts,200,OK,Thread Group 1-694,text,true,,1864,150,2,2,http://localhost:5000/api/product/newProducts/?page=1,1,0,0
1717705210939,2,GetNewProducts,200,OK,Thread Group 1-689,text,true,,1864,150,2,2,http://localhost:5000/api/product/newProducts/?page=1,2,0,0
1717705210940,1,GetNewProducts,200,OK,Thread Group 1-690,text,true,,1864,150,1,1,http://localhost:5000/api/product/newProducts/?page=1,1,0,0
1717705210943,1,GetNewProducts,200,OK,Thread Group 1-692,text,true,,1864,150,2,2,http://localhost:5000/api/product/newProducts/?page=1,1,0,0
1717705210944,1,GetNewProducts,200,OK,Thread Group 1-693,text,true,,1864,150,3,3,http://localhost:5000/api/product/newProducts/?page=1,1,0,0
1717705210945,2,GetNewProducts,200,OK,Thread Group 1-695,text,true,,1864,150,4,4,http://localhost:5000/api/product/newProducts/?page=1,2,0,0
1717705210945,2,GetNewProducts,200,OK,Thread Group 1-691,text,true,,1864,150,3,3,http://localhost:5000/api/product/newProducts/?page=1,2,0,0
1717705210946,2,GetNewProducts,200,OK,Thread Group 1-696,text,true,,1864,150,3,3,http://localhost:5000/api/product/newProducts/?page=1,2,0,0
1717705210947,2,GetNewProducts,200,OK,Thread Group 1-697,text,true,,1864,150,2,2,http://localhost:5000/api/product/newProducts/?page=1,2,0,0
1717705210948,1,GetNewProducts,200,OK,Thread Group 1-698,text,true,,1864,150,3,3,http://localhost:5000/api/product/newProducts/?page=1,1,0,0
1717705210949,1,GetNewProducts,200,OK,Thread Group 1-699,text,true,,1864,150,3,3,http://localhost:5000/api/product/newProducts/?page=1,1,0,0
1717705210949,2,GetNewProducts,200,OK,Thread Group 1-700,text,true,,1864,150,2,2,http://localhost:5000/api/product/newProducts/?page=1,2,0,0
1717705210950,2,GetNewProducts,200,OK,Thread Group 1-701,text,true,,1864,150,2,2,http://localhost:5000/api/product/newProducts/?page=1,2,0,0
1717705210952,1,GetNewProducts,200,OK,Thread Group 1-702,text,true,,1864,150,2,2,http://localhost:5000/api/product/newProducts/?page=1,1,0,0
1717705210953,1,GetNewProducts,200,OK,Thread Group 1-703,text,true,,1864,150,1,1,http://localhost:5000/api/product/newProducts/?page=1,1,0,0
1717705210955,1,GetNewProducts,200,OK,Thread Group 1-705,text,true,,1864,150,3,3,http://localhost:5000/api/product/newProducts/?page=1,1,0,0
1717705210956,2,GetNewProducts,200,OK,Thread Group 1-707,text,true,,1864,150,4,4,http://localhost:5000/api/product/newProducts/?page=1,2,0,0
1717705210956,2,GetNewProducts,200,OK,Thread Group 1-706,text,true,,1864,150,4,4,http://localhost:5000/api/product/newProducts/?page=1,2,0,0
1717705210957,2,GetNewProducts,200,OK,Thread Group 1-704,text,true,,1864,150,3,3,http://localhost:5000/api/product/newProducts/?page=1,2,0,0
1717705210958,1,GetNewProducts,200,OK,Thread Group 1-708,text,true,,1864,150,2,2,http://localhost:5000/api/product/newProducts/?page=1,1,0,0
1717705210959,2,GetNewProducts,200,OK,Thread Group 1-709,text,true,,1864,150,3,3,http://localhost:5000/api/product/newProducts/?page=1,2,0,0
1717705210960,1,GetNewProducts,200,OK,Thread Group 1-710,text,true,,1864,150,3,3,http://localhost:5000/api/product/newProducts/?page=1,1,0,0
1717705210961,1,GetNewProducts,200,OK,Thread Group 1-711,text,true,,1864,150,2,2,http://localhost:5000/api/product/newProducts/?page=1,1,0,0
1717705210962,1,GetNewProducts,200,OK,Thread Group 1-712,text,true,,1864,150,3,3,http://localhost:5000/api/product/newProducts/?page=1,1,0,0
1717705210963,2,GetNewProducts,200,OK,Thread Group 1-714,text,true,,1864,150,3,3,http://localhost:5000/api/product/newProducts/?page=1,2,0,0
1717705210963,2,GetNewProducts,200,OK,Thread Group 1-713,text,true,,1864,150,3,3,http://localhost:5000/api/product/newProducts/?page=1,2,0,0
1717705210964,1,GetNewProducts,200,OK,Thread Group 1-715,text,true,,1864,150,2,2,http://localhost:5000/api/product/newProducts/?page=1,1,0,0
1717705210965,2,GetNewProducts,200,OK,Thread Group 1-716,text,true,,1864,150,2,2,http://localhost:5000/api/product/newProducts/?page=1,2,0,0
1717705210966,5,GetNewProducts,200,OK,Thread Group 1-717,text,true,,1864,150,7,7,http://localhost:5000/api/product/newProducts/?page=1,5,0,0
1717705210968,6,GetNewProducts,200,OK,Thread Group 1-718,text,true,,1864,150,8,8,http://localhost:5000/api/product/newProducts/?page=1,6,0,0
1717705210969,5,GetNewProducts,200,OK,Thread Group 1-719,text,true,,1864,150,7,7,http://localhost:5000/api/product/newProducts/?page=1,5,0,0
1717705210970,5,GetNewProducts,200,OK,Thread Group 1-724,text,true,,1864,150,6,6,http://localhost:5000/api/product/newProducts/?page=1,5,0,0
1717705210970,5,GetNewProducts,200,OK,Thread Group 1-720,text,true,,1864,150,5,5,http://localhost:5000/api/product/newProducts/?page=1,5,0,0
1717705210971,4,GetNewProducts,200,OK,Thread Group 1-721,text,true,,1864,150,4,4,http://localhost:5000/api/product/newProducts/?page=1,4,0,0
1717705210971,4,GetNewProducts,200,OK,Thread Group 1-722,text,true,,1864,150,4,4,http://localhost:5000/api/product/newProducts/?page=1,4,0,0
1717705210972,3,GetNewProducts,200,OK,Thread Group 1-723,text,true,,1864,150,3,3,http://localhost:5000/api/product/newProducts/?page=1,3,0,0
1717705210974,4,GetNewProducts,200,OK,Thread Group 1-725,text,true,,1864,150,5,5,http://localhost:5000/api/product/newProducts/?page=1,4,0,0
1717705210975,3,GetNewProducts,200,OK,Thread Group 1-726,text,true,,1864,150,4,4,http://localhost:5000/api/product/newProducts/?page=1,3,0,0
1717705210976,2,GetNewProducts,200,OK,Thread Group 1-728,text,true,,1864,150,3,3,http://localhost:5000/api/product/newProducts/?page=1,2,0,0
1717705210976,2,GetNewProducts,200,OK,Thread Group 1-727,text,true,,1864,150,4,4,http://localhost:5000/api/product/newProducts/?page=1,2,0,0
1717705210977,2,GetNewProducts,200,OK,Thread Group 1-729,text,true,,1864,150,3,3,http://localhost:5000/api/product/newProducts/?page=1,2,0,0
1717705210979,1,GetNewProducts,200,OK,Thread Group 1-730,text,true,,1864,150,3,3,http://localhost:5000/api/product/newProducts/?page=1,1,0,0
1717705210979,1,GetNewProducts,200,OK,Thread Group 1-734,text,true,,1864,150,3,3,http://localhost:5000/api/product/newProducts/?page=1,1,0,0
1717705210979,2,GetNewProducts,200,OK,Thread Group 1-731,text,true,,1864,150,2,2,http://localhost:5000/api/product/newProducts/?page=1,2,0,0
1717705210981,1,GetNewProducts,200,OK,Thread Group 1-732,text,true,,1864,150,2,2,http://localhost:5000/api/product/newProducts/?page=1,1,0,0
1717705210982,1,GetNewProducts,200,OK,Thread Group 1-733,text,true,,1864,150,1,1,http://localhost:5000/api/product/newProducts/?page=1,1,0,0
1717705210985,1,GetNewProducts,200,OK,Thread Group 1-736,text,true,,1864,150,2,2,http://localhost:5000/api/product/newProducts/?page=1,1,0,0
1717705210986,1,GetNewProducts,200,OK,Thread Group 1-737,text,true,,1864,150,3,3,http://localhost:5000/api/product/newProducts/?page=1,1,0,0
1717705210987,2,GetNewProducts,200,OK,Thread Group 1-735,text,true,,1864,150,5,5,http://localhost:5000/api/product/newProducts/?page=1,2,0,0
1717705210987,2,GetNewProducts,200,OK,Thread Group 1-738,text,true,,1864,150,4,4,http://localhost:5000/api/product/newProducts/?page=1,2,0,0
1717705210988,1,GetNewProducts,200,OK,Thread Group 1-739,text,true,,1864,150,3,3,http://localhost:5000/api/product/newProducts/?page=1,1,0,0
1717705210989,2,GetNewProducts,200,OK,Thread Group 1-741,text,true,,1864,150,3,3,http://localhost:5000/api/product/newProducts/?page=1,2,0,0
1717705210989,2,GetNewProducts,200,OK,Thread Group 1-740,text,true,,1864,150,3,3,http://localhost:5000/api/product/newProducts/?page=1,2,0,1
1717705210990,1,GetNewProducts,200,OK,Thread Group 1-742,text,true,,1864,150,2,2,http://localhost:5000/api/product/newProducts/?page=1,1,0,0
1717705210991,2,GetNewProducts,200,OK,Thread Group 1-743,text,true,,1864,150,2,2,http://localhost:5000/api/product/newProducts/?page=1,2,0,0
1717705210992,1,GetNewProducts,200,OK,Thread Group 1-744,text,true,,1864,150,2,2,http://localhost:5000/api/product/newProducts/?page=1,1,0,0
1717705210993,1,GetNewProducts,200,OK,Thread Group 1-745,text,true,,1864,150,2,2,http://localhost:5000/api/product/newProducts/?page=1,1,0,0
1717705210994,1,GetNewProducts,200,OK,Thread Group 1-746,text,true,,1864,150,2,2,http://localhost:5000/api/product/newProducts/?page=1,1,0,0
1717705210995,1,GetNewProducts,200,OK,Thread Group 1-747,text,true,,1864,150,1,1,http://localhost:5000/api/product/newProducts/?page=1,1,0,0
1717705210997,1,GetNewProducts,200,OK,Thread Group 1-749,text,true,,1864,150,3,3,http://localhost:5000/api/product/newProducts/?page=1,1,0,0
1717705210997,1,GetNewProducts,200,OK,Thread Group 1-748,text,true,,1864,150,2,2,http://localhost:5000/api/product/newProducts/?page=1,1,0,0
1717705210998,1,GetNewProducts,200,OK,Thread Group 1-750,text,true,,1864,150,2,2,http://localhost:5000/api/product/newProducts/?page=1,1,0,0
1717705210999,1,GetNewProducts,200,OK,Thread Group 1-751,text,true,,1864,150,2,2,http://localhost:5000/api/product/newProducts/?page=1,1,0,0
1717705211000,2,GetNewProducts,200,OK,Thread Group 1-752,text,true,,1864,150,2,2,http://localhost:5000/api/product/newProducts/?page=1,2,0,0
1717705211002,1,GetNewProducts,200,OK,Thread Group 1-753,text,true,,1864,150,2,2,http://localhost:5000/api/product/newProducts/?page=1,1,0,0
1717705211003,2,GetNewProducts,200,OK,Thread Group 1-755,text,true,,1864,150,3,3,http://localhost:5000/api/product/newProducts/?page=1,2,0,0
1717705211004,1,GetNewProducts,200,OK,Thread Group 1-756,text,true,,1864,150,3,3,http://localhost:5000/api/product/newProducts/?page=1,1,0,0
1717705211005,2,GetNewProducts,200,OK,Thread Group 1-757,text,true,,1864,150,3,3,http://localhost:5000/api/product/newProducts/?page=1,2,0,0
1717705211006,1,GetNewProducts,200,OK,Thread Group 1-754,text,true,,1864,150,3,3,http://localhost:5000/api/product/newProducts/?page=1,1,0,0
1717705211007,1,GetNewProducts,200,OK,Thread Group 1-762,text,true,,1864,150,2,2,http://localhost:5000/api/product/newProducts/?page=1,1,0,0
1717705211007,2,GetNewProducts,200,OK,Thread Group 1-758,text,true,,1864,150,2,2,http://localhost:5000/api/product/newProducts/?page=1,2,0,0
1717705211009,2,GetNewProducts,200,OK,Thread Group 1-761,text,true,,1864,150,2,2,http://localhost:5000/api/product/newProducts/?page=1,2,0,0
1717705211010,1,GetNewProducts,200,OK,Thread Group 1-759,text,true,,1864,150,2,2,http://localhost:5000/api/product/newProducts/?page=1,1,0,0
1717705211011,1,GetNewProducts,200,OK,Thread Group 1-760,text,true,,1864,150,2,2,http://localhost:5000/api/product/newProducts/?page=1,1,0,0
1717705211012,1,GetNewProducts,200,OK,Thread Group 1-763,text,true,,1864,150,2,2,http://localhost:5000/api/product/newProducts/?page=1,1,0,0
1717705211013,1,GetNewProducts,200,OK,Thread Group 1-764,text,true,,1864,150,1,1,http://localhost:5000/api/product/newProducts/?page=1,1,0,0
1717705211015,1,GetNewProducts,200,OK,Thread Group 1-766,text,true,,1864,150,2,2,http://localhost:5000/api/product/newProducts/?page=1,1,0,0
1717705211016,1,GetNewProducts,200,OK,Thread Group 1-767,text,true,,1864,150,2,2,http://localhost:5000/api/product/newProducts/?page=1,1,0,0
1717705211017,1,GetNewProducts,200,OK,Thread Group 1-768,text,true,,1864,150,3,3,http://localhost:5000/api/product/newProducts/?page=1,1,0,0
1717705211017,2,GetNewProducts,200,OK,Thread Group 1-765,text,true,,1864,150,2,2,http://localhost:5000/api/product/newProducts/?page=1,2,0,0
1717705211018,1,GetNewProducts,200,OK,Thread Group 1-770,text,true,,1864,150,1,1,http://localhost:5000/api/product/newProducts/?page=1,1,0,0
1717705211020,1,GetNewProducts,200,OK,Thread Group 1-771,text,true,,1864,150,3,3,http://localhost:5000/api/product/newProducts/?page=1,1,0,0
1717705211020,2,GetNewProducts,200,OK,Thread Group 1-769,text,true,,1864,150,3,3,http://localhost:5000/api/product/newProducts/?page=1,2,0,0
1717705211021,1,GetNewProducts,200,OK,Thread Group 1-772,text,true,,1864,150,2,2,http://localhost:5000/api/product/newProducts/?page=1,1,0,0
1717705211022,2,GetNewProducts,200,OK,Thread Group 1-774,text,true,,1864,150,2,2,http://localhost:5000/api/product/newProducts/?page=1,2,0,0
1717705211023,3,GetNewProducts,200,OK,Thread Group 1-775,text,true,,1864,150,6,6,http://localhost:5000/api/product/newProducts/?page=1,3,0,0
1717705211024,3,GetNewProducts,200,OK,Thread Group 1-776,text,true,,1864,150,5,5,http://localhost:5000/api/product/newProducts/?page=1,3,0,0
1717705211024,4,GetNewProducts,200,OK,Thread Group 1-779,text,true,,1864,150,4,4,http://localhost:5000/api/product/newProducts/?page=1,4,0,0
1717705211025,3,GetNewProducts,200,OK,Thread Group 1-773,text,true,,1864,150,3,3,http://localhost:5000/api/product/newProducts/?page=1,3,0,0
1717705211025,3,GetNewProducts,200,OK,Thread Group 1-777,text,true,,1864,150,2,2,http://localhost:5000/api/product/newProducts/?page=1,3,0,0
1717705211026,3,GetNewProducts,200,OK,Thread Group 1-778,text,true,,1864,150,1,1,http://localhost:5000/api/product/newProducts/?page=1,3,0,0
1717705211029,2,GetNewProducts,200,OK,Thread Group 1-781,text,true,,1864,150,6,6,http://localhost:5000/api/product/newProducts/?page=1,2,0,0
1717705211029,3,GetNewProducts,200,OK,Thread Group 1-780,text,true,,1864,150,5,5,http://localhost:5000/api/product/newProducts/?page=1,3,0,0
1717705211030,2,GetNewProducts,200,OK,Thread Group 1-782,text,true,,1864,150,4,4,http://localhost:5000/api/product/newProducts/?page=1,2,0,0
1717705211031,3,GetNewProducts,200,OK,Thread Group 1-783,text,true,,1864,150,4,4,http://localhost:5000/api/product/newProducts/?page=1,3,0,0
1717705211032,2,GetNewProducts,200,OK,Thread Group 1-786,text,true,,1864,150,3,3,http://localhost:5000/api/product/newProducts/?page=1,2,0,0
1717705211032,2,GetNewProducts,200,OK,Thread Group 1-784,text,true,,1864,150,2,2,http://localhost:5000/api/product/newProducts/?page=1,2,0,0
1717705211033,2,GetNewProducts,200,OK,Thread Group 1-785,text,true,,1864,150,1,1,http://localhost:5000/api/product/newProducts/?page=1,2,0,0
1717705211036,1,GetNewProducts,200,OK,Thread Group 1-791,text,true,,1864,150,3,3,http://localhost:5000/api/product/newProducts/?page=1,1,0,0
1717705211036,2,GetNewProducts,200,OK,Thread Group 1-788,text,true,,1864,150,2,2,http://localhost:5000/api/product/newProducts/?page=1,2,0,0
1717705211036,2,GetNewProducts,200,OK,Thread Group 1-787,text,true,,1864,150,1,1,http://localhost:5000/api/product/newProducts/?page=1,2,0,0
1717705211038,1,GetNewProducts,200,OK,Thread Group 1-790,text,true,,1864,150,2,2,http://localhost:5000/api/product/newProducts/?page=1,1,0,0
1717705211039,1,GetNewProducts,200,OK,Thread Group 1-789,text,true,,1864,150,3,3,http://localhost:5000/api/product/newProducts/?page=1,1,0,0
1717705211039,2,GetNewProducts,200,OK,Thread Group 1-795,text,true,,1864,150,3,3,http://localhost:5000/api/product/newProducts/?page=1,2,0,1
1717705211040,2,GetNewProducts,200,OK,Thread Group 1-792,text,true,,1864,150,2,2,http://localhost:5000/api/product/newProducts/?page=1,2,0,0
1717705211041,1,GetNewProducts,200,OK,Thread Group 1-793,text,true,,1864,150,2,2,http://localhost:5000/api/product/newProducts/?page=1,1,0,0
1717705211042,2,GetNewProducts,200,OK,Thread Group 1-794,text,true,,1864,150,2,2,http://localhost:5000/api/product/newProducts/?page=1,2,0,0
1717705211043,1,GetNewProducts,200,OK,Thread Group 1-796,text,true,,1864,150,1,1,http://localhost:5000/api/product/newProducts/?page=1,1,0,0
1717705211045,1,GetNewProducts,200,OK,Thread Group 1-797,text,true,,1864,150,2,2,http://localhost:5000/api/product/newProducts/?page=1,1,0,0
1717705211046,1,GetNewProducts,200,OK,Thread Group 1-798,text,true,,1864,150,2,2,http://localhost:5000/api/product/newProducts/?page=1,1,0,0
1717705211047,1,GetNewProducts,200,OK,Thread Group 1-799,text,true,,1864,150,2,2,http://localhost:5000/api/product/newProducts/?page=1,1,0,0
1717705211048,1,GetNewProducts,200,OK,Thread Group 1-800,text,true,,1864,150,1,1,http://localhost:5000/api/product/newProducts/?page=1,1,0,0
1717705211050,1,GetNewProducts,200,OK,Thread Group 1-801,text,true,,1864,150,4,4,http://localhost:5000/api/product/newProducts/?page=1,1,0,0
1717705211050,1,GetNewProducts,200,OK,Thread Group 1-802,text,true,,1864,150,3,3,http://localhost:5000/api/product/newProducts/?page=1,1,0,0
1717705211051,2,GetNewProducts,200,OK,Thread Group 1-804,text,true,,1864,150,3,3,http://localhost:5000/api/product/newProducts/?page=1,2,0,0
1717705211051,2,GetNewProducts,200,OK,Thread Group 1-803,text,true,,1864,150,2,2,http://localhost:5000/api/product/newProducts/?page=1,2,0,0
1717705211052,2,GetNewProducts,200,OK,Thread Group 1-805,text,true,,1864,150,1,1,http://localhost:5000/api/product/newProducts/?page=1,2,0,0
1717705211054,2,GetNewProducts,200,OK,Thread Group 1-806,text,true,,1864,150,3,3,http://localhost:5000/api/product/newProducts/?page=1,2,0,0
1717705211055,2,GetNewProducts,200,OK,Thread Group 1-807,text,true,,1864,150,3,3,http://localhost:5000/api/product/newProducts/?page=1,2,0,0
1717705211056,2,GetNewProducts,200,OK,Thread Group 1-808,text,true,,1864,150,2,2,http://localhost:5000/api/product/newProducts/?page=1,2,0,0
1717705211057,1,GetNewProducts,200,OK,Thread Group 1-809,text,true,,1864,150,2,2,http://localhost:5000/api/product/newProducts/?page=1,1,0,0
1717705211058,2,GetNewProducts,200,OK,Thread Group 1-813,text,true,,1864,150,3,3,http://localhost:5000/api/product/newProducts/?page=1,2,0,0
1717705211059,2,GetNewProducts,200,OK,Thread Group 1-812,text,true,,1864,150,3,3,http://localhost:5000/api/product/newProducts/?page=1,2,0,0
1717705211059,2,GetNewProducts,200,OK,Thread Group 1-811,text,true,,1864,150,3,3,http://localhost:5000/api/product/newProducts/?page=1,2,0,0
1717705211061,1,GetNewProducts,200,OK,Thread Group 1-810,text,true,,1864,150,2,2,http://localhost:5000/api/product/newProducts/?page=1,1,0,0
1717705211061,1,GetNewProducts,200,OK,Thread Group 1-814,text,true,,1864,150,2,2,http://localhost:5000/api/product/newProducts/?page=1,1,0,0
1717705211063,1,GetNewProducts,200,OK,Thread Group 1-815,text,true,,1864,150,2,2,http://localhost:5000/api/product/newProducts/?page=1,1,0,0
1717705211064,1,GetNewProducts,200,OK,Thread Group 1-816,text,true,,1864,150,2,2,http://localhost:5000/api/product/newProducts/?page=1,1,0,0
1717705211065,1,GetNewProducts,200,OK,Thread Group 1-817,text,true,,1864,150,2,2,http://localhost:5000/api/product/newProducts/?page=1,1,0,0
1717705211066,1,GetNewProducts,200,OK,Thread Group 1-818,text,true,,1864,150,1,1,http://localhost:5000/api/product/newProducts/?page=1,1,0,0
1717705211067,1,GetNewProducts,200,OK,Thread Group 1-820,text,true,,1864,150,2,2,http://localhost:5000/api/product/newProducts/?page=1,1,0,0
1717705211068,1,GetNewProducts,200,OK,Thread Group 1-821,text,true,,1864,150,3,3,http://localhost:5000/api/product/newProducts/?page=1,1,0,0
1717705211069,1,GetNewProducts,200,OK,Thread Group 1-819,text,true,,1864,150,2,2,http://localhost:5000/api/product/newProducts/?page=1,1,0,0
1717705211069,2,GetNewProducts,200,OK,Thread Group 1-822,text,true,,1864,150,2,2,http://localhost:5000/api/product/newProducts/?page=1,2,0,0
1717705211071,1,GetNewProducts,200,OK,Thread Group 1-823,text,true,,1864,150,2,2,http://localhost:5000/api/product/newProducts/?page=1,1,0,0
1717705211072,1,GetNewProducts,200,OK,Thread Group 1-824,text,true,,1864,150,2,2,http://localhost:5000/api/product/newProducts/?page=1,1,0,0
1717705211073,1,GetNewProducts,200,OK,Thread Group 1-825,text,true,,1864,150,3,3,http://localhost:5000/api/product/newProducts/?page=1,1,0,0
1717705211074,1,GetNewProducts,200,OK,Thread Group 1-827,text,true,,1864,150,3,3,http://localhost:5000/api/product/newProducts/?page=1,1,0,0
1717705211074,1,GetNewProducts,200,OK,Thread Group 1-826,text,true,,1864,150,2,2,http://localhost:5000/api/product/newProducts/?page=1,1,0,0
1717705211075,1,GetNewProducts,200,OK,Thread Group 1-828,text,true,,1864,150,3,3,http://localhost:5000/api/product/newProducts/?page=1,1,0,0
1717705211076,1,GetNewProducts,200,OK,Thread Group 1-829,text,true,,1864,150,2,2,http://localhost:5000/api/product/newProducts/?page=1,1,0,0
1717705211076,1,GetNewProducts,200,OK,Thread Group 1-831,text,true,,1864,150,1,1,http://localhost:5000/api/product/newProducts/?page=1,1,0,0
1717705211078,2,GetNewProducts,200,OK,Thread Group 1-830,text,true,,1864,150,2,2,http://localhost:5000/api/product/newProducts/?page=1,2,0,0
1717705211080,1,GetNewProducts,200,OK,Thread Group 1-832,text,true,,1864,150,3,3,http://localhost:5000/api/product/newProducts/?page=1,1,0,0
1717705211081,2,GetNewProducts,200,OK,Thread Group 1-834,text,true,,1864,150,4,4,http://localhost:5000/api/product/newProducts/?page=1,2,0,0
1717705211081,2,GetNewProducts,200,OK,Thread Group 1-833,text,true,,1864,150,3,3,http://localhost:5000/api/product/newProducts/?page=1,2,0,0
1717705211081,2,GetNewProducts,200,OK,Thread Group 1-836,text,true,,1864,150,2,2,http://localhost:5000/api/product/newProducts/?page=1,2,0,0
1717705211082,2,GetNewProducts,200,OK,Thread Group 1-835,text,true,,1864,150,1,1,http://localhost:5000/api/product/newProducts/?page=1,2,0,0
1717705211084,2,GetNewProducts,200,OK,Thread Group 1-837,text,true,,1864,150,4,4,http://localhost:5000/api/product/newProducts/?page=1,2,0,0
1717705211085,2,GetNewProducts,200,OK,Thread Group 1-839,text,true,,1864,150,4,4,http://localhost:5000/api/product/newProducts/?page=1,2,0,0
1717705211085,2,GetNewProducts,200,OK,Thread Group 1-838,text,true,,1864,150,3,3,http://localhost:5000/api/product/newProducts/?page=1,2,0,0
1717705211086,2,GetNewProducts,200,OK,Thread Group 1-840,text,true,,1864,150,3,3,http://localhost:5000/api/product/newProducts/?page=1,2,0,0
1717705211087,1,GetNewProducts,200,OK,Thread Group 1-841,text,true,,1864,150,2,2,http://localhost:5000/api/product/newProducts/?page=1,1,0,0
1717705211088,1,GetNewProducts,200,OK,Thread Group 1-842,text,true,,1864,150,1,1,http://localhost:5000/api/product/newProducts/?page=1,1,0,0
1717705211089,1,GetNewProducts,200,OK,Thread Group 1-843,text,true,,1864,150,2,2,http://localhost:5000/api/product/newProducts/?page=1,1,0,0
1717705211090,1,GetNewProducts,200,OK,Thread Group 1-844,text,true,,1864,150,2,2,http://localhost:5000/api/product/newProducts/?page=1,1,0,0
1717705211091,1,GetNewProducts,200,OK,Thread Group 1-845,text,true,,1864,150,2,2,http://localhost:5000/api/product/newProducts/?page=1,1,0,0
1717705211160,1,GetNewProducts,200,OK,Thread Group 1-915,text,true,,1864,150,71,71,http://localhost:5000/api/product/newProducts/?page=1,1,0,0
1717705211160,1,GetNewProducts,200,OK,Thread Group 1-914,text,true,,1864,150,71,71,http://localhost:5000/api/product/newProducts/?page=1,1,0,0
1717705211159,1,GetNewProducts,200,OK,Thread Group 1-913,text,true,,1864,150,70,70,http://localhost:5000/api/product/newProducts/?page=1,1,0,0
1717705211158,1,GetNewProducts,200,OK,Thread Group 1-912,text,true,,1864,150,68,68,http://localhost:5000/api/product/newProducts/?page=1,1,0,0
1717705211157,1,GetNewProducts,200,OK,Thread Group 1-911,text,true,,1864,150,67,67,http://localhost:5000/api/product/newProducts/?page=1,1,0,0
1717705211156,1,GetNewProducts,200,OK,Thread Group 1-910,text,true,,1864,150,66,66,http://localhost:5000/api/product/newProducts/?page=1,1,0,0
1717705211153,1,GetNewProducts,200,OK,Thread Group 1-907,text,true,,1864,150,63,63,http://localhost:5000/api/product/newProducts/?page=1,1,0,0
1717705211152,2,GetNewProducts,200,OK,Thread Group 1-908,text,true,,1864,150,63,63,http://localhost:5000/api/product/newProducts/?page=1,2,0,0
1717705211155,1,GetNewProducts,200,OK,Thread Group 1-909,text,true,,1864,150,65,65,http://localhost:5000/api/product/newProducts/?page=1,1,0,0
1717705211152,1,GetNewProducts,200,OK,Thread Group 1-906,text,true,,1864,150,63,63,http://localhost:5000/api/product/newProducts/?page=1,1,0,0
1717705211151,1,GetNewProducts,200,OK,Thread Group 1-905,text,true,,1864,150,62,62,http://localhost:5000/api/product/newProducts/?page=1,1,0,0
1717705211150,1,GetNewProducts,200,OK,Thread Group 1-904,text,true,,1864,150,60,60,http://localhost:5000/api/product/newProducts/?page=1,1,0,0
1717705211149,2,GetNewProducts,200,OK,Thread Group 1-902,text,true,,1864,150,60,60,http://localhost:5000/api/product/newProducts/?page=1,2,0,0
1717705211149,1,GetNewProducts,200,OK,Thread Group 1-903,text,true,,1864,150,59,59,http://localhost:5000/api/product/newProducts/?page=1,1,0,0
1717705211147,1,GetNewProducts,200,OK,Thread Group 1-901,text,true,,1864,150,56,56,http://localhost:5000/api/product/newProducts/?page=1,1,0,0
1717705211146,1,GetNewProducts,200,OK,Thread Group 1-900,text,true,,1864,150,56,56,http://localhost:5000/api/product/newProducts/?page=1,1,0,0
1717705211146,1,GetNewProducts,200,OK,Thread Group 1-899,text,true,,1864,150,55,55,http://localhost:5000/api/product/newProducts/?page=1,1,0,0
1717705211144,1,GetNewProducts,200,OK,Thread Group 1-898,text,true,,1864,150,53,53,http://localhost:5000/api/product/newProducts/?page=1,1,0,0
1717705211143,1,GetNewProducts,200,OK,Thread Group 1-897,text,true,,1864,150,53,53,http://localhost:5000/api/product/newProducts/?page=1,1,0,0
1717705211142,1,GetNewProducts,200,OK,Thread Group 1-896,text,true,,1864,150,52,52,http://localhost:5000/api/product/newProducts/?page=1,1,0,0
1717705211141,1,GetNewProducts,200,OK,Thread Group 1-895,text,true,,1864,150,51,51,http://localhost:5000/api/product/newProducts/?page=1,1,0,0
1717705211141,1,GetNewProducts,200,OK,Thread Group 1-894,text,true,,1864,150,51,51,http://localhost:5000/api/product/newProducts/?page=1,1,0,0
1717705211140,1,GetNewProducts,200,OK,Thread Group 1-893,text,true,,1864,150,50,50,http://localhost:5000/api/product/newProducts/?page=1,1,0,0
1717705211139,1,GetNewProducts,200,OK,Thread Group 1-892,text,true,,1864,150,48,48,http://localhost:5000/api/product/newProducts/?page=1,1,0,0
1717705211137,1,GetNewProducts,200,OK,Thread Group 1-890,text,true,,1864,150,46,46,http://localhost:5000/api/product/newProducts/?page=1,1,0,0
1717705211136,1,GetNewProducts,200,OK,Thread Group 1-891,text,true,,1864,150,46,46,http://localhost:5000/api/product/newProducts/?page=1,1,0,0
1717705211135,1,GetNewProducts,200,OK,Thread Group 1-889,text,true,,1864,150,45,45,http://localhost:5000/api/product/newProducts/?page=1,1,0,0
1717705211134,2,GetNewProducts,200,OK,Thread Group 1-887,text,true,,1864,150,44,44,http://localhost:5000/api/product/newProducts/?page=1,2,0,0
1717705211133,3,GetNewProducts,200,OK,Thread Group 1-888,text,true,,1864,150,44,44,http://localhost:5000/api/product/newProducts/?page=1,3,0,1
1717705211133,2,GetNewProducts,200,OK,Thread Group 1-886,text,true,,1864,150,44,44,http://localhost:5000/api/product/newProducts/?page=1,2,0,0
1717705211132,1,GetNewProducts,200,OK,Thread Group 1-885,text,true,,1864,150,41,41,http://localhost:5000/api/product/newProducts/?page=1,1,0,0
1717705211130,2,GetNewProducts,200,OK,Thread Group 1-884,text,true,,1864,150,40,40,http://localhost:5000/api/product/newProducts/?page=1,2,0,1
1717705211130,1,GetNewProducts,200,OK,Thread Group 1-883,text,true,,1864,150,40,40,http://localhost:5000/api/product/newProducts/?page=1,1,0,0
1717705211129,1,GetNewProducts,200,OK,Thread Group 1-882,text,true,,1864,150,38,38,http://localhost:5000/api/product/newProducts/?page=1,1,0,0
1717705211127,1,GetNewProducts,200,OK,Thread Group 1-881,text,true,,1864,150,36,36,http://localhost:5000/api/product/newProducts/?page=1,1,0,0
1717705211127,1,GetNewProducts,200,OK,Thread Group 1-880,text,true,,1864,150,36,36,http://localhost:5000/api/product/newProducts/?page=1,1,0,0
1717705211125,1,GetNewProducts,200,OK,Thread Group 1-879,text,true,,1864,150,34,34,http://localhost:5000/api/product/newProducts/?page=1,1,0,0
1717705211123,1,GetNewProducts,200,OK,Thread Group 1-878,text,true,,1864,150,33,33,http://localhost:5000/api/product/newProducts/?page=1,1,0,0
1717705211122,1,GetNewProducts,200,OK,Thread Group 1-877,text,true,,1864,150,32,32,http://localhost:5000/api/product/newProducts/?page=1,1,0,0
1717705211121,1,GetNewProducts,200,OK,Thread Group 1-876,text,true,,1864,150,32,32,http://localhost:5000/api/product/newProducts/?page=1,1,0,0
1717705211120,2,GetNewProducts,200,OK,Thread Group 1-875,text,true,,1864,150,32,32,http://localhost:5000/api/product/newProducts/?page=1,2,0,0
1717705211119,2,GetNewProducts,200,OK,Thread Group 1-874,text,true,,1864,150,31,31,http://localhost:5000/api/product/newProducts/?page=1,2,0,0
1717705211118,2,GetNewProducts,200,OK,Thread Group 1-872,text,true,,1864,150,30,30,http://localhost:5000/api/product/newProducts/?page=1,2,0,0
1717705211118,2,GetNewProducts,200,OK,Thread Group 1-873,text,true,,1864,150,30,30,http://localhost:5000/api/product/newProducts/?page=1,2,0,0
1717705211117,1,GetNewProducts,200,OK,Thread Group 1-871,text,true,,1864,150,28,28,http://localhost:5000/api/product/newProducts/?page=1,1,0,0
1717705211116,2,GetNewProducts,200,OK,Thread Group 1-870,text,true,,1864,150,28,28,http://localhost:5000/api/product/newProducts/?page=1,2,0,0
1717705211115,2,GetNewProducts,200,OK,Thread Group 1-869,text,true,,1864,150,26,26,http://localhost:5000/api/product/newProducts/?page=1,2,0,0
1717705211113,3,GetNewProducts,200,OK,Thread Group 1-868,text,true,,1864,150,25,25,http://localhost:5000/api/product/newProducts/?page=1,3,0,0
1717705211112,4,GetNewProducts,200,OK,Thread Group 1-867,text,true,,1864,150,25,25,http://localhost:5000/api/product/newProducts/?page=1,4,0,0
1717705211112,4,GetNewProducts,200,OK,Thread Group 1-866,text,true,,1864,150,25,25,http://localhost:5000/api/product/newProducts/?page=1,4,0,0
1717705211111,4,GetNewProducts,200,OK,Thread Group 1-865,text,true,,1864,150,24,24,http://localhost:5000/api/product/newProducts/?page=1,4,0,0
1717705211110,5,GetNewProducts,200,OK,Thread Group 1-864,text,true,,1864,150,24,24,http://localhost:5000/api/product/newProducts/?page=1,5,0,0
1717705211109,4,GetNewProducts,200,OK,Thread Group 1-863,text,true,,1864,150,23,23,http://localhost:5000/api/product/newProducts/?page=1,4,0,0
1717705211108,4,GetNewProducts,200,OK,Thread Group 1-862,text,true,,1864,150,23,23,http://localhost:5000/api/product/newProducts/?page=1,4,0,0
1717705211106,6,GetNewProducts,200,OK,Thread Group 1-860,text,true,,1864,150,22,22,http://localhost:5000/api/product/newProducts/?page=1,6,0,0
1717705211106,6,GetNewProducts,200,OK,Thread Group 1-861,text,true,,1864,150,22,22,http://localhost:5000/api/product/newProducts/?page=1,6,0,0
1717705211105,7,GetNewProducts,200,OK,Thread Group 1-859,text,true,,1864,150,22,22,http://localhost:5000/api/product/newProducts/?page=1,7,0,0
1717705211104,7,GetNewProducts,200,OK,Thread Group 1-858,text,true,,1864,150,20,20,http://localhost:5000/api/product/newProducts/?page=1,7,0,0
1717705211103,1,GetNewProducts,200,OK,Thread Group 1-857,text,true,,1864,150,13,13,http://localhost:5000/api/product/newProducts/?page=1,1,0,0
1717705211102,2,GetNewProducts,200,OK,Thread Group 1-856,text,true,,1864,150,12,12,http://localhost:5000/api/product/newProducts/?page=1,2,0,0
1717705211101,1,GetNewProducts,200,OK,Thread Group 1-855,text,true,,1864,150,11,11,http://localhost:5000/api/product/newProducts/?page=1,1,0,0
1717705211100,2,GetNewProducts,200,OK,Thread Group 1-854,text,true,,1864,150,10,10,http://localhost:5000/api/product/newProducts/?page=1,2,0,0
1717705211100,1,GetNewProducts,200,OK,Thread Group 1-853,text,true,,1864,150,10,10,http://localhost:5000/api/product/newProducts/?page=1,1,0,0
1717705211096,1,GetNewProducts,200,OK,Thread Group 1-850,text,true,,1864,150,5,5,http://localhost:5000/api/product/newProducts/?page=1,1,0,0
1717705211098,1,GetNewProducts,200,OK,Thread Group 1-851,text,true,,1864,150,7,7,http://localhost:5000/api/product/newProducts/?page=1,1,0,0
1717705211094,2,GetNewProducts,200,OK,Thread Group 1-848,text,true,,1864,150,5,5,http://localhost:5000/api/product/newProducts/?page=1,2,0,0
1717705211095,1,GetNewProducts,200,OK,Thread Group 1-849,text,true,,1864,150,5,5,http://localhost:5000/api/product/newProducts/?page=1,1,0,0
1717705211099,1,GetNewProducts,200,OK,Thread Group 1-852,text,true,,1864,150,9,9,http://localhost:5000/api/product/newProducts/?page=1,1,0,0
1717705211093,2,GetNewProducts,200,OK,Thread Group 1-847,text,true,,1864,150,4,4,http://localhost:5000/api/product/newProducts/?page=1,2,0,0
1717705211092,1,GetNewProducts,200,OK,Thread Group 1-846,text,true,,1864,150,3,3,http://localhost:5000/api/product/newProducts/?page=1,1,0,0
1717705211161,7,GetNewProducts,200,OK,Thread Group 1-916,text,true,,1864,150,7,7,http://localhost:5000/api/product/newProducts/?page=1,7,0,0
1717705211164,6,GetNewProducts,200,OK,Thread Group 1-917,text,true,,1864,150,8,8,http://localhost:5000/api/product/newProducts/?page=1,6,0,0
1717705211164,6,GetNewProducts,200,OK,Thread Group 1-918,text,true,,1864,150,8,8,http://localhost:5000/api/product/newProducts/?page=1,6,0,0
1717705211165,6,GetNewProducts,200,OK,Thread Group 1-919,text,true,,1864,150,7,7,http://localhost:5000/api/product/newProducts/?page=1,6,0,0
1717705211166,5,GetNewProducts,200,OK,Thread Group 1-920,text,true,,1864,150,6,6,http://localhost:5000/api/product/newProducts/?page=1,5,0,0
1717705211167,4,GetNewProducts,200,OK,Thread Group 1-921,text,true,,1864,150,5,5,http://localhost:5000/api/product/newProducts/?page=1,4,0,0
1717705211167,4,GetNewProducts,200,OK,Thread Group 1-922,text,true,,1864,150,5,5,http://localhost:5000/api/product/newProducts/?page=1,4,0,0
1717705211168,3,GetNewProducts,200,OK,Thread Group 1-923,text,true,,1864,150,4,4,http://localhost:5000/api/product/newProducts/?page=1,3,0,0
1717705211169,4,GetNewProducts,200,OK,Thread Group 1-924,text,true,,1864,150,5,5,http://localhost:5000/api/product/newProducts/?page=1,4,0,0
1717705211171,3,GetNewProducts,200,OK,Thread Group 1-925,text,true,,1864,150,4,4,http://localhost:5000/api/product/newProducts/?page=1,3,0,0
1717705211171,3,GetNewProducts,200,OK,Thread Group 1-926,text,true,,1864,150,4,4,http://localhost:5000/api/product/newProducts/?page=1,3,0,0
1717705211172,3,GetNewProducts,200,OK,Thread Group 1-927,text,true,,1864,150,4,4,http://localhost:5000/api/product/newProducts/?page=1,3,0,0
1717705211173,2,GetNewProducts,200,OK,Thread Group 1-928,text,true,,1864,150,3,3,http://localhost:5000/api/product/newProducts/?page=1,2,0,0
1717705211174,2,GetNewProducts,200,OK,Thread Group 1-929,text,true,,1864,150,2,2,http://localhost:5000/api/product/newProducts/?page=1,2,0,0
1717705211175,2,GetNewProducts,200,OK,Thread Group 1-930,text,true,,1864,150,2,2,http://localhost:5000/api/product/newProducts/?page=1,2,0,0
1717705211177,1,GetNewProducts,200,OK,Thread Group 1-931,text,true,,1864,150,2,2,http://localhost:5000/api/product/newProducts/?page=1,1,0,0
1717705211178,1,GetNewProducts,200,OK,Thread Group 1-932,text,true,,1864,150,2,2,http://localhost:5000/api/product/newProducts/?page=1,1,0,0
1717705211179,1,GetNewProducts,200,OK,Thread Group 1-933,text,true,,1864,150,2,2,http://localhost:5000/api/product/newProducts/?page=1,1,0,0
1717705211180,1,GetNewProducts,200,OK,Thread Group 1-934,text,true,,1864,150,3,3,http://localhost:5000/api/product/newProducts/?page=1,1,0,0
1717705211180,2,GetNewProducts,200,OK,Thread Group 1-935,text,true,,1864,150,2,2,http://localhost:5000/api/product/newProducts/?page=1,2,0,0
1717705211181,2,GetNewProducts,200,OK,Thread Group 1-936,text,true,,1864,150,2,2,http://localhost:5000/api/product/newProducts/?page=1,2,0,0
1717705211182,1,GetNewProducts,200,OK,Thread Group 1-937,text,true,,1864,150,2,2,http://localhost:5000/api/product/newProducts/?page=1,1,0,0
1717705211183,1,GetNewProducts,200,OK,Thread Group 1-938,text,true,,1864,150,1,1,http://localhost:5000/api/product/newProducts/?page=1,1,0,0
1717705211185,1,GetNewProducts,200,OK,Thread Group 1-939,text,true,,1864,150,2,2,http://localhost:5000/api/product/newProducts/?page=1,1,0,0
1717705211186,1,GetNewProducts,200,OK,Thread Group 1-940,text,true,,1864,150,3,3,http://localhost:5000/api/product/newProducts/?page=1,1,0,0
1717705211186,2,GetNewProducts,200,OK,Thread Group 1-942,text,true,,1864,150,3,3,http://localhost:5000/api/product/newProducts/?page=1,2,0,0
1717705211186,2,GetNewProducts,200,OK,Thread Group 1-941,text,true,,1864,150,2,2,http://localhost:5000/api/product/newProducts/?page=1,2,0,0
1717705211188,1,GetNewProducts,200,OK,Thread Group 1-943,text,true,,1864,150,2,2,http://localhost:5000/api/product/newProducts/?page=1,1,0,0
1717705211189,1,GetNewProducts,200,OK,Thread Group 1-944,text,true,,1864,150,2,2,http://localhost:5000/api/product/newProducts/?page=1,1,0,0
1717705211190,1,GetNewProducts,200,OK,Thread Group 1-945,text,true,,1864,150,2,2,http://localhost:5000/api/product/newProducts/?page=1,1,0,0
1717705211191,1,GetNewProducts,200,OK,Thread Group 1-946,text,true,,1864,150,1,1,http://localhost:5000/api/product/newProducts/?page=1,1,0,0
1717705211193,1,GetNewProducts,200,OK,Thread Group 1-947,text,true,,1864,150,3,3,http://localhost:5000/api/product/newProducts/?page=1,1,0,0
1717705211194,1,GetNewProducts,200,OK,Thread Group 1-948,text,true,,1864,150,3,3,http://localhost:5000/api/product/newProducts/?page=1,1,0,0
1717705211194,2,GetNewProducts,200,OK,Thread Group 1-949,text,true,,1864,150,2,2,http://localhost:5000/api/product/newProducts/?page=1,2,0,0
1717705211195,1,GetNewProducts,200,OK,Thread Group 1-950,text,true,,1864,150,2,2,http://localhost:5000/api/product/newProducts/?page=1,1,0,0
1717705211196,1,GetNewProducts,200,OK,Thread Group 1-951,text,true,,1864,150,2,2,http://localhost:5000/api/product/newProducts/?page=1,1,0,0
1717705211197,1,GetNewProducts,200,OK,Thread Group 1-952,text,true,,1864,150,1,1,http://localhost:5000/api/product/newProducts/?page=1,1,0,0
1717705211199,1,GetNewProducts,200,OK,Thread Group 1-953,text,true,,1864,150,2,2,http://localhost:5000/api/product/newProducts/?page=1,1,0,0
1717705211200,1,GetNewProducts,200,OK,Thread Group 1-954,text,true,,1864,150,3,3,http://localhost:5000/api/product/newProducts/?page=1,1,0,0
1717705211200,2,GetNewProducts,200,OK,Thread Group 1-955,text,true,,1864,150,3,3,http://localhost:5000/api/product/newProducts/?page=1,2,0,0
1717705211201,1,GetNewProducts,200,OK,Thread Group 1-956,text,true,,1864,150,2,2,http://localhost:5000/api/product/newProducts/?page=1,1,0,0
1717705211202,2,GetNewProducts,200,OK,Thread Group 1-957,text,true,,1864,150,3,3,http://localhost:5000/api/product/newProducts/?page=1,2,0,0
1717705211203,1,GetNewProducts,200,OK,Thread Group 1-958,text,true,,1864,150,2,2,http://localhost:5000/api/product/newProducts/?page=1,1,0,0
1717705211204,1,GetNewProducts,200,OK,Thread Group 1-959,text,true,,1864,150,1,1,http://localhost:5000/api/product/newProducts/?page=1,1,0,0
1717705211206,1,GetNewProducts,200,OK,Thread Group 1-960,text,true,,1864,150,2,2,http://localhost:5000/api/product/newProducts/?page=1,1,0,0
1717705211207,1,GetNewProducts,200,OK,Thread Group 1-961,text,true,,1864,150,3,3,http://localhost:5000/api/product/newProducts/?page=1,1,0,0
1717705211208,2,GetNewProducts,200,OK,Thread Group 1-962,text,true,,1864,150,4,4,http://localhost:5000/api/product/newProducts/?page=1,2,0,0
1717705211208,2,GetNewProducts,200,OK,Thread Group 1-963,text,true,,1864,150,3,3,http://localhost:5000/api/product/newProducts/?page=1,2,0,0
1717705211209,2,GetNewProducts,200,OK,Thread Group 1-964,text,true,,1864,150,3,3,http://localhost:5000/api/product/newProducts/?page=1,2,0,0
1717705211210,2,GetNewProducts,200,OK,Thread Group 1-965,text,true,,1864,150,2,2,http://localhost:5000/api/product/newProducts/?page=1,2,0,0
1717705211211,1,GetNewProducts,200,OK,Thread Group 1-966,text,true,,1864,150,2,2,http://localhost:5000/api/product/newProducts/?page=1,1,0,0
1717705211212,1,GetNewProducts,200,OK,Thread Group 1-967,text,true,,1864,150,1,1,http://localhost:5000/api/product/newProducts/?page=1,1,0,0
1717705211214,1,GetNewProducts,200,OK,Thread Group 1-968,text,true,,1864,150,2,2,http://localhost:5000/api/product/newProducts/?page=1,1,0,0
1717705211215,1,GetNewProducts,200,OK,Thread Group 1-969,text,true,,1864,150,2,2,http://localhost:5000/api/product/newProducts/?page=1,1,0,0
1717705211216,1,GetNewProducts,200,OK,Thread Group 1-970,text,true,,1864,150,3,3,http://localhost:5000/api/product/newProducts/?page=1,1,0,0
1717705211216,1,GetNewProducts,200,OK,Thread Group 1-971,text,true,,1864,150,2,2,http://localhost:5000/api/product/newProducts/?page=1,1,0,0
1717705211217,1,GetNewProducts,200,OK,Thread Group 1-972,text,true,,1864,150,2,2,http://localhost:5000/api/product/newProducts/?page=1,1,0,0
1717705211218,2,GetNewProducts,200,OK,Thread Group 1-973,text,true,,1864,150,2,2,http://localhost:5000/api/product/newProducts/?page=1,2,0,0
1717705211219,1,GetNewProducts,200,OK,Thread Group 1-974,text,true,,1864,150,2,2,http://localhost:5000/api/product/newProducts/?page=1,1,0,0
1717705211220,1,GetNewProducts,200,OK,Thread Group 1-975,text,true,,1864,150,1,1,http://localhost:5000/api/product/newProducts/?page=1,1,0,0
1717705211222,2,GetNewProducts,200,OK,Thread Group 1-976,text,true,,1864,150,4,4,http://localhost:5000/api/product/newProducts/?page=1,2,0,0
1717705211223,3,GetNewProducts,200,OK,Thread Group 1-977,text,true,,1864,150,4,4,http://localhost:5000/api/product/newProducts/?page=1,3,0,0
1717705211224,3,GetNewProducts,200,OK,Thread Group 1-978,text,true,,1864,150,4,4,http://localhost:5000/api/product/newProducts/?page=1,3,0,0
1717705211224,3,GetNewProducts,200,OK,Thread Group 1-979,text,true,,1864,150,4,4,http://localhost:5000/api/product/newProducts/?page=1,3,0,0
1717705211225,3,GetNewProducts,200,OK,Thread Group 1-980,text,true,,1864,150,3,3,http://localhost:5000/api/product/newProducts/?page=1,3,0,0
1717705211226,2,GetNewProducts,200,OK,Thread Group 1-981,text,true,,1864,150,2,2,http://localhost:5000/api/product/newProducts/?page=1,2,0,0
1717705211227,2,GetNewProducts,200,OK,Thread Group 1-982,text,true,,1864,150,3,3,http://localhost:5000/api/product/newProducts/?page=1,2,0,0
1717705211229,1,GetNewProducts,200,OK,Thread Group 1-983,text,true,,1864,150,4,4,http://localhost:5000/api/product/newProducts/?page=1,1,0,0
1717705211229,2,GetNewProducts,200,OK,Thread Group 1-984,text,true,,1864,150,3,3,http://localhost:5000/api/product/newProducts/?page=1,2,0,0
1717705211230,5,GetNewProducts,200,OK,Thread Group 1-986,text,true,,1864,150,6,6,http://localhost:5000/api/product/newProducts/?page=1,5,0,0
1717705211230,5,GetNewProducts,200,OK,Thread Group 1-985,text,true,,1864,150,5,5,http://localhost:5000/api/product/newProducts/?page=1,5,0,0
1717705211232,4,GetNewProducts,200,OK,Thread Group 1-987,text,true,,1864,150,5,5,http://localhost:5000/api/product/newProducts/?page=1,4,0,1
1717705211233,4,GetNewProducts,200,OK,Thread Group 1-988,text,true,,1864,150,4,4,http://localhost:5000/api/product/newProducts/?page=1,4,0,0
1717705211234,4,GetNewProducts,200,OK,Thread Group 1-989,text,true,,1864,150,4,4,http://localhost:5000/api/product/newProducts/?page=1,4,0,0
1717705211235,3,GetNewProducts,200,OK,Thread Group 1-990,text,true,,1864,150,4,4,http://localhost:5000/api/product/newProducts/?page=1,3,0,0
1717705211236,3,GetNewProducts,200,OK,Thread Group 1-991,text,true,,1864,150,4,4,http://localhost:5000/api/product/newProducts/?page=1,3,0,0
1717705211237,2,GetNewProducts,200,OK,Thread Group 1-992,text,true,,1864,150,3,3,http://localhost:5000/api/product/newProducts/?page=1,2,0,0
1717705211238,2,GetNewProducts,200,OK,Thread Group 1-993,text,true,,1864,150,3,3,http://localhost:5000/api/product/newProducts/?page=1,2,0,0
1717705211239,2,GetNewProducts,200,OK,Thread Group 1-994,text,true,,1864,150,3,3,http://localhost:5000/api/product/newProducts/?page=1,2,0,0
1717705211240,1,GetNewProducts,200,OK,Thread Group 1-995,text,true,,1864,150,2,2,http://localhost:5000/api/product/newProducts/?page=1,1,0,0
1717705211241,1,GetNewProducts,200,OK,Thread Group 1-996,text,true,,1864,150,2,2,http://localhost:5000/api/product/newProducts/?page=1,1,0,0
1717705211242,1,GetNewProducts,200,OK,Thread Group 1-997,text,true,,1864,150,2,2,http://localhost:5000/api/product/newProducts/?page=1,1,0,0
1717705211243,1,GetNewProducts,200,OK,Thread Group 1-998,text,true,,1864,150,2,2,http://localhost:5000/api/product/newProducts/?page=1,1,0,0
1717705211244,2,GetNewProducts,200,OK,Thread Group 1-999,text,true,,1864,150,2,2,http://localhost:5000/api/product/newProducts/?page=1,2,0,0
1717705211245,2,GetNewProducts,200,OK,Thread Group 1-1000,text,true,,1864,150,1,1,http://localhost:5000/api/product/newProducts/?page=1,2,0,0
