timeStamp,elapsed,label,responseCode,responseMessage,threadName,dataType,success,failureMessage,bytes,sentBytes,grpThreads,allThreads,URL,Latency,IdleTime,Connect
1717757560316,5683,GetNewProducts,200,OK,Thread Group 5000 1-9,text,true,,1864,150,5000,5000,http://localhost:5000/api/product/newProducts/?page=1,5683,0,0
1717757560316,5683,GetNewProducts,200,OK,Thread Group 5000 1-4,text,true,,1864,150,4999,4999,http://localhost:5000/api/product/newProducts/?page=1,5683,0,0
1717757560316,5721,GetNewProducts,200,OK,Thread Group 5000 1-2,text,true,,1864,150,4998,4998,http://localhost:5000/api/product/newProducts/?page=1,5721,0,0
1717757560316,5722,GetNewProducts,200,OK,Thread Group 5000 1-5,text,true,,1864,150,4997,4997,http://localhost:5000/api/product/newProducts/?page=1,5722,0,0
1717757560316,5723,GetNewProducts,200,OK,Thread Group 5000 1-8,text,true,,1864,150,4996,4996,http://localhost:5000/api/product/newProducts/?page=1,5723,0,0
1717757560316,5725,GetNewProducts,200,OK,Thread Group 5000 1-3,text,true,,1864,150,4995,4995,http://localhost:5000/api/product/newProducts/?page=1,5725,0,1
1717757560316,5726,GetNewProducts,200,OK,Thread Group 5000 1-6,text,true,,1864,150,4994,4994,http://localhost:5000/api/product/newProducts/?page=1,5726,0,0
1717757560316,5727,GetNewProducts,200,OK,Thread Group 5000 1-1,text,true,,1864,150,4993,4993,http://localhost:5000/api/product/newProducts/?page=1,5727,0,0
1717757560317,5879,GetNewProducts,200,OK,Thread Group 5000 1-7,text,true,,1864,150,4992,4992,http://localhost:5000/api/product/newProducts/?page=1,5879,0,0
1717757560317,5934,GetNewProducts,200,OK,Thread Group 5000 1-10,text,true,,1864,150,4991,4991,http://localhost:5000/api/product/newProducts/?page=1,5934,0,0
1717757560317,6859,GetNewProducts,200,OK,Thread Group 5000 1-11,text,true,,1864,150,4990,4990,http://localhost:5000/api/product/newProducts/?page=1,6859,0,0
1717757560317,6860,GetNewProducts,200,OK,Thread Group 5000 1-12,text,true,,1864,150,4989,4989,http://localhost:5000/api/product/newProducts/?page=1,6860,0,0
1717757560317,6863,GetNewProducts,200,OK,Thread Group 5000 1-13,text,true,,1864,150,4988,4988,http://localhost:5000/api/product/newProducts/?page=1,6863,0,0
1717757560317,6865,GetNewProducts,200,OK,Thread Group 5000 1-36,text,true,,1864,150,4987,4987,http://localhost:5000/api/product/newProducts/?page=1,6865,0,1
1717757560318,6864,GetNewProducts,200,OK,Thread Group 5000 1-20,text,true,,1864,150,4986,4986,http://localhost:5000/api/product/newProducts/?page=1,6864,0,0
1717757560317,6866,GetNewProducts,200,OK,Thread Group 5000 1-16,text,true,,1864,150,4985,4985,http://localhost:5000/api/product/newProducts/?page=1,6866,0,1
1717757560318,6867,GetNewProducts,200,OK,Thread Group 5000 1-21,text,true,,1864,150,4984,4984,http://localhost:5000/api/product/newProducts/?page=1,6867,0,0
1717757560317,6868,GetNewProducts,200,OK,Thread Group 5000 1-14,text,true,,1864,150,4984,4984,http://localhost:5000/api/product/newProducts/?page=1,6868,0,0
1717757560318,6920,GetNewProducts,200,OK,Thread Group 5000 1-17,text,true,,1864,150,4982,4982,http://localhost:5000/api/product/newProducts/?page=1,6920,0,0
1717757560318,6923,GetNewProducts,200,OK,Thread Group 5000 1-24,text,true,,1864,150,4981,4981,http://localhost:5000/api/product/newProducts/?page=1,6923,0,0
1717757560318,7713,GetNewProducts,200,OK,Thread Group 5000 1-19,text,true,,1864,150,4980,4980,http://localhost:5000/api/product/newProducts/?page=1,7713,0,0
1717757560318,7714,GetNewProducts,200,OK,Thread Group 5000 1-48,text,true,,1864,150,4979,4979,http://localhost:5000/api/product/newProducts/?page=1,7714,0,0
1717757560318,7716,GetNewProducts,200,OK,Thread Group 5000 1-30,text,true,,1864,150,4978,4978,http://localhost:5000/api/product/newProducts/?page=1,7716,0,1
1717757560318,7718,GetNewProducts,200,OK,Thread Group 5000 1-22,text,true,,1864,150,4977,4977,http://localhost:5000/api/product/newProducts/?page=1,7718,0,0
1717757560318,7724,GetNewProducts,200,OK,Thread Group 5000 1-54,text,true,,1864,150,4976,4976,http://localhost:5000/api/product/newProducts/?page=1,7724,0,1
1717757560318,7742,GetNewProducts,200,OK,Thread Group 5000 1-25,text,true,,1864,150,4975,4975,http://localhost:5000/api/product/newProducts/?page=1,7742,0,1
1717757560319,7744,GetNewProducts,200,OK,Thread Group 5000 1-27,text,true,,1864,150,4974,4974,http://localhost:5000/api/product/newProducts/?page=1,7744,0,0
1717757560319,7746,GetNewProducts,200,OK,Thread Group 5000 1-28,text,true,,1864,150,4973,4973,http://localhost:5000/api/product/newProducts/?page=1,7746,0,0
1717757560318,7749,GetNewProducts,200,OK,Thread Group 5000 1-23,text,true,,1864,150,4972,4972,http://localhost:5000/api/product/newProducts/?page=1,7749,0,0
1717757560319,7947,GetNewProducts,200,OK,Thread Group 5000 1-29,text,true,,1864,150,4971,4971,http://localhost:5000/api/product/newProducts/?page=1,7947,0,0
1717757560319,8821,GetNewProducts,200,OK,Thread Group 5000 1-32,text,true,,1864,150,4970,4970,http://localhost:5000/api/product/newProducts/?page=1,8821,0,0
1717757560319,8821,GetNewProducts,200,OK,Thread Group 5000 1-37,text,true,,1864,150,4969,4969,http://localhost:5000/api/product/newProducts/?page=1,8821,0,0
1717757560319,8822,GetNewProducts,200,OK,Thread Group 5000 1-15,text,true,,1864,150,4968,4968,http://localhost:5000/api/product/newProducts/?page=1,8822,0,0
1717757560319,8825,GetNewProducts,200,OK,Thread Group 5000 1-35,text,true,,1864,150,4967,4967,http://localhost:5000/api/product/newProducts/?page=1,8825,0,1
1717757560319,8826,GetNewProducts,200,OK,Thread Group 5000 1-67,text,true,,1864,150,4966,4966,http://localhost:5000/api/product/newProducts/?page=1,8826,0,0
1717757560320,8826,GetNewProducts,200,OK,Thread Group 5000 1-38,text,true,,1864,150,4965,4965,http://localhost:5000/api/product/newProducts/?page=1,8826,0,0
1717757560319,8832,GetNewProducts,200,OK,Thread Group 5000 1-33,text,true,,1864,150,4964,4964,http://localhost:5000/api/product/newProducts/?page=1,8832,0,0
1717757560320,8864,GetNewProducts,200,OK,Thread Group 5000 1-40,text,true,,1864,150,4963,4963,http://localhost:5000/api/product/newProducts/?page=1,8864,0,0
1717757560320,8976,GetNewProducts,200,OK,Thread Group 5000 1-39,text,true,,1864,150,4962,4962,http://localhost:5000/api/product/newProducts/?page=1,8976,0,0
1717757560320,9008,GetNewProducts,200,OK,Thread Group 5000 1-41,text,true,,1864,150,4961,4961,http://localhost:5000/api/product/newProducts/?page=1,9008,0,0
1717757560320,9369,GetNewProducts,200,OK,Thread Group 5000 1-77,text,true,,1864,150,4960,4960,http://localhost:5000/api/product/newProducts/?page=1,9369,0,0
1717757560320,9422,GetNewProducts,200,OK,Thread Group 5000 1-46,text,true,,1864,150,4959,4959,http://localhost:5000/api/product/newProducts/?page=1,9422,0,1
1717757560320,9423,GetNewProducts,200,OK,Thread Group 5000 1-47,text,true,,1864,150,4958,4958,http://localhost:5000/api/product/newProducts/?page=1,9423,0,0
1717757560321,9425,GetNewProducts,200,OK,Thread Group 5000 1-45,text,true,,1864,150,4957,4957,http://localhost:5000/api/product/newProducts/?page=1,9425,0,0
1717757560320,9427,GetNewProducts,200,OK,Thread Group 5000 1-42,text,true,,1864,150,4956,4956,http://localhost:5000/api/product/newProducts/?page=1,9427,0,0
1717757560321,9427,GetNewProducts,200,OK,Thread Group 5000 1-85,text,true,,1864,150,4955,4955,http://localhost:5000/api/product/newProducts/?page=1,9427,0,0
1717757560320,9429,GetNewProducts,200,OK,Thread Group 5000 1-89,text,true,,1864,150,4954,4954,http://localhost:5000/api/product/newProducts/?page=1,9429,0,1
1717757560321,9450,GetNewProducts,200,OK,Thread Group 5000 1-18,text,true,,1864,150,4953,4953,http://localhost:5000/api/product/newProducts/?page=1,9450,0,0
1717757560321,9453,GetNewProducts,200,OK,Thread Group 5000 1-49,text,true,,1864,150,4952,4952,http://localhost:5000/api/product/newProducts/?page=1,9453,0,0
1717757560321,9457,GetNewProducts,200,OK,Thread Group 5000 1-50,text,true,,1864,150,4951,4951,http://localhost:5000/api/product/newProducts/?page=1,9457,0,0
1717757560321,9458,GetNewProducts,200,OK,Thread Group 5000 1-52,text,true,,1864,150,4950,4950,http://localhost:5000/api/product/newProducts/?page=1,9457,0,0
1717757560322,9655,GetNewProducts,200,OK,Thread Group 5000 1-57,text,true,,1864,150,4949,4949,http://localhost:5000/api/product/newProducts/?page=1,9655,0,0
1717757560322,9655,GetNewProducts,200,OK,Thread Group 5000 1-59,text,true,,1864,150,4949,4949,http://localhost:5000/api/product/newProducts/?page=1,9655,0,1
1717757560322,9653,GetNewProducts,200,OK,Thread Group 5000 1-58,text,true,,1864,150,4949,4949,http://localhost:5000/api/product/newProducts/?page=1,9653,0,1
1717757560322,9651,GetNewProducts,200,OK,Thread Group 5000 1-63,text,true,,1864,150,4949,4949,http://localhost:5000/api/product/newProducts/?page=1,9651,0,1
1717757560322,9650,GetNewProducts,200,OK,Thread Group 5000 1-56,text,true,,1864,150,4949,4949,http://localhost:5000/api/product/newProducts/?page=1,9650,0,0
1717757560321,9609,GetNewProducts,200,OK,Thread Group 5000 1-51,text,true,,1864,150,4949,4949,http://localhost:5000/api/product/newProducts/?page=1,9609,0,0
1717757560322,9607,GetNewProducts,200,OK,Thread Group 5000 1-53,text,true,,1864,150,4949,4949,http://localhost:5000/api/product/newProducts/?page=1,9607,0,0
1717757560322,9606,GetNewProducts,200,OK,Thread Group 5000 1-99,text,true,,1864,150,4949,4949,http://localhost:5000/api/product/newProducts/?page=1,9606,0,0
1717757560322,9605,GetNewProducts,200,OK,Thread Group 5000 1-55,text,true,,1864,150,4949,4949,http://localhost:5000/api/product/newProducts/?page=1,9605,0,0
1717757560323,10077,GetNewProducts,200,OK,Thread Group 5000 1-60,text,true,,1864,150,4940,4940,http://localhost:5000/api/product/newProducts/?page=1,10077,0,0
1717757560323,10079,GetNewProducts,200,OK,Thread Group 5000 1-65,text,true,,1864,150,4939,4939,http://localhost:5000/api/product/newProducts/?page=1,10079,0,0
1717757560323,10080,GetNewProducts,200,OK,Thread Group 5000 1-61,text,true,,1864,150,4938,4938,http://localhost:5000/api/product/newProducts/?page=1,10080,0,0
1717757560323,10083,GetNewProducts,200,OK,Thread Group 5000 1-64,text,true,,1864,150,4937,4937,http://localhost:5000/api/product/newProducts/?page=1,10083,0,1
1717757560323,10084,GetNewProducts,200,OK,Thread Group 5000 1-66,text,true,,1864,150,4936,4936,http://localhost:5000/api/product/newProducts/?page=1,10084,0,0
1717757560323,10084,GetNewProducts,200,OK,Thread Group 5000 1-31,text,true,,1864,150,4935,4935,http://localhost:5000/api/product/newProducts/?page=1,10084,0,1
1717757560323,10085,GetNewProducts,200,OK,Thread Group 5000 1-62,text,true,,1864,150,4934,4934,http://localhost:5000/api/product/newProducts/?page=1,10085,0,0
1717757560324,10099,GetNewProducts,200,OK,Thread Group 5000 1-70,text,true,,1864,150,4933,4933,http://localhost:5000/api/product/newProducts/?page=1,10099,0,0
1717757560324,10181,GetNewProducts,200,OK,Thread Group 5000 1-71,text,true,,1864,150,4933,4933,http://localhost:5000/api/product/newProducts/?page=1,10181,0,0
1717757560324,10097,GetNewProducts,200,OK,Thread Group 5000 1-68,text,true,,1864,150,4933,4933,http://localhost:5000/api/product/newProducts/?page=1,10097,0,0
1717757560324,10337,GetNewProducts,200,OK,Thread Group 5000 1-69,text,true,,1864,150,4930,4930,http://localhost:5000/api/product/newProducts/?page=1,10337,0,0
1717757560324,10378,GetNewProducts,200,OK,Thread Group 5000 1-76,text,true,,1864,150,4929,4929,http://localhost:5000/api/product/newProducts/?page=1,10378,0,1
1717757560324,10381,GetNewProducts,200,OK,Thread Group 5000 1-72,text,true,,1864,150,4928,4928,http://localhost:5000/api/product/newProducts/?page=1,10381,0,0
1717757560324,10382,GetNewProducts,200,OK,Thread Group 5000 1-73,text,true,,1864,150,4927,4927,http://localhost:5000/api/product/newProducts/?page=1,10382,0,0
1717757560325,10382,GetNewProducts,200,OK,Thread Group 5000 1-79,text,true,,1864,150,4926,4926,http://localhost:5000/api/product/newProducts/?page=1,10382,0,0
1717757560324,10384,GetNewProducts,200,OK,Thread Group 5000 1-34,text,true,,1864,150,4925,4925,http://localhost:5000/api/product/newProducts/?page=1,10384,0,1
1717757560325,10383,GetNewProducts,200,OK,Thread Group 5000 1-82,text,true,,1864,150,4924,4924,http://localhost:5000/api/product/newProducts/?page=1,10383,0,1
1717757560326,10383,GetNewProducts,200,OK,Thread Group 5000 1-43,text,true,,1864,150,4923,4923,http://localhost:5000/api/product/newProducts/?page=1,10383,0,0
1717757560325,10385,GetNewProducts,200,OK,Thread Group 5000 1-75,text,true,,1864,150,4922,4922,http://localhost:5000/api/product/newProducts/?page=1,10385,0,0
1717757560325,10387,GetNewProducts,200,OK,Thread Group 5000 1-81,text,true,,1864,150,4921,4921,http://localhost:5000/api/product/newProducts/?page=1,10387,0,0
1717757560325,10387,GetNewProducts,200,OK,Thread Group 5000 1-78,text,true,,1864,150,4920,4920,http://localhost:5000/api/product/newProducts/?page=1,10387,0,0
1717757560325,10388,GetNewProducts,200,OK,Thread Group 5000 1-80,text,true,,1864,150,4919,4919,http://localhost:5000/api/product/newProducts/?page=1,10388,0,0
1717757560326,10387,GetNewProducts,200,OK,Thread Group 5000 1-87,text,true,,1864,150,4918,4918,http://localhost:5000/api/product/newProducts/?page=1,10387,0,0
1717757560325,10389,GetNewProducts,200,OK,Thread Group 5000 1-84,text,true,,1864,150,4917,4917,http://localhost:5000/api/product/newProducts/?page=1,10389,0,1
1717757560326,10389,GetNewProducts,200,OK,Thread Group 5000 1-90,text,true,,1864,150,4916,4916,http://localhost:5000/api/product/newProducts/?page=1,10389,0,0
1717757560326,10390,GetNewProducts,200,OK,Thread Group 5000 1-83,text,true,,1864,150,4915,4915,http://localhost:5000/api/product/newProducts/?page=1,10390,0,0
1717757560326,10390,GetNewProducts,200,OK,Thread Group 5000 1-86,text,true,,1864,150,4914,4914,http://localhost:5000/api/product/newProducts/?page=1,10390,0,0
1717757560326,10391,GetNewProducts,200,OK,Thread Group 5000 1-88,text,true,,1864,150,4913,4913,http://localhost:5000/api/product/newProducts/?page=1,10391,0,0
1717757560324,10394,GetNewProducts,200,OK,Thread Group 5000 1-74,text,true,,1864,150,4912,4912,http://localhost:5000/api/product/newProducts/?page=1,10394,0,1
1717757560326,10431,GetNewProducts,200,OK,Thread Group 5000 1-44,text,true,,1864,150,4911,4911,http://localhost:5000/api/product/newProducts/?page=1,10431,0,0
1717757560326,10834,GetNewProducts,200,OK,Thread Group 5000 1-94,text,true,,1864,150,4910,4910,http://localhost:5000/api/product/newProducts/?page=1,10834,0,1
1717757560326,10836,GetNewProducts,200,OK,Thread Group 5000 1-91,text,true,,1864,150,4909,4909,http://localhost:5000/api/product/newProducts/?page=1,10836,0,0
1717757560327,10837,GetNewProducts,200,OK,Thread Group 5000 1-164,text,true,,1864,150,4908,4908,http://localhost:5000/api/product/newProducts/?page=1,10837,0,0
1717757560327,10839,GetNewProducts,200,OK,Thread Group 5000 1-98,text,true,,1864,150,4907,4907,http://localhost:5000/api/product/newProducts/?page=1,10839,0,0
1717757560326,10841,GetNewProducts,200,OK,Thread Group 5000 1-158,text,true,,1864,150,4906,4906,http://localhost:5000/api/product/newProducts/?page=1,10841,0,1
1717757560327,10844,GetNewProducts,200,OK,Thread Group 5000 1-92,text,true,,1864,150,4905,4905,http://localhost:5000/api/product/newProducts/?page=1,10844,0,0
1717757560327,10858,GetNewProducts,200,OK,Thread Group 5000 1-26,text,true,,1864,150,4904,4904,http://localhost:5000/api/product/newProducts/?page=1,10858,0,0
1717757560327,10858,GetNewProducts,200,OK,Thread Group 5000 1-96,text,true,,1864,150,4903,4903,http://localhost:5000/api/product/newProducts/?page=1,10858,0,0
1717757560327,10861,GetNewProducts,200,OK,Thread Group 5000 1-100,text,true,,1864,150,4902,4902,http://localhost:5000/api/product/newProducts/?page=1,10861,0,0
1717757560327,10862,GetNewProducts,200,OK,Thread Group 5000 1-93,text,true,,1864,150,4901,4901,http://localhost:5000/api/product/newProducts/?page=1,10862,0,0
1717757560327,10865,GetNewProducts,200,OK,Thread Group 5000 1-97,text,true,,1864,150,4900,4900,http://localhost:5000/api/product/newProducts/?page=1,10865,0,1
1717757560328,11041,GetNewProducts,200,OK,Thread Group 5000 1-110,text,true,,1864,150,4899,4899,http://localhost:5000/api/product/newProducts/?page=1,11041,0,0
1717757560328,11044,GetNewProducts,200,OK,Thread Group 5000 1-105,text,true,,1864,150,4898,4898,http://localhost:5000/api/product/newProducts/?page=1,11044,0,0
1717757560328,11059,GetNewProducts,200,OK,Thread Group 5000 1-104,text,true,,1864,150,4898,4898,http://localhost:5000/api/product/newProducts/?page=1,11059,0,0
1717757560328,11059,GetNewProducts,200,OK,Thread Group 5000 1-103,text,true,,1864,150,4898,4898,http://localhost:5000/api/product/newProducts/?page=1,11059,0,0
1717757560328,11059,GetNewProducts,200,OK,Thread Group 5000 1-102,text,true,,1864,150,4898,4898,http://localhost:5000/api/product/newProducts/?page=1,11059,0,0
1717757560329,11067,GetNewProducts,200,OK,Thread Group 5000 1-112,text,true,,1864,150,4894,4894,http://localhost:5000/api/product/newProducts/?page=1,11067,0,0
1717757560329,11067,GetNewProducts,200,OK,Thread Group 5000 1-107,text,true,,1864,150,4893,4893,http://localhost:5000/api/product/newProducts/?page=1,11067,0,0
1717757560328,11070,GetNewProducts,200,OK,Thread Group 5000 1-178,text,true,,1864,150,4892,4892,http://localhost:5000/api/product/newProducts/?page=1,11070,0,1
1717757560328,11071,GetNewProducts,200,OK,Thread Group 5000 1-106,text,true,,1864,150,4891,4891,http://localhost:5000/api/product/newProducts/?page=1,11071,0,0
1717757560329,11459,GetNewProducts,200,OK,Thread Group 5000 1-113,text,true,,1864,150,4890,4890,http://localhost:5000/api/product/newProducts/?page=1,11459,0,0
1717757560329,11463,GetNewProducts,200,OK,Thread Group 5000 1-115,text,true,,1864,150,4889,4889,http://localhost:5000/api/product/newProducts/?page=1,11463,0,0
1717757560329,11465,GetNewProducts,200,OK,Thread Group 5000 1-108,text,true,,1864,150,4888,4888,http://localhost:5000/api/product/newProducts/?page=1,11465,0,0
1717757560329,11466,GetNewProducts,200,OK,Thread Group 5000 1-114,text,true,,1864,150,4887,4887,http://localhost:5000/api/product/newProducts/?page=1,11466,0,0
1717757560329,11467,GetNewProducts,200,OK,Thread Group 5000 1-109,text,true,,1864,150,4886,4886,http://localhost:5000/api/product/newProducts/?page=1,11467,0,0
1717757560330,11466,GetNewProducts,200,OK,Thread Group 5000 1-117,text,true,,1864,150,4885,4885,http://localhost:5000/api/product/newProducts/?page=1,11466,0,0
1717757560330,11467,GetNewProducts,200,OK,Thread Group 5000 1-120,text,true,,1864,150,4884,4884,http://localhost:5000/api/product/newProducts/?page=1,11467,0,0
1717757560330,11468,GetNewProducts,200,OK,Thread Group 5000 1-118,text,true,,1864,150,4883,4883,http://localhost:5000/api/product/newProducts/?page=1,11468,0,0
1717757560330,11469,GetNewProducts,200,OK,Thread Group 5000 1-116,text,true,,1864,150,4882,4882,http://localhost:5000/api/product/newProducts/?page=1,11469,0,0
1717757560330,11470,GetNewProducts,200,OK,Thread Group 5000 1-119,text,true,,1864,150,4881,4881,http://localhost:5000/api/product/newProducts/?page=1,11470,0,0
1717757560346,11683,GetNewProducts,200,OK,Thread Group 5000 1-244,text,true,,1864,150,4880,4880,http://localhost:5000/api/product/newProducts/?page=1,11683,0,1
1717757560347,11682,GetNewProducts,200,OK,Thread Group 5000 1-243,text,true,,1864,150,4879,4879,http://localhost:5000/api/product/newProducts/?page=1,11682,0,0
1717757560346,11682,GetNewProducts,200,OK,Thread Group 5000 1-225,text,true,,1864,150,4880,4880,http://localhost:5000/api/product/newProducts/?page=1,11682,0,1
1717757560346,11640,GetNewProducts,200,OK,Thread Group 5000 1-238,text,true,,1864,150,4880,4880,http://localhost:5000/api/product/newProducts/?page=1,11640,0,1
1717757560346,11684,GetNewProducts,200,OK,Thread Group 5000 1-221,text,true,,1864,150,4877,4877,http://localhost:5000/api/product/newProducts/?page=1,11684,0,1
1717757560347,11684,GetNewProducts,200,OK,Thread Group 5000 1-228,text,true,,1864,150,4875,4875,http://localhost:5000/api/product/newProducts/?page=1,11684,0,0
1717757560346,11639,GetNewProducts,200,OK,Thread Group 5000 1-129,text,true,,1864,150,4880,4880,http://localhost:5000/api/product/newProducts/?page=1,11639,0,1
1717757560346,11608,GetNewProducts,200,OK,Thread Group 5000 1-232,text,true,,1864,150,4880,4880,http://localhost:5000/api/product/newProducts/?page=1,11608,0,0
1717757560346,11607,GetNewProducts,200,OK,Thread Group 5000 1-246,text,true,,1864,150,4880,4880,http://localhost:5000/api/product/newProducts/?page=1,11607,0,0
1717757560346,11607,GetNewProducts,200,OK,Thread Group 5000 1-234,text,true,,1864,150,4880,4880,http://localhost:5000/api/product/newProducts/?page=1,11607,0,0
1717757560346,11606,GetNewProducts,200,OK,Thread Group 5000 1-247,text,true,,1864,150,4880,4880,http://localhost:5000/api/product/newProducts/?page=1,11606,0,0
1717757560333,11618,GetNewProducts,200,OK,Thread Group 5000 1-128,text,true,,1864,150,4880,4880,http://localhost:5000/api/product/newProducts/?page=1,11618,0,0
1717757560347,11685,GetNewProducts,200,OK,Thread Group 5000 1-249,text,true,,1864,150,4868,4868,http://localhost:5000/api/product/newProducts/?page=1,11685,0,0
1717757560333,11617,GetNewProducts,200,OK,Thread Group 5000 1-133,text,true,,1864,150,4880,4880,http://localhost:5000/api/product/newProducts/?page=1,11617,0,1
1717757560333,11617,GetNewProducts,200,OK,Thread Group 5000 1-132,text,true,,1864,150,4880,4880,http://localhost:5000/api/product/newProducts/?page=1,11617,0,1
1717757560332,11617,GetNewProducts,200,OK,Thread Group 5000 1-127,text,true,,1864,150,4880,4880,http://localhost:5000/api/product/newProducts/?page=1,11617,0,0
1717757560334,11614,GetNewProducts,200,OK,Thread Group 5000 1-134,text,true,,1864,150,4880,4880,http://localhost:5000/api/product/newProducts/?page=1,11614,0,0
1717757560333,11615,GetNewProducts,200,OK,Thread Group 5000 1-230,text,true,,1864,150,4880,4880,http://localhost:5000/api/product/newProducts/?page=1,11615,0,0
1717757560332,11615,GetNewProducts,200,OK,Thread Group 5000 1-124,text,true,,1864,150,4880,4880,http://localhost:5000/api/product/newProducts/?page=1,11615,0,0
1717757560331,11616,GetNewProducts,200,OK,Thread Group 5000 1-123,text,true,,1864,150,4880,4880,http://localhost:5000/api/product/newProducts/?page=1,11616,0,0
1717757560333,11613,GetNewProducts,200,OK,Thread Group 5000 1-131,text,true,,1864,150,4880,4880,http://localhost:5000/api/product/newProducts/?page=1,11613,0,0
1717757560331,11614,GetNewProducts,200,OK,Thread Group 5000 1-121,text,true,,1864,150,4880,4880,http://localhost:5000/api/product/newProducts/?page=1,11614,0,0
1717757560332,11613,GetNewProducts,200,OK,Thread Group 5000 1-125,text,true,,1864,150,4880,4880,http://localhost:5000/api/product/newProducts/?page=1,11613,0,0
1717757560332,11612,GetNewProducts,200,OK,Thread Group 5000 1-130,text,true,,1864,150,4880,4880,http://localhost:5000/api/product/newProducts/?page=1,11612,0,0
1717757560331,11613,GetNewProducts,200,OK,Thread Group 5000 1-122,text,true,,1864,150,4880,4880,http://localhost:5000/api/product/newProducts/?page=1,11613,0,1
1717757560331,11612,GetNewProducts,200,OK,Thread Group 5000 1-126,text,true,,1864,150,4880,4880,http://localhost:5000/api/product/newProducts/?page=1,11612,0,1
1717757560347,11699,GetNewProducts,200,OK,Thread Group 5000 1-245,text,true,,1864,150,4854,4854,http://localhost:5000/api/product/newProducts/?page=1,11699,0,0
1717757560347,11702,GetNewProducts,200,OK,Thread Group 5000 1-213,text,true,,1864,150,4853,4853,http://localhost:5000/api/product/newProducts/?page=1,11702,0,0
1717757560347,11703,GetNewProducts,200,OK,Thread Group 5000 1-209,text,true,,1864,150,4852,4852,http://localhost:5000/api/product/newProducts/?page=1,11703,0,0
1717757560347,11706,GetNewProducts,200,OK,Thread Group 5000 1-235,text,true,,1864,150,4851,4851,http://localhost:5000/api/product/newProducts/?page=1,11706,0,0
1717757560347,11721,GetNewProducts,200,OK,Thread Group 5000 1-207,text,true,,1864,150,4850,4850,http://localhost:5000/api/product/newProducts/?page=1,11721,0,1
1717757560347,11721,GetNewProducts,200,OK,Thread Group 5000 1-241,text,true,,1864,150,4849,4849,http://localhost:5000/api/product/newProducts/?page=1,11721,0,1
1717757560347,11722,GetNewProducts,200,OK,Thread Group 5000 1-226,text,true,,1864,150,4848,4848,http://localhost:5000/api/product/newProducts/?page=1,11722,0,1
1717757560348,11722,GetNewProducts,200,OK,Thread Group 5000 1-210,text,true,,1864,150,4847,4847,http://localhost:5000/api/product/newProducts/?page=1,11722,0,0
1717757560347,11724,GetNewProducts,200,OK,Thread Group 5000 1-216,text,true,,1864,150,4846,4846,http://localhost:5000/api/product/newProducts/?page=1,11724,0,0
1717757560348,11723,GetNewProducts,200,OK,Thread Group 5000 1-206,text,true,,1864,150,4845,4845,http://localhost:5000/api/product/newProducts/?page=1,11723,0,0
1717757560348,11724,GetNewProducts,200,OK,Thread Group 5000 1-240,text,true,,1864,150,4844,4844,http://localhost:5000/api/product/newProducts/?page=1,11724,0,0
1717757560347,11725,GetNewProducts,200,OK,Thread Group 5000 1-212,text,true,,1864,150,4843,4843,http://localhost:5000/api/product/newProducts/?page=1,11725,0,1
1717757560348,11725,GetNewProducts,200,OK,Thread Group 5000 1-239,text,true,,1864,150,4842,4842,http://localhost:5000/api/product/newProducts/?page=1,11725,0,0
1717757560348,11727,GetNewProducts,200,OK,Thread Group 5000 1-204,text,true,,1864,150,4841,4841,http://localhost:5000/api/product/newProducts/?page=1,11727,0,0
1717757560348,11756,GetNewProducts,200,OK,Thread Group 5000 1-203,text,true,,1864,150,4840,4840,http://localhost:5000/api/product/newProducts/?page=1,11756,0,0
1717757560348,11758,GetNewProducts,200,OK,Thread Group 5000 1-200,text,true,,1864,150,4839,4839,http://localhost:5000/api/product/newProducts/?page=1,11758,0,0
1717757560348,11760,GetNewProducts,200,OK,Thread Group 5000 1-201,text,true,,1864,150,4838,4838,http://localhost:5000/api/product/newProducts/?page=1,11760,0,0
1717757560348,11768,GetNewProducts,200,OK,Thread Group 5000 1-199,text,true,,1864,150,4837,4837,http://localhost:5000/api/product/newProducts/?page=1,11768,0,0
1717757560348,11789,GetNewProducts,200,OK,Thread Group 5000 1-227,text,true,,1864,150,4836,4836,http://localhost:5000/api/product/newProducts/?page=1,11789,0,0
1717757560348,11983,GetNewProducts,200,OK,Thread Group 5000 1-220,text,true,,1864,150,4835,4835,http://localhost:5000/api/product/newProducts/?page=1,11983,0,0
1717757560348,11984,GetNewProducts,200,OK,Thread Group 5000 1-215,text,true,,1864,150,4834,4834,http://localhost:5000/api/product/newProducts/?page=1,11984,0,1
1717757560348,11985,GetNewProducts,200,OK,Thread Group 5000 1-219,text,true,,1864,150,4833,4833,http://localhost:5000/api/product/newProducts/?page=1,11985,0,1
1717757560348,11986,GetNewProducts,200,OK,Thread Group 5000 1-198,text,true,,1864,150,4832,4832,http://localhost:5000/api/product/newProducts/?page=1,11986,0,0
1717757560349,11986,GetNewProducts,200,OK,Thread Group 5000 1-195,text,true,,1864,150,4831,4831,http://localhost:5000/api/product/newProducts/?page=1,11986,0,0
1717757560349,11988,GetNewProducts,200,OK,Thread Group 5000 1-237,text,true,,1864,150,4830,4830,http://localhost:5000/api/product/newProducts/?page=1,11988,0,0
1717757560349,11989,GetNewProducts,200,OK,Thread Group 5000 1-229,text,true,,1864,150,4829,4829,http://localhost:5000/api/product/newProducts/?page=1,11989,0,0
1717757560348,12031,GetNewProducts,200,OK,Thread Group 5000 1-218,text,true,,1864,150,4828,4828,http://localhost:5000/api/product/newProducts/?page=1,12031,0,1
1717757560349,12031,GetNewProducts,200,OK,Thread Group 5000 1-191,text,true,,1864,150,4827,4827,http://localhost:5000/api/product/newProducts/?page=1,12031,0,0
1717757560349,12031,GetNewProducts,200,OK,Thread Group 5000 1-190,text,true,,1864,150,4826,4826,http://localhost:5000/api/product/newProducts/?page=1,12031,0,0
1717757560349,12032,GetNewProducts,200,OK,Thread Group 5000 1-242,text,true,,1864,150,4825,4825,http://localhost:5000/api/product/newProducts/?page=1,12032,0,0
1717757560349,12033,GetNewProducts,200,OK,Thread Group 5000 1-193,text,true,,1864,150,4824,4824,http://localhost:5000/api/product/newProducts/?page=1,12033,0,0
1717757560349,12034,GetNewProducts,200,OK,Thread Group 5000 1-224,text,true,,1864,150,4823,4823,http://localhost:5000/api/product/newProducts/?page=1,12034,0,0
1717757560349,12035,GetNewProducts,200,OK,Thread Group 5000 1-189,text,true,,1864,150,4822,4822,http://localhost:5000/api/product/newProducts/?page=1,12035,0,0
1717757560349,12036,GetNewProducts,200,OK,Thread Group 5000 1-194,text,true,,1864,150,4821,4821,http://localhost:5000/api/product/newProducts/?page=1,12036,0,0
1717757560352,12180,GetNewProducts,200,OK,Thread Group 5000 1-186,text,true,,1864,150,4820,4820,http://localhost:5000/api/product/newProducts/?page=1,12180,0,0
1717757560351,12144,GetNewProducts,200,OK,Thread Group 5000 1-160,text,true,,1864,150,4820,4820,http://localhost:5000/api/product/newProducts/?page=1,12144,0,1
1717757560351,12143,GetNewProducts,200,OK,Thread Group 5000 1-111,text,true,,1864,150,4820,4820,http://localhost:5000/api/product/newProducts/?page=1,12143,0,1
1717757560351,12142,GetNewProducts,200,OK,Thread Group 5000 1-163,text,true,,1864,150,4820,4820,http://localhost:5000/api/product/newProducts/?page=1,12142,0,0
1717757560351,12141,GetNewProducts,200,OK,Thread Group 5000 1-175,text,true,,1864,150,4820,4820,http://localhost:5000/api/product/newProducts/?page=1,12141,0,0
1717757560351,12139,GetNewProducts,200,OK,Thread Group 5000 1-174,text,true,,1864,150,4820,4820,http://localhost:5000/api/product/newProducts/?page=1,12139,0,0
1717757560351,12133,GetNewProducts,200,OK,Thread Group 5000 1-179,text,true,,1864,150,4820,4820,http://localhost:5000/api/product/newProducts/?page=1,12133,0,0
1717757560351,12129,GetNewProducts,200,OK,Thread Group 5000 1-165,text,true,,1864,150,4820,4820,http://localhost:5000/api/product/newProducts/?page=1,12129,0,0
1717757560351,12128,GetNewProducts,200,OK,Thread Group 5000 1-208,text,true,,1864,150,4820,4820,http://localhost:5000/api/product/newProducts/?page=1,12128,0,0
1717757560351,12127,GetNewProducts,200,OK,Thread Group 5000 1-172,text,true,,1864,150,4820,4820,http://localhost:5000/api/product/newProducts/?page=1,12127,0,0
1717757560351,12125,GetNewProducts,200,OK,Thread Group 5000 1-173,text,true,,1864,150,4820,4820,http://localhost:5000/api/product/newProducts/?page=1,12125,0,0
1717757560350,12118,GetNewProducts,200,OK,Thread Group 5000 1-223,text,true,,1864,150,4820,4820,http://localhost:5000/api/product/newProducts/?page=1,12118,0,1
1717757560350,12117,GetNewProducts,200,OK,Thread Group 5000 1-176,text,true,,1864,150,4820,4820,http://localhost:5000/api/product/newProducts/?page=1,12117,0,1
1717757560350,12116,GetNewProducts,200,OK,Thread Group 5000 1-180,text,true,,1864,150,4820,4820,http://localhost:5000/api/product/newProducts/?page=1,12116,0,0
1717757560350,12115,GetNewProducts,200,OK,Thread Group 5000 1-205,text,true,,1864,150,4820,4820,http://localhost:5000/api/product/newProducts/?page=1,12115,0,0
1717757560350,12115,GetNewProducts,200,OK,Thread Group 5000 1-211,text,true,,1864,150,4820,4820,http://localhost:5000/api/product/newProducts/?page=1,12115,0,1
1717757560350,12114,GetNewProducts,200,OK,Thread Group 5000 1-177,text,true,,1864,150,4820,4820,http://localhost:5000/api/product/newProducts/?page=1,12114,0,0
1717757560350,12114,GetNewProducts,200,OK,Thread Group 5000 1-214,text,true,,1864,150,4820,4820,http://localhost:5000/api/product/newProducts/?page=1,12114,0,0
1717757560349,12114,GetNewProducts,200,OK,Thread Group 5000 1-184,text,true,,1864,150,4820,4820,http://localhost:5000/api/product/newProducts/?page=1,12114,0,1
1717757560351,12183,GetNewProducts,200,OK,Thread Group 5000 1-167,text,true,,1864,150,4818,4818,http://localhost:5000/api/product/newProducts/?page=1,12183,0,1
1717757560350,12113,GetNewProducts,200,OK,Thread Group 5000 1-183,text,true,,1864,150,4820,4820,http://localhost:5000/api/product/newProducts/?page=1,12113,0,0
1717757560350,12112,GetNewProducts,200,OK,Thread Group 5000 1-182,text,true,,1864,150,4820,4820,http://localhost:5000/api/product/newProducts/?page=1,12112,0,0
1717757560350,12111,GetNewProducts,200,OK,Thread Group 5000 1-197,text,true,,1864,150,4820,4820,http://localhost:5000/api/product/newProducts/?page=1,12111,0,0
1717757560350,12111,GetNewProducts,200,OK,Thread Group 5000 1-222,text,true,,1864,150,4820,4820,http://localhost:5000/api/product/newProducts/?page=1,12111,0,0
1717757560350,12109,GetNewProducts,200,OK,Thread Group 5000 1-192,text,true,,1864,150,4820,4820,http://localhost:5000/api/product/newProducts/?page=1,12109,0,0
1717757560349,12110,GetNewProducts,200,OK,Thread Group 5000 1-202,text,true,,1864,150,4820,4820,http://localhost:5000/api/product/newProducts/?page=1,12110,0,0
1717757560349,12109,GetNewProducts,200,OK,Thread Group 5000 1-188,text,true,,1864,150,4820,4820,http://localhost:5000/api/product/newProducts/?page=1,12109,0,0
1717757560349,12109,GetNewProducts,200,OK,Thread Group 5000 1-217,text,true,,1864,150,4820,4820,http://localhost:5000/api/product/newProducts/?page=1,12109,0,0
1717757560350,12110,GetNewProducts,200,OK,Thread Group 5000 1-181,text,true,,1864,150,4820,4820,http://localhost:5000/api/product/newProducts/?page=1,12110,0,0
1717757560349,12108,GetNewProducts,200,OK,Thread Group 5000 1-196,text,true,,1864,150,4820,4820,http://localhost:5000/api/product/newProducts/?page=1,12108,0,1
1717757560349,12107,GetNewProducts,200,OK,Thread Group 5000 1-187,text,true,,1864,150,4820,4820,http://localhost:5000/api/product/newProducts/?page=1,12107,0,1
1717757560349,12106,GetNewProducts,200,OK,Thread Group 5000 1-231,text,true,,1864,150,4820,4820,http://localhost:5000/api/product/newProducts/?page=1,12106,0,0
1717757560352,12183,GetNewProducts,200,OK,Thread Group 5000 1-236,text,true,,1864,150,4796,4796,http://localhost:5000/api/product/newProducts/?page=1,12183,0,0
1717757560351,12185,GetNewProducts,200,OK,Thread Group 5000 1-157,text,true,,1864,150,4787,4787,http://localhost:5000/api/product/newProducts/?page=1,12185,0,1
1717757560352,12188,GetNewProducts,200,OK,Thread Group 5000 1-154,text,true,,1864,150,4786,4786,http://localhost:5000/api/product/newProducts/?page=1,12188,0,0
1717757560352,12189,GetNewProducts,200,OK,Thread Group 5000 1-149,text,true,,1864,150,4785,4785,http://localhost:5000/api/product/newProducts/?page=1,12189,0,0
1717757560352,12189,GetNewProducts,200,OK,Thread Group 5000 1-150,text,true,,1864,150,4784,4784,http://localhost:5000/api/product/newProducts/?page=1,12189,0,0
1717757560352,12190,GetNewProducts,200,OK,Thread Group 5000 1-151,text,true,,1864,150,4783,4783,http://localhost:5000/api/product/newProducts/?page=1,12190,0,0
1717757560352,12190,GetNewProducts,200,OK,Thread Group 5000 1-147,text,true,,1864,150,4782,4782,http://localhost:5000/api/product/newProducts/?page=1,12190,0,0
1717757560352,12193,GetNewProducts,200,OK,Thread Group 5000 1-166,text,true,,1864,150,4781,4781,http://localhost:5000/api/product/newProducts/?page=1,12193,0,0
1717757560352,12264,GetNewProducts,200,OK,Thread Group 5000 1-185,text,true,,1864,150,4780,4780,http://localhost:5000/api/product/newProducts/?page=1,12264,0,1
1717757560352,12265,GetNewProducts,200,OK,Thread Group 5000 1-141,text,true,,1864,150,4779,4779,http://localhost:5000/api/product/newProducts/?page=1,12265,0,1
1717757560353,12264,GetNewProducts,200,OK,Thread Group 5000 1-152,text,true,,1864,150,4778,4778,http://localhost:5000/api/product/newProducts/?page=1,12264,0,0
1717757560353,12265,GetNewProducts,200,OK,Thread Group 5000 1-145,text,true,,1864,150,4777,4777,http://localhost:5000/api/product/newProducts/?page=1,12265,0,0
1717757560353,12266,GetNewProducts,200,OK,Thread Group 5000 1-233,text,true,,1864,150,4776,4776,http://localhost:5000/api/product/newProducts/?page=1,12266,0,0
1717757560334,12289,GetNewProducts,200,OK,Thread Group 5000 1-135,text,true,,1864,150,4775,4775,http://localhost:5000/api/product/newProducts/?page=1,12289,0,19
1717757560353,12272,GetNewProducts,200,OK,Thread Group 5000 1-101,text,true,,1864,150,4774,4774,http://localhost:5000/api/product/newProducts/?page=1,12272,0,0
1717757560353,12272,GetNewProducts,200,OK,Thread Group 5000 1-137,text,true,,1864,150,4773,4773,http://localhost:5000/api/product/newProducts/?page=1,12272,0,0
1717757560351,12301,GetNewProducts,200,OK,Thread Group 5000 1-248,text,true,,1864,150,4772,4772,http://localhost:5000/api/product/newProducts/?page=1,12301,0,2
1717757560353,12574,GetNewProducts,200,OK,Thread Group 5000 1-168,text,true,,1864,150,4771,4771,http://localhost:5000/api/product/newProducts/?page=1,12574,0,0
1717757560354,12644,GetNewProducts,200,OK,Thread Group 5000 1-155,text,true,,1864,150,4770,4770,http://localhost:5000/api/product/newProducts/?page=1,12644,0,0
1717757560354,12638,GetNewProducts,200,OK,Thread Group 5000 1-143,text,true,,1864,150,4770,4770,http://localhost:5000/api/product/newProducts/?page=1,12638,0,0
1717757560354,12639,GetNewProducts,200,OK,Thread Group 5000 1-136,text,true,,1864,150,4770,4770,http://localhost:5000/api/product/newProducts/?page=1,12639,0,0
1717757560354,12638,GetNewProducts,200,OK,Thread Group 5000 1-161,text,true,,1864,150,4770,4770,http://localhost:5000/api/product/newProducts/?page=1,12638,0,1
1717757560355,12636,GetNewProducts,200,OK,Thread Group 5000 1-140,text,true,,1864,150,4770,4770,http://localhost:5000/api/product/newProducts/?page=1,12636,0,0
1717757560354,12636,GetNewProducts,200,OK,Thread Group 5000 1-169,text,true,,1864,150,4770,4770,http://localhost:5000/api/product/newProducts/?page=1,12636,0,1
1717757560354,12636,GetNewProducts,200,OK,Thread Group 5000 1-170,text,true,,1864,150,4770,4770,http://localhost:5000/api/product/newProducts/?page=1,12636,0,0
1717757560354,12632,GetNewProducts,200,OK,Thread Group 5000 1-138,text,true,,1864,150,4770,4770,http://localhost:5000/api/product/newProducts/?page=1,12632,0,1
1717757560353,12622,GetNewProducts,200,OK,Thread Group 5000 1-153,text,true,,1864,150,4770,4770,http://localhost:5000/api/product/newProducts/?page=1,12622,0,1
1717757560353,12620,GetNewProducts,200,OK,Thread Group 5000 1-159,text,true,,1864,150,4770,4770,http://localhost:5000/api/product/newProducts/?page=1,12620,0,1
1717757560355,12769,GetNewProducts,200,OK,Thread Group 5000 1-156,text,true,,1864,150,4760,4760,http://localhost:5000/api/product/newProducts/?page=1,12769,0,0
1717757560355,12770,GetNewProducts,200,OK,Thread Group 5000 1-139,text,true,,1864,150,4759,4759,http://localhost:5000/api/product/newProducts/?page=1,12770,0,0
1717757560355,12773,GetNewProducts,200,OK,Thread Group 5000 1-171,text,true,,1864,150,4758,4758,http://localhost:5000/api/product/newProducts/?page=1,12773,0,0
1717757560355,12774,GetNewProducts,200,OK,Thread Group 5000 1-148,text,true,,1864,150,4757,4757,http://localhost:5000/api/product/newProducts/?page=1,12774,0,0
1717757560355,12775,GetNewProducts,200,OK,Thread Group 5000 1-95,text,true,,1864,150,4756,4756,http://localhost:5000/api/product/newProducts/?page=1,12775,0,1
1717757560355,12776,GetNewProducts,200,OK,Thread Group 5000 1-146,text,true,,1864,150,4755,4755,http://localhost:5000/api/product/newProducts/?page=1,12776,0,0
1717757560355,12777,GetNewProducts,200,OK,Thread Group 5000 1-142,text,true,,1864,150,4754,4754,http://localhost:5000/api/product/newProducts/?page=1,12777,0,0
1717757560355,12782,GetNewProducts,200,OK,Thread Group 5000 1-144,text,true,,1864,150,4753,4753,http://localhost:5000/api/product/newProducts/?page=1,12782,0,0
1717757560355,12807,GetNewProducts,200,OK,Thread Group 5000 1-162,text,true,,1864,150,4752,4752,http://localhost:5000/api/product/newProducts/?page=1,12807,0,0
1717757560356,12807,GetNewProducts,200,OK,Thread Group 5000 1-256,text,true,,1864,150,4751,4751,http://localhost:5000/api/product/newProducts/?page=1,12807,0,0
1717757560356,12811,GetNewProducts,200,OK,Thread Group 5000 1-252,text,true,,1864,150,4750,4750,http://localhost:5000/api/product/newProducts/?page=1,12811,0,1
1717757560357,12810,GetNewProducts,200,OK,Thread Group 5000 1-260,text,true,,1864,150,4749,4749,http://localhost:5000/api/product/newProducts/?page=1,12810,0,0
1717757560356,12813,GetNewProducts,200,OK,Thread Group 5000 1-253,text,true,,1864,150,4748,4748,http://localhost:5000/api/product/newProducts/?page=1,12813,0,0
1717757560356,12814,GetNewProducts,200,OK,Thread Group 5000 1-257,text,true,,1864,150,4747,4747,http://localhost:5000/api/product/newProducts/?page=1,12814,0,0
1717757560357,12813,GetNewProducts,200,OK,Thread Group 5000 1-261,text,true,,1864,150,4746,4746,http://localhost:5000/api/product/newProducts/?page=1,12813,0,0
1717757560358,12813,GetNewProducts,200,OK,Thread Group 5000 1-270,text,true,,1864,150,4745,4745,http://localhost:5000/api/product/newProducts/?page=1,12813,0,0
1717757560358,12814,GetNewProducts,200,OK,Thread Group 5000 1-271,text,true,,1864,150,4744,4744,http://localhost:5000/api/product/newProducts/?page=1,12814,0,0
1717757560357,12819,GetNewProducts,200,OK,Thread Group 5000 1-264,text,true,,1864,150,4743,4743,http://localhost:5000/api/product/newProducts/?page=1,12819,0,0
1717757560358,12819,GetNewProducts,200,OK,Thread Group 5000 1-250,text,true,,1864,150,4742,4742,http://localhost:5000/api/product/newProducts/?page=1,12819,0,0
1717757560358,12820,GetNewProducts,200,OK,Thread Group 5000 1-265,text,true,,1864,150,4741,4741,http://localhost:5000/api/product/newProducts/?page=1,12820,0,0
1717757560358,12863,GetNewProducts,200,OK,Thread Group 5000 1-308,text,true,,1864,150,4740,4740,http://localhost:5000/api/product/newProducts/?page=1,12863,0,0
1717757560358,12864,GetNewProducts,200,OK,Thread Group 5000 1-255,text,true,,1864,150,4739,4739,http://localhost:5000/api/product/newProducts/?page=1,12864,0,0
1717757560358,12865,GetNewProducts,200,OK,Thread Group 5000 1-254,text,true,,1864,150,4738,4738,http://localhost:5000/api/product/newProducts/?page=1,12865,0,0
1717757560358,12865,GetNewProducts,200,OK,Thread Group 5000 1-258,text,true,,1864,150,4737,4737,http://localhost:5000/api/product/newProducts/?page=1,12865,0,1
1717757560359,12866,GetNewProducts,200,OK,Thread Group 5000 1-312,text,true,,1864,150,4736,4736,http://localhost:5000/api/product/newProducts/?page=1,12866,0,0
1717757560359,12867,GetNewProducts,200,OK,Thread Group 5000 1-263,text,true,,1864,150,4735,4735,http://localhost:5000/api/product/newProducts/?page=1,12867,0,0
1717757560360,12867,GetNewProducts,200,OK,Thread Group 5000 1-269,text,true,,1864,150,4734,4734,http://localhost:5000/api/product/newProducts/?page=1,12867,0,0
1717757560359,12868,GetNewProducts,200,OK,Thread Group 5000 1-274,text,true,,1864,150,4733,4733,http://localhost:5000/api/product/newProducts/?page=1,12868,0,0
1717757560359,12869,GetNewProducts,200,OK,Thread Group 5000 1-319,text,true,,1864,150,4732,4732,http://localhost:5000/api/product/newProducts/?page=1,12869,0,0
1717757560360,12869,GetNewProducts,200,OK,Thread Group 5000 1-332,text,true,,1864,150,4731,4731,http://localhost:5000/api/product/newProducts/?page=1,12869,0,0
1717757560360,12869,GetNewProducts,200,OK,Thread Group 5000 1-268,text,true,,1864,150,4730,4730,http://localhost:5000/api/product/newProducts/?page=1,12869,0,0
1717757560360,12870,GetNewProducts,200,OK,Thread Group 5000 1-273,text,true,,1864,150,4729,4729,http://localhost:5000/api/product/newProducts/?page=1,12870,0,1
1717757560359,12871,GetNewProducts,200,OK,Thread Group 5000 1-262,text,true,,1864,150,4728,4728,http://localhost:5000/api/product/newProducts/?page=1,12871,0,0
1717757560359,12872,GetNewProducts,200,OK,Thread Group 5000 1-267,text,true,,1864,150,4727,4727,http://localhost:5000/api/product/newProducts/?page=1,12872,0,0
1717757560361,12871,GetNewProducts,200,OK,Thread Group 5000 1-278,text,true,,1864,150,4726,4726,http://localhost:5000/api/product/newProducts/?page=1,12871,0,0
1717757560360,12872,GetNewProducts,200,OK,Thread Group 5000 1-275,text,true,,1864,150,4725,4725,http://localhost:5000/api/product/newProducts/?page=1,12872,0,1
1717757560362,12872,GetNewProducts,200,OK,Thread Group 5000 1-281,text,true,,1864,150,4724,4724,http://localhost:5000/api/product/newProducts/?page=1,12872,0,0
1717757560361,12873,GetNewProducts,200,OK,Thread Group 5000 1-276,text,true,,1864,150,4723,4723,http://localhost:5000/api/product/newProducts/?page=1,12873,0,0
1717757560361,12874,GetNewProducts,200,OK,Thread Group 5000 1-277,text,true,,1864,150,4722,4722,http://localhost:5000/api/product/newProducts/?page=1,12874,0,0
1717757560361,12879,GetNewProducts,200,OK,Thread Group 5000 1-280,text,true,,1864,150,4721,4721,http://localhost:5000/api/product/newProducts/?page=1,12879,0,0
1717757560362,12900,GetNewProducts,200,OK,Thread Group 5000 1-285,text,true,,1864,150,4720,4720,http://localhost:5000/api/product/newProducts/?page=1,12900,0,0
1717757560362,12904,GetNewProducts,200,OK,Thread Group 5000 1-284,text,true,,1864,150,4719,4719,http://localhost:5000/api/product/newProducts/?page=1,12904,0,0
1717757560364,12902,GetNewProducts,200,OK,Thread Group 5000 1-286,text,true,,1864,150,4718,4718,http://localhost:5000/api/product/newProducts/?page=1,12902,0,0
1717757560363,12904,GetNewProducts,200,OK,Thread Group 5000 1-283,text,true,,1864,150,4717,4717,http://localhost:5000/api/product/newProducts/?page=1,12904,0,0
1717757560362,12906,GetNewProducts,200,OK,Thread Group 5000 1-288,text,true,,1864,150,4716,4716,http://localhost:5000/api/product/newProducts/?page=1,12906,0,0
1717757560362,12906,GetNewProducts,200,OK,Thread Group 5000 1-279,text,true,,1864,150,4715,4715,http://localhost:5000/api/product/newProducts/?page=1,12906,0,0
1717757560363,12906,GetNewProducts,200,OK,Thread Group 5000 1-282,text,true,,1864,150,4714,4714,http://localhost:5000/api/product/newProducts/?page=1,12906,0,0
1717757560364,12906,GetNewProducts,200,OK,Thread Group 5000 1-287,text,true,,1864,150,4713,4713,http://localhost:5000/api/product/newProducts/?page=1,12906,0,0
1717757560362,12908,GetNewProducts,200,OK,Thread Group 5000 1-289,text,true,,1864,150,4712,4712,http://localhost:5000/api/product/newProducts/?page=1,12908,0,0
1717757560364,12907,GetNewProducts,200,OK,Thread Group 5000 1-291,text,true,,1864,150,4711,4711,http://localhost:5000/api/product/newProducts/?page=1,12907,0,1
1717757560365,12906,GetNewProducts,200,OK,Thread Group 5000 1-292,text,true,,1864,150,4710,4710,http://localhost:5000/api/product/newProducts/?page=1,12906,0,0
1717757560365,12908,GetNewProducts,200,OK,Thread Group 5000 1-293,text,true,,1864,150,4709,4709,http://localhost:5000/api/product/newProducts/?page=1,12908,0,0
1717757560364,12909,GetNewProducts,200,OK,Thread Group 5000 1-290,text,true,,1864,150,4708,4708,http://localhost:5000/api/product/newProducts/?page=1,12909,0,0
1717757560365,12967,GetNewProducts,200,OK,Thread Group 5000 1-398,text,true,,1864,150,4707,4707,http://localhost:5000/api/product/newProducts/?page=1,12967,0,0
1717757560365,12969,GetNewProducts,200,OK,Thread Group 5000 1-300,text,true,,1864,150,4706,4706,http://localhost:5000/api/product/newProducts/?page=1,12969,0,1
1717757560365,12970,GetNewProducts,200,OK,Thread Group 5000 1-405,text,true,,1864,150,4705,4705,http://localhost:5000/api/product/newProducts/?page=1,12970,0,0
1717757560365,12971,GetNewProducts,200,OK,Thread Group 5000 1-295,text,true,,1864,150,4704,4704,http://localhost:5000/api/product/newProducts/?page=1,12971,0,1
1717757560365,12974,GetNewProducts,200,OK,Thread Group 5000 1-294,text,true,,1864,150,4703,4703,http://localhost:5000/api/product/newProducts/?page=1,12974,0,0
1717757560366,12988,GetNewProducts,200,OK,Thread Group 5000 1-299,text,true,,1864,150,4702,4702,http://localhost:5000/api/product/newProducts/?page=1,12988,0,0
1717757560366,12988,GetNewProducts,200,OK,Thread Group 5000 1-298,text,true,,1864,150,4701,4701,http://localhost:5000/api/product/newProducts/?page=1,12988,0,0
1717757560366,12989,GetNewProducts,200,OK,Thread Group 5000 1-304,text,true,,1864,150,4700,4700,http://localhost:5000/api/product/newProducts/?page=1,12989,0,0
1717757560366,12990,GetNewProducts,200,OK,Thread Group 5000 1-301,text,true,,1864,150,4699,4699,http://localhost:5000/api/product/newProducts/?page=1,12990,0,0
1717757560366,12991,GetNewProducts,200,OK,Thread Group 5000 1-303,text,true,,1864,150,4698,4698,http://localhost:5000/api/product/newProducts/?page=1,12991,0,1
1717757560367,12991,GetNewProducts,200,OK,Thread Group 5000 1-251,text,true,,1864,150,4697,4697,http://localhost:5000/api/product/newProducts/?page=1,12991,0,0
1717757560366,12993,GetNewProducts,200,OK,Thread Group 5000 1-305,text,true,,1864,150,4696,4696,http://localhost:5000/api/product/newProducts/?page=1,12993,0,0
1717757560366,12994,GetNewProducts,200,OK,Thread Group 5000 1-302,text,true,,1864,150,4695,4695,http://localhost:5000/api/product/newProducts/?page=1,12994,0,0
1717757560367,13006,GetNewProducts,200,OK,Thread Group 5000 1-307,text,true,,1864,150,4694,4694,http://localhost:5000/api/product/newProducts/?page=1,13006,0,0
1717757560367,13007,GetNewProducts,200,OK,Thread Group 5000 1-309,text,true,,1864,150,4693,4693,http://localhost:5000/api/product/newProducts/?page=1,13007,0,0
1717757560367,13008,GetNewProducts,200,OK,Thread Group 5000 1-306,text,true,,1864,150,4692,4692,http://localhost:5000/api/product/newProducts/?page=1,13008,0,0
1717757560368,13008,GetNewProducts,200,OK,Thread Group 5000 1-314,text,true,,1864,150,4691,4691,http://localhost:5000/api/product/newProducts/?page=1,13008,0,0
1717757560367,13011,GetNewProducts,200,OK,Thread Group 5000 1-310,text,true,,1864,150,4690,4690,http://localhost:5000/api/product/newProducts/?page=1,13011,0,0
1717757560368,13010,GetNewProducts,200,OK,Thread Group 5000 1-440,text,true,,1864,150,4689,4689,http://localhost:5000/api/product/newProducts/?page=1,13010,0,0
1717757560368,13011,GetNewProducts,200,OK,Thread Group 5000 1-454,text,true,,1864,150,4688,4688,http://localhost:5000/api/product/newProducts/?page=1,13011,0,0
1717757560367,13013,GetNewProducts,200,OK,Thread Group 5000 1-311,text,true,,1864,150,4687,4687,http://localhost:5000/api/product/newProducts/?page=1,13013,0,0
1717757560368,13012,GetNewProducts,200,OK,Thread Group 5000 1-315,text,true,,1864,150,4686,4686,http://localhost:5000/api/product/newProducts/?page=1,13012,0,0
1717757560367,13014,GetNewProducts,200,OK,Thread Group 5000 1-313,text,true,,1864,150,4685,4685,http://localhost:5000/api/product/newProducts/?page=1,13014,0,1
1717757560369,13024,GetNewProducts,200,OK,Thread Group 5000 1-321,text,true,,1864,150,4684,4684,http://localhost:5000/api/product/newProducts/?page=1,13024,0,0
1717757560370,13024,GetNewProducts,200,OK,Thread Group 5000 1-328,text,true,,1864,150,4683,4683,http://localhost:5000/api/product/newProducts/?page=1,13024,0,0
1717757560368,13027,GetNewProducts,200,OK,Thread Group 5000 1-320,text,true,,1864,150,4682,4682,http://localhost:5000/api/product/newProducts/?page=1,13027,0,1
1717757560368,13027,GetNewProducts,200,OK,Thread Group 5000 1-317,text,true,,1864,150,4681,4681,http://localhost:5000/api/product/newProducts/?page=1,13027,0,1
1717757560369,13028,GetNewProducts,200,OK,Thread Group 5000 1-318,text,true,,1864,150,4680,4680,http://localhost:5000/api/product/newProducts/?page=1,13028,0,0
1717757560368,13029,GetNewProducts,200,OK,Thread Group 5000 1-316,text,true,,1864,150,4679,4679,http://localhost:5000/api/product/newProducts/?page=1,13029,0,0
1717757560370,13028,GetNewProducts,200,OK,Thread Group 5000 1-329,text,true,,1864,150,4678,4678,http://localhost:5000/api/product/newProducts/?page=1,13028,0,1
1717757560370,13028,GetNewProducts,200,OK,Thread Group 5000 1-322,text,true,,1864,150,4677,4677,http://localhost:5000/api/product/newProducts/?page=1,13028,0,0
1717757560370,13030,GetNewProducts,200,OK,Thread Group 5000 1-486,text,true,,1864,150,4676,4676,http://localhost:5000/api/product/newProducts/?page=1,13030,0,1
1717757560370,13031,GetNewProducts,200,OK,Thread Group 5000 1-323,text,true,,1864,150,4675,4675,http://localhost:5000/api/product/newProducts/?page=1,13031,0,0
1717757560371,13039,GetNewProducts,200,OK,Thread Group 5000 1-327,text,true,,1864,150,4674,4674,http://localhost:5000/api/product/newProducts/?page=1,13039,0,0
1717757560370,13043,GetNewProducts,200,OK,Thread Group 5000 1-324,text,true,,1864,150,4673,4673,http://localhost:5000/api/product/newProducts/?page=1,13043,0,1
1717757560371,13044,GetNewProducts,200,OK,Thread Group 5000 1-330,text,true,,1864,150,4672,4672,http://localhost:5000/api/product/newProducts/?page=1,13044,0,0
1717757560372,13043,GetNewProducts,200,OK,Thread Group 5000 1-272,text,true,,1864,150,4671,4671,http://localhost:5000/api/product/newProducts/?page=1,13043,0,0
1717757560372,13044,GetNewProducts,200,OK,Thread Group 5000 1-331,text,true,,1864,150,4670,4670,http://localhost:5000/api/product/newProducts/?page=1,13044,0,0
1717757560372,13045,GetNewProducts,200,OK,Thread Group 5000 1-333,text,true,,1864,150,4669,4669,http://localhost:5000/api/product/newProducts/?page=1,13045,0,0
1717757560371,13046,GetNewProducts,200,OK,Thread Group 5000 1-326,text,true,,1864,150,4668,4668,http://localhost:5000/api/product/newProducts/?page=1,13046,0,0
1717757560438,12982,GetNewProducts,200,OK,Thread Group 5000 1-704,text,true,,1864,150,4667,4667,http://localhost:5000/api/product/newProducts/?page=1,12982,0,1
1717757560439,12984,GetNewProducts,200,OK,Thread Group 5000 1-705,text,true,,1864,150,4666,4666,http://localhost:5000/api/product/newProducts/?page=1,12984,0,0
1717757560439,12984,GetNewProducts,200,OK,Thread Group 5000 1-699,text,true,,1864,150,4665,4665,http://localhost:5000/api/product/newProducts/?page=1,12984,0,0
1717757560439,13011,GetNewProducts,200,OK,Thread Group 5000 1-707,text,true,,1864,150,4664,4664,http://localhost:5000/api/product/newProducts/?page=1,13011,0,0
1717757560439,13012,GetNewProducts,200,OK,Thread Group 5000 1-698,text,true,,1864,150,4663,4663,http://localhost:5000/api/product/newProducts/?page=1,13012,0,0
1717757560439,13013,GetNewProducts,200,OK,Thread Group 5000 1-710,text,true,,1864,150,4662,4662,http://localhost:5000/api/product/newProducts/?page=1,13013,0,0
1717757560442,13091,GetNewProducts,200,OK,Thread Group 5000 1-741,text,true,,1864,150,4661,4661,http://localhost:5000/api/product/newProducts/?page=1,13091,0,0
1717757560441,13092,GetNewProducts,200,OK,Thread Group 5000 1-731,text,true,,1864,150,4661,4661,http://localhost:5000/api/product/newProducts/?page=1,13092,0,0
1717757560442,13090,GetNewProducts,200,OK,Thread Group 5000 1-737,text,true,,1864,150,4661,4661,http://localhost:5000/api/product/newProducts/?page=1,13090,0,0
1717757560441,13091,GetNewProducts,200,OK,Thread Group 5000 1-728,text,true,,1864,150,4661,4661,http://localhost:5000/api/product/newProducts/?page=1,13091,0,0
1717757560441,13090,GetNewProducts,200,OK,Thread Group 5000 1-732,text,true,,1864,150,4661,4661,http://localhost:5000/api/product/newProducts/?page=1,13090,0,1
1717757560442,13088,GetNewProducts,200,OK,Thread Group 5000 1-733,text,true,,1864,150,4661,4661,http://localhost:5000/api/product/newProducts/?page=1,13088,0,0
1717757560442,13088,GetNewProducts,200,OK,Thread Group 5000 1-736,text,true,,1864,150,4661,4661,http://localhost:5000/api/product/newProducts/?page=1,13088,0,0
1717757560442,13087,GetNewProducts,200,OK,Thread Group 5000 1-734,text,true,,1864,150,4661,4661,http://localhost:5000/api/product/newProducts/?page=1,13087,0,0
1717757560441,13088,GetNewProducts,200,OK,Thread Group 5000 1-730,text,true,,1864,150,4661,4661,http://localhost:5000/api/product/newProducts/?page=1,13088,0,0
1717757560442,13086,GetNewProducts,200,OK,Thread Group 5000 1-735,text,true,,1864,150,4661,4661,http://localhost:5000/api/product/newProducts/?page=1,13086,0,0
1717757560441,13087,GetNewProducts,200,OK,Thread Group 5000 1-729,text,true,,1864,150,4661,4661,http://localhost:5000/api/product/newProducts/?page=1,13087,0,0
1717757560441,13086,GetNewProducts,200,OK,Thread Group 5000 1-725,text,true,,1864,150,4661,4661,http://localhost:5000/api/product/newProducts/?page=1,13086,0,0
1717757560441,13085,GetNewProducts,200,OK,Thread Group 5000 1-727,text,true,,1864,150,4661,4661,http://localhost:5000/api/product/newProducts/?page=1,13085,0,0
1717757560441,13084,GetNewProducts,200,OK,Thread Group 5000 1-723,text,true,,1864,150,4661,4661,http://localhost:5000/api/product/newProducts/?page=1,13084,0,0
1717757560441,13053,GetNewProducts,200,OK,Thread Group 5000 1-724,text,true,,1864,150,4661,4661,http://localhost:5000/api/product/newProducts/?page=1,13053,0,0
1717757560441,13082,GetNewProducts,200,OK,Thread Group 5000 1-726,text,true,,1864,150,4661,4661,http://localhost:5000/api/product/newProducts/?page=1,13082,0,0
1717757560440,13053,GetNewProducts,200,OK,Thread Group 5000 1-719,text,true,,1864,150,4661,4661,http://localhost:5000/api/product/newProducts/?page=1,13053,0,1
1717757560440,13029,GetNewProducts,200,OK,Thread Group 5000 1-1546,text,true,,1864,150,4661,4661,http://localhost:5000/api/product/newProducts/?page=1,13029,0,0
1717757560440,13026,GetNewProducts,200,OK,Thread Group 5000 1-721,text,true,,1864,150,4661,4661,http://localhost:5000/api/product/newProducts/?page=1,13026,0,0
1717757560440,13024,GetNewProducts,200,OK,Thread Group 5000 1-715,text,true,,1864,150,4661,4661,http://localhost:5000/api/product/newProducts/?page=1,13024,0,0
1717757560441,13022,GetNewProducts,200,OK,Thread Group 5000 1-1558,text,true,,1864,150,4661,4661,http://localhost:5000/api/product/newProducts/?page=1,13022,0,0
1717757560440,13023,GetNewProducts,200,OK,Thread Group 5000 1-717,text,true,,1864,150,4661,4661,http://localhost:5000/api/product/newProducts/?page=1,13023,0,0
1717757560440,13022,GetNewProducts,200,OK,Thread Group 5000 1-716,text,true,,1864,150,4661,4661,http://localhost:5000/api/product/newProducts/?page=1,13022,0,0
1717757560440,13022,GetNewProducts,200,OK,Thread Group 5000 1-1555,text,true,,1864,150,4661,4661,http://localhost:5000/api/product/newProducts/?page=1,13022,0,0
1717757560440,13021,GetNewProducts,200,OK,Thread Group 5000 1-709,text,true,,1864,150,4661,4661,http://localhost:5000/api/product/newProducts/?page=1,13021,0,0
1717757560440,13021,GetNewProducts,200,OK,Thread Group 5000 1-1556,text,true,,1864,150,4661,4661,http://localhost:5000/api/product/newProducts/?page=1,13021,0,1
1717757560440,13020,GetNewProducts,200,OK,Thread Group 5000 1-712,text,true,,1864,150,4661,4661,http://localhost:5000/api/product/newProducts/?page=1,13020,0,0
1717757560439,13018,GetNewProducts,200,OK,Thread Group 5000 1-703,text,true,,1864,150,4661,4661,http://localhost:5000/api/product/newProducts/?page=1,13018,0,0
1717757560439,13017,GetNewProducts,200,OK,Thread Group 5000 1-711,text,true,,1864,150,4661,4661,http://localhost:5000/api/product/newProducts/?page=1,13017,0,1
1717757560439,13016,GetNewProducts,200,OK,Thread Group 5000 1-714,text,true,,1864,150,4661,4661,http://localhost:5000/api/product/newProducts/?page=1,13016,0,1
1717757560439,13015,GetNewProducts,200,OK,Thread Group 5000 1-702,text,true,,1864,150,4661,4661,http://localhost:5000/api/product/newProducts/?page=1,13015,0,0
1717757560439,13014,GetNewProducts,200,OK,Thread Group 5000 1-708,text,true,,1864,150,4661,4661,http://localhost:5000/api/product/newProducts/?page=1,13014,0,1
1717757560439,13013,GetNewProducts,200,OK,Thread Group 5000 1-1537,text,true,,1864,150,4661,4661,http://localhost:5000/api/product/newProducts/?page=1,13013,0,0
1717757560442,13130,GetNewProducts,200,OK,Thread Group 5000 1-740,text,true,,1864,150,4628,4628,http://localhost:5000/api/product/newProducts/?page=1,13130,0,0
1717757560442,13130,GetNewProducts,200,OK,Thread Group 5000 1-739,text,true,,1864,150,4627,4627,http://localhost:5000/api/product/newProducts/?page=1,13130,0,0
1717757560442,13134,GetNewProducts,200,OK,Thread Group 5000 1-738,text,true,,1864,150,4626,4626,http://localhost:5000/api/product/newProducts/?page=1,13134,0,0
1717757560442,13134,GetNewProducts,200,OK,Thread Group 5000 1-744,text,true,,1864,150,4625,4625,http://localhost:5000/api/product/newProducts/?page=1,13134,0,1
1717757560442,13137,GetNewProducts,200,OK,Thread Group 5000 1-742,text,true,,1864,150,4624,4624,http://localhost:5000/api/product/newProducts/?page=1,13137,0,0
1717757560442,13138,GetNewProducts,200,OK,Thread Group 5000 1-743,text,true,,1864,150,4623,4623,http://localhost:5000/api/product/newProducts/?page=1,13138,0,1
1717757560443,13139,GetNewProducts,200,OK,Thread Group 5000 1-1587,text,true,,1864,150,4622,4622,http://localhost:5000/api/product/newProducts/?page=1,13139,0,0
1717757560443,13167,GetNewProducts,200,OK,Thread Group 5000 1-750,text,true,,1864,150,4621,4621,http://localhost:5000/api/product/newProducts/?page=1,13167,0,0
1717757560443,13168,GetNewProducts,200,OK,Thread Group 5000 1-748,text,true,,1864,150,4620,4620,http://localhost:5000/api/product/newProducts/?page=1,13168,0,0
1717757560443,13170,GetNewProducts,200,OK,Thread Group 5000 1-747,text,true,,1864,150,4619,4619,http://localhost:5000/api/product/newProducts/?page=1,13170,0,0
1717757560444,13170,GetNewProducts,200,OK,Thread Group 5000 1-753,text,true,,1864,150,4618,4618,http://localhost:5000/api/product/newProducts/?page=1,13170,0,0
1717757560443,13171,GetNewProducts,200,OK,Thread Group 5000 1-751,text,true,,1864,150,4617,4617,http://localhost:5000/api/product/newProducts/?page=1,13171,0,1
1717757560443,13172,GetNewProducts,200,OK,Thread Group 5000 1-746,text,true,,1864,150,4616,4616,http://localhost:5000/api/product/newProducts/?page=1,13172,0,0
1717757560443,13173,GetNewProducts,200,OK,Thread Group 5000 1-752,text,true,,1864,150,4615,4615,http://localhost:5000/api/product/newProducts/?page=1,13173,0,1
1717757560443,13174,GetNewProducts,200,OK,Thread Group 5000 1-749,text,true,,1864,150,4614,4614,http://localhost:5000/api/product/newProducts/?page=1,13174,0,1
1717757560444,13179,GetNewProducts,200,OK,Thread Group 5000 1-755,text,true,,1864,150,4613,4613,http://localhost:5000/api/product/newProducts/?page=1,13179,0,0
1717757560445,13190,GetNewProducts,200,OK,Thread Group 5000 1-761,text,true,,1864,150,4612,4612,http://localhost:5000/api/product/newProducts/?page=1,13190,0,0
1717757560444,13192,GetNewProducts,200,OK,Thread Group 5000 1-758,text,true,,1864,150,4611,4611,http://localhost:5000/api/product/newProducts/?page=1,13192,0,0
1717757560444,13192,GetNewProducts,200,OK,Thread Group 5000 1-754,text,true,,1864,150,4610,4610,http://localhost:5000/api/product/newProducts/?page=1,13192,0,0
1717757560444,13194,GetNewProducts,200,OK,Thread Group 5000 1-760,text,true,,1864,150,4609,4609,http://localhost:5000/api/product/newProducts/?page=1,13194,0,0
1717757560444,13195,GetNewProducts,200,OK,Thread Group 5000 1-1597,text,true,,1864,150,4608,4608,http://localhost:5000/api/product/newProducts/?page=1,13195,0,0
1717757560445,13194,GetNewProducts,200,OK,Thread Group 5000 1-756,text,true,,1864,150,4607,4607,http://localhost:5000/api/product/newProducts/?page=1,13194,0,1
1717757560445,13196,GetNewProducts,200,OK,Thread Group 5000 1-757,text,true,,1864,150,4606,4606,http://localhost:5000/api/product/newProducts/?page=1,13196,0,0
1717757560446,13195,GetNewProducts,200,OK,Thread Group 5000 1-763,text,true,,1864,150,4605,4605,http://localhost:5000/api/product/newProducts/?page=1,13195,0,0
1717757560445,13197,GetNewProducts,200,OK,Thread Group 5000 1-762,text,true,,1864,150,4604,4604,http://localhost:5000/api/product/newProducts/?page=1,13197,0,1
1717757560525,13204,GetNewProducts,200,OK,Thread Group 5000 1-2823,text,true,,1864,150,4603,4603,http://localhost:5000/api/product/newProducts/?page=1,13204,0,0
1717757560525,13206,GetNewProducts,200,OK,Thread Group 5000 1-1334,text,true,,1864,150,4602,4602,http://localhost:5000/api/product/newProducts/?page=1,13206,0,0
1717757560526,13206,GetNewProducts,200,OK,Thread Group 5000 1-1340,text,true,,1864,150,4601,4601,http://localhost:5000/api/product/newProducts/?page=1,13205,0,0
1717757560525,13208,GetNewProducts,200,OK,Thread Group 5000 1-2828,text,true,,1864,150,4600,4600,http://localhost:5000/api/product/newProducts/?page=1,13208,0,0
1717757560526,13208,GetNewProducts,200,OK,Thread Group 5000 1-1335,text,true,,1864,150,4599,4599,http://localhost:5000/api/product/newProducts/?page=1,13208,0,0
1717757560526,13210,GetNewProducts,200,OK,Thread Group 5000 1-2849,text,true,,1864,150,4598,4598,http://localhost:5000/api/product/newProducts/?page=1,13210,0,0
1717757560526,13211,GetNewProducts,200,OK,Thread Group 5000 1-1343,text,true,,1864,150,4597,4597,http://localhost:5000/api/product/newProducts/?page=1,13211,0,0
1717757560526,13212,GetNewProducts,200,OK,Thread Group 5000 1-1342,text,true,,1864,150,4596,4596,http://localhost:5000/api/product/newProducts/?page=1,13212,0,1
1717757560526,13213,GetNewProducts,200,OK,Thread Group 5000 1-1338,text,true,,1864,150,4595,4595,http://localhost:5000/api/product/newProducts/?page=1,13213,0,0
1717757560526,13213,GetNewProducts,200,OK,Thread Group 5000 1-2851,text,true,,1864,150,4594,4594,http://localhost:5000/api/product/newProducts/?page=1,13213,0,0
1717757560527,13249,GetNewProducts,200,OK,Thread Group 5000 1-565,text,true,,1864,150,4593,4593,http://localhost:5000/api/product/newProducts/?page=1,13249,0,1
1717757560527,13249,GetNewProducts,200,OK,Thread Group 5000 1-1337,text,true,,1864,150,4592,4592,http://localhost:5000/api/product/newProducts/?page=1,13249,0,0
1717757560527,13251,GetNewProducts,200,OK,Thread Group 5000 1-1336,text,true,,1864,150,4591,4591,http://localhost:5000/api/product/newProducts/?page=1,13251,0,0
1717757560527,13253,GetNewProducts,200,OK,Thread Group 5000 1-1346,text,true,,1864,150,4590,4590,http://localhost:5000/api/product/newProducts/?page=1,13253,0,1
1717757560528,13253,GetNewProducts,200,OK,Thread Group 5000 1-2873,text,true,,1864,150,4589,4589,http://localhost:5000/api/product/newProducts/?page=1,13253,0,0
1717757560527,13255,GetNewProducts,200,OK,Thread Group 5000 1-2859,text,true,,1864,150,4588,4588,http://localhost:5000/api/product/newProducts/?page=1,13255,0,0
1717757560528,13258,GetNewProducts,200,OK,Thread Group 5000 1-1349,text,true,,1864,150,4587,4587,http://localhost:5000/api/product/newProducts/?page=1,13258,0,0
1717757560528,13259,GetNewProducts,200,OK,Thread Group 5000 1-1350,text,true,,1864,150,4586,4586,http://localhost:5000/api/product/newProducts/?page=1,13259,0,0
1717757560528,13260,GetNewProducts,200,OK,Thread Group 5000 1-1352,text,true,,1864,150,4585,4585,http://localhost:5000/api/product/newProducts/?page=1,13260,0,1
1717757560527,13262,GetNewProducts,200,OK,Thread Group 5000 1-1341,text,true,,1864,150,4584,4584,http://localhost:5000/api/product/newProducts/?page=1,13262,0,0
1717757560528,13262,GetNewProducts,200,OK,Thread Group 5000 1-1348,text,true,,1864,150,4583,4583,http://localhost:5000/api/product/newProducts/?page=1,13262,0,0
1717757560528,13263,GetNewProducts,200,OK,Thread Group 5000 1-2879,text,true,,1864,150,4582,4582,http://localhost:5000/api/product/newProducts/?page=1,13263,0,1
1717757560529,13263,GetNewProducts,200,OK,Thread Group 5000 1-1355,text,true,,1864,150,4581,4581,http://localhost:5000/api/product/newProducts/?page=1,13263,0,0
1717757560529,13266,GetNewProducts,200,OK,Thread Group 5000 1-1356,text,true,,1864,150,4580,4580,http://localhost:5000/api/product/newProducts/?page=1,13266,0,0
1717757560529,13286,GetNewProducts,200,OK,Thread Group 5000 1-1354,text,true,,1864,150,4579,4579,http://localhost:5000/api/product/newProducts/?page=1,13286,0,0
1717757560529,13288,GetNewProducts,200,OK,Thread Group 5000 1-586,text,true,,1864,150,4578,4578,http://localhost:5000/api/product/newProducts/?page=1,13288,0,0
1717757560529,13289,GetNewProducts,200,OK,Thread Group 5000 1-1360,text,true,,1864,150,4577,4577,http://localhost:5000/api/product/newProducts/?page=1,13289,0,1
1717757560529,13291,GetNewProducts,200,OK,Thread Group 5000 1-1357,text,true,,1864,150,4576,4576,http://localhost:5000/api/product/newProducts/?page=1,13291,0,0
1717757560529,13291,GetNewProducts,200,OK,Thread Group 5000 1-1359,text,true,,1864,150,4575,4575,http://localhost:5000/api/product/newProducts/?page=1,13291,0,0
1717757560530,13295,GetNewProducts,200,OK,Thread Group 5000 1-1361,text,true,,1864,150,4574,4574,http://localhost:5000/api/product/newProducts/?page=1,13295,0,0
1717757560530,13316,GetNewProducts,200,OK,Thread Group 5000 1-1362,text,true,,1864,150,4573,4573,http://localhost:5000/api/product/newProducts/?page=1,13316,0,0
1717757560530,13317,GetNewProducts,200,OK,Thread Group 5000 1-1363,text,true,,1864,150,4572,4572,http://localhost:5000/api/product/newProducts/?page=1,13317,0,0
1717757560530,13317,GetNewProducts,200,OK,Thread Group 5000 1-1364,text,true,,1864,150,4571,4571,http://localhost:5000/api/product/newProducts/?page=1,13317,0,0
1717757560530,13318,GetNewProducts,200,OK,Thread Group 5000 1-1365,text,true,,1864,150,4570,4570,http://localhost:5000/api/product/newProducts/?page=1,13318,0,0
1717757560531,13318,GetNewProducts,200,OK,Thread Group 5000 1-1368,text,true,,1864,150,4569,4569,http://localhost:5000/api/product/newProducts/?page=1,13318,0,0
1717757560531,13319,GetNewProducts,200,OK,Thread Group 5000 1-1372,text,true,,1864,150,4568,4568,http://localhost:5000/api/product/newProducts/?page=1,13319,0,1
1717757560530,13321,GetNewProducts,200,OK,Thread Group 5000 1-2911,text,true,,1864,150,4567,4567,http://localhost:5000/api/product/newProducts/?page=1,13321,0,1
1717757560531,13320,GetNewProducts,200,OK,Thread Group 5000 1-2920,text,true,,1864,150,4566,4566,http://localhost:5000/api/product/newProducts/?page=1,13320,0,0
1717757560530,13322,GetNewProducts,200,OK,Thread Group 5000 1-1366,text,true,,1864,150,4565,4565,http://localhost:5000/api/product/newProducts/?page=1,13322,0,0
1717757560531,13321,GetNewProducts,200,OK,Thread Group 5000 1-1370,text,true,,1864,150,4564,4564,http://localhost:5000/api/product/newProducts/?page=1,13321,0,0
1717757560532,13321,GetNewProducts,200,OK,Thread Group 5000 1-1373,text,true,,1864,150,4563,4563,http://localhost:5000/api/product/newProducts/?page=1,13320,0,0
1717757560533,13320,GetNewProducts,200,OK,Thread Group 5000 1-1375,text,true,,1864,150,4562,4562,http://localhost:5000/api/product/newProducts/?page=1,13320,0,0
1717757560534,13392,GetNewProducts,200,OK,Thread Group 5000 1-1381,text,true,,1864,150,4561,4561,http://localhost:5000/api/product/newProducts/?page=1,13392,0,0
1717757560532,13394,GetNewProducts,200,OK,Thread Group 5000 1-591,text,true,,1864,150,4560,4560,http://localhost:5000/api/product/newProducts/?page=1,13394,0,1
1717757560532,13396,GetNewProducts,200,OK,Thread Group 5000 1-1377,text,true,,1864,150,4559,4559,http://localhost:5000/api/product/newProducts/?page=1,13396,0,0
1717757560531,13398,GetNewProducts,200,OK,Thread Group 5000 1-1371,text,true,,1864,150,4558,4558,http://localhost:5000/api/product/newProducts/?page=1,13398,0,0
1717757560534,13395,GetNewProducts,200,OK,Thread Group 5000 1-2950,text,true,,1864,150,4557,4557,http://localhost:5000/api/product/newProducts/?page=1,13395,0,0
1717757560532,13397,GetNewProducts,200,OK,Thread Group 5000 1-1374,text,true,,1864,150,4556,4556,http://localhost:5000/api/product/newProducts/?page=1,13397,0,1
1717757560534,13396,GetNewProducts,200,OK,Thread Group 5000 1-1382,text,true,,1864,150,4555,4555,http://localhost:5000/api/product/newProducts/?page=1,13396,0,0
1717757560533,13398,GetNewProducts,200,OK,Thread Group 5000 1-1378,text,true,,1864,150,4554,4554,http://localhost:5000/api/product/newProducts/?page=1,13398,0,1
1717757560537,13457,GetNewProducts,200,OK,Thread Group 5000 1-1392,text,true,,1864,150,4553,4553,http://localhost:5000/api/product/newProducts/?page=1,13457,0,0
1717757560537,13457,GetNewProducts,200,OK,Thread Group 5000 1-1389,text,true,,1864,150,4553,4553,http://localhost:5000/api/product/newProducts/?page=1,13457,0,0
1717757560537,13456,GetNewProducts,200,OK,Thread Group 5000 1-1390,text,true,,1864,150,4553,4553,http://localhost:5000/api/product/newProducts/?page=1,13456,0,0
1717757560537,13455,GetNewProducts,200,OK,Thread Group 5000 1-1388,text,true,,1864,150,4553,4553,http://localhost:5000/api/product/newProducts/?page=1,13455,0,0
1717757560536,13440,GetNewProducts,200,OK,Thread Group 5000 1-2983,text,true,,1864,150,4553,4553,http://localhost:5000/api/product/newProducts/?page=1,13440,0,0
1717757560536,13440,GetNewProducts,200,OK,Thread Group 5000 1-1387,text,true,,1864,150,4553,4553,http://localhost:5000/api/product/newProducts/?page=1,13440,0,0
1717757560536,13438,GetNewProducts,200,OK,Thread Group 5000 1-1385,text,true,,1864,150,4553,4553,http://localhost:5000/api/product/newProducts/?page=1,13438,0,0
1717757560534,13439,GetNewProducts,200,OK,Thread Group 5000 1-1380,text,true,,1864,150,4553,4553,http://localhost:5000/api/product/newProducts/?page=1,13439,0,1
1717757560536,13435,GetNewProducts,200,OK,Thread Group 5000 1-1384,text,true,,1864,150,4553,4553,http://localhost:5000/api/product/newProducts/?page=1,13435,0,0
1717757560535,13435,GetNewProducts,200,OK,Thread Group 5000 1-604,text,true,,1864,150,4553,4553,http://localhost:5000/api/product/newProducts/?page=1,13435,0,0
1717757560538,13589,GetNewProducts,200,OK,Thread Group 5000 1-1394,text,true,,1864,150,4543,4543,http://localhost:5000/api/product/newProducts/?page=1,13589,0,0
1717757560586,13542,GetNewProducts,200,OK,Thread Group 5000 1-1839,text,true,,1864,150,4542,4542,http://localhost:5000/api/product/newProducts/?page=1,13542,0,0
1717757560538,13590,GetNewProducts,200,OK,Thread Group 5000 1-1395,text,true,,1864,150,4541,4541,http://localhost:5000/api/product/newProducts/?page=1,13590,0,0
1717757560586,13543,GetNewProducts,200,OK,Thread Group 5000 1-1838,text,true,,1864,150,4540,4540,http://localhost:5000/api/product/newProducts/?page=1,13543,0,0
1717757560537,13593,GetNewProducts,200,OK,Thread Group 5000 1-1391,text,true,,1864,150,4539,4539,http://localhost:5000/api/product/newProducts/?page=1,13593,0,1
1717757560586,13545,GetNewProducts,200,OK,Thread Group 5000 1-1841,text,true,,1864,150,4538,4538,http://localhost:5000/api/product/newProducts/?page=1,13545,0,1
1717757560586,13546,GetNewProducts,200,OK,Thread Group 5000 1-1840,text,true,,1864,150,4537,4537,http://localhost:5000/api/product/newProducts/?page=1,13546,0,0
1717757560537,13597,GetNewProducts,200,OK,Thread Group 5000 1-1393,text,true,,1864,150,4536,4536,http://localhost:5000/api/product/newProducts/?page=1,13597,0,0
1717757560587,13556,GetNewProducts,200,OK,Thread Group 5000 1-1844,text,true,,1864,150,4535,4535,http://localhost:5000/api/product/newProducts/?page=1,13556,0,0
1717757560586,13558,GetNewProducts,200,OK,Thread Group 5000 1-1842,text,true,,1864,150,4534,4534,http://localhost:5000/api/product/newProducts/?page=1,13558,0,1
1717757560588,13558,GetNewProducts,200,OK,Thread Group 5000 1-1855,text,true,,1864,150,4533,4533,http://localhost:5000/api/product/newProducts/?page=1,13558,0,0
1717757560587,13560,GetNewProducts,200,OK,Thread Group 5000 1-1846,text,true,,1864,150,4532,4532,http://localhost:5000/api/product/newProducts/?page=1,13560,0,0
1717757560587,13561,GetNewProducts,200,OK,Thread Group 5000 1-1845,text,true,,1864,150,4531,4531,http://localhost:5000/api/product/newProducts/?page=1,13561,0,0
1717757560587,13562,GetNewProducts,200,OK,Thread Group 5000 1-1843,text,true,,1864,150,4530,4530,http://localhost:5000/api/product/newProducts/?page=1,13562,0,0
1717757560587,13562,GetNewProducts,200,OK,Thread Group 5000 1-1851,text,true,,1864,150,4529,4529,http://localhost:5000/api/product/newProducts/?page=1,13562,0,1
1717757560587,13564,GetNewProducts,200,OK,Thread Group 5000 1-1850,text,true,,1864,150,4528,4528,http://localhost:5000/api/product/newProducts/?page=1,13564,0,1
1717757560587,13567,GetNewProducts,200,OK,Thread Group 5000 1-1847,text,true,,1864,150,4527,4527,http://localhost:5000/api/product/newProducts/?page=1,13567,0,0
1717757560588,13567,GetNewProducts,200,OK,Thread Group 5000 1-837,text,true,,1864,150,4526,4526,http://localhost:5000/api/product/newProducts/?page=1,13567,0,0
1717757560588,13580,GetNewProducts,200,OK,Thread Group 5000 1-1857,text,true,,1864,150,4525,4525,http://localhost:5000/api/product/newProducts/?page=1,13580,0,0
1717757560587,13582,GetNewProducts,200,OK,Thread Group 5000 1-834,text,true,,1864,150,4524,4524,http://localhost:5000/api/product/newProducts/?page=1,13582,0,1
1717757560588,13685,GetNewProducts,200,OK,Thread Group 5000 1-1852,text,true,,1864,150,4523,4523,http://localhost:5000/api/product/newProducts/?page=1,13685,0,0
1717757560588,13685,GetNewProducts,200,OK,Thread Group 5000 1-1853,text,true,,1864,150,4522,4522,http://localhost:5000/api/product/newProducts/?page=1,13685,0,0
1717757560588,13688,GetNewProducts,200,OK,Thread Group 5000 1-3745,text,true,,1864,150,4521,4521,http://localhost:5000/api/product/newProducts/?page=1,13688,0,0
1717757560588,13689,GetNewProducts,200,OK,Thread Group 5000 1-1856,text,true,,1864,150,4520,4520,http://localhost:5000/api/product/newProducts/?page=1,13689,0,0
1717757560588,13690,GetNewProducts,200,OK,Thread Group 5000 1-1858,text,true,,1864,150,4519,4519,http://localhost:5000/api/product/newProducts/?page=1,13690,0,0
1717757560588,13690,GetNewProducts,200,OK,Thread Group 5000 1-1861,text,true,,1864,150,4518,4518,http://localhost:5000/api/product/newProducts/?page=1,13690,0,1
1717757560588,13692,GetNewProducts,200,OK,Thread Group 5000 1-1859,text,true,,1864,150,4517,4517,http://localhost:5000/api/product/newProducts/?page=1,13692,0,1
1717757560588,13692,GetNewProducts,200,OK,Thread Group 5000 1-1860,text,true,,1864,150,4516,4516,http://localhost:5000/api/product/newProducts/?page=1,13692,0,1
1717757560589,13693,GetNewProducts,200,OK,Thread Group 5000 1-1863,text,true,,1864,150,4515,4515,http://localhost:5000/api/product/newProducts/?page=1,13693,0,0
1717757560589,13694,GetNewProducts,200,OK,Thread Group 5000 1-1862,text,true,,1864,150,4514,4514,http://localhost:5000/api/product/newProducts/?page=1,13694,0,0
1717757560589,13715,GetNewProducts,200,OK,Thread Group 5000 1-847,text,true,,1864,150,4513,4513,http://localhost:5000/api/product/newProducts/?page=1,13715,0,0
1717757560589,13719,GetNewProducts,200,OK,Thread Group 5000 1-1865,text,true,,1864,150,4512,4512,http://localhost:5000/api/product/newProducts/?page=1,13719,0,0
1717757560590,13720,GetNewProducts,200,OK,Thread Group 5000 1-1871,text,true,,1864,150,4511,4511,http://localhost:5000/api/product/newProducts/?page=1,13720,0,0
1717757560589,13721,GetNewProducts,200,OK,Thread Group 5000 1-1867,text,true,,1864,150,4510,4510,http://localhost:5000/api/product/newProducts/?page=1,13721,0,0
1717757560589,13721,GetNewProducts,200,OK,Thread Group 5000 1-1866,text,true,,1864,150,4509,4509,http://localhost:5000/api/product/newProducts/?page=1,13721,0,0
1717757560589,13722,GetNewProducts,200,OK,Thread Group 5000 1-1868,text,true,,1864,150,4508,4508,http://localhost:5000/api/product/newProducts/?page=1,13722,0,0
1717757560589,13723,GetNewProducts,200,OK,Thread Group 5000 1-1870,text,true,,1864,150,4507,4507,http://localhost:5000/api/product/newProducts/?page=1,13723,0,1
1717757560589,13724,GetNewProducts,200,OK,Thread Group 5000 1-1869,text,true,,1864,150,4506,4506,http://localhost:5000/api/product/newProducts/?page=1,13724,0,0
1717757560590,13723,GetNewProducts,200,OK,Thread Group 5000 1-1877,text,true,,1864,150,4505,4505,http://localhost:5000/api/product/newProducts/?page=1,13723,0,0
1717757560590,13724,GetNewProducts,200,OK,Thread Group 5000 1-1874,text,true,,1864,150,4504,4504,http://localhost:5000/api/product/newProducts/?page=1,13724,0,0
1717757560591,13723,GetNewProducts,200,OK,Thread Group 5000 1-1881,text,true,,1864,150,4503,4503,http://localhost:5000/api/product/newProducts/?page=1,13723,0,0
1717757560590,13725,GetNewProducts,200,OK,Thread Group 5000 1-1879,text,true,,1864,150,4502,4502,http://localhost:5000/api/product/newProducts/?page=1,13725,0,1
1717757560590,13726,GetNewProducts,200,OK,Thread Group 5000 1-1872,text,true,,1864,150,4501,4501,http://localhost:5000/api/product/newProducts/?page=1,13726,0,0
1717757560590,13726,GetNewProducts,200,OK,Thread Group 5000 1-1873,text,true,,1864,150,4500,4500,http://localhost:5000/api/product/newProducts/?page=1,13726,0,0
1717757560590,13726,GetNewProducts,200,OK,Thread Group 5000 1-1876,text,true,,1864,150,4499,4499,http://localhost:5000/api/product/newProducts/?page=1,13726,0,0
1717757560590,13727,GetNewProducts,200,OK,Thread Group 5000 1-1875,text,true,,1864,150,4498,4498,http://localhost:5000/api/product/newProducts/?page=1,13727,0,0
1717757560591,13727,GetNewProducts,200,OK,Thread Group 5000 1-851,text,true,,1864,150,4497,4497,http://localhost:5000/api/product/newProducts/?page=1,13727,0,0
1717757560590,13729,GetNewProducts,200,OK,Thread Group 5000 1-846,text,true,,1864,150,4496,4496,http://localhost:5000/api/product/newProducts/?page=1,13729,0,1
1717757560591,13729,GetNewProducts,200,OK,Thread Group 5000 1-1885,text,true,,1864,150,4495,4495,http://localhost:5000/api/product/newProducts/?page=1,13729,0,0
1717757560590,13731,GetNewProducts,200,OK,Thread Group 5000 1-842,text,true,,1864,150,4494,4494,http://localhost:5000/api/product/newProducts/?page=1,13731,0,0
1717757560591,13752,GetNewProducts,200,OK,Thread Group 5000 1-1886,text,true,,1864,150,4493,4493,http://localhost:5000/api/product/newProducts/?page=1,13752,0,0
1717757560591,13753,GetNewProducts,200,OK,Thread Group 5000 1-1883,text,true,,1864,150,4492,4492,http://localhost:5000/api/product/newProducts/?page=1,13753,0,0
1717757560591,13755,GetNewProducts,200,OK,Thread Group 5000 1-1888,text,true,,1864,150,4491,4491,http://localhost:5000/api/product/newProducts/?page=1,13755,0,1
1717757560591,13756,GetNewProducts,200,OK,Thread Group 5000 1-1887,text,true,,1864,150,4490,4490,http://localhost:5000/api/product/newProducts/?page=1,13756,0,0
1717757560591,13757,GetNewProducts,200,OK,Thread Group 5000 1-3785,text,true,,1864,150,4489,4489,http://localhost:5000/api/product/newProducts/?page=1,13757,0,0
1717757560592,13757,GetNewProducts,200,OK,Thread Group 5000 1-1889,text,true,,1864,150,4488,4488,http://localhost:5000/api/product/newProducts/?page=1,13757,0,0
1717757560591,13759,GetNewProducts,200,OK,Thread Group 5000 1-1891,text,true,,1864,150,4487,4487,http://localhost:5000/api/product/newProducts/?page=1,13759,0,1
1717757560591,13759,GetNewProducts,200,OK,Thread Group 5000 1-848,text,true,,1864,150,4486,4486,http://localhost:5000/api/product/newProducts/?page=1,13759,0,1
1717757560592,13759,GetNewProducts,200,OK,Thread Group 5000 1-1894,text,true,,1864,150,4485,4485,http://localhost:5000/api/product/newProducts/?page=1,13759,0,0
1717757560592,13760,GetNewProducts,200,OK,Thread Group 5000 1-1892,text,true,,1864,150,4484,4484,http://localhost:5000/api/product/newProducts/?page=1,13760,0,0
1717757560593,13760,GetNewProducts,200,OK,Thread Group 5000 1-1895,text,true,,1864,150,4483,4483,http://localhost:5000/api/product/newProducts/?page=1,13760,0,0
1717757560592,13761,GetNewProducts,200,OK,Thread Group 5000 1-1893,text,true,,1864,150,4482,4482,http://localhost:5000/api/product/newProducts/?page=1,13761,0,0
1717757560661,13693,GetNewProducts,200,OK,Thread Group 5000 1-2419,text,true,,1864,150,4481,4481,http://localhost:5000/api/product/newProducts/?page=1,13693,0,1
1717757560593,13762,GetNewProducts,200,OK,Thread Group 5000 1-869,text,true,,1864,150,4480,4480,http://localhost:5000/api/product/newProducts/?page=1,13762,0,0
1717757560593,13762,GetNewProducts,200,OK,Thread Group 5000 1-1900,text,true,,1864,150,4479,4479,http://localhost:5000/api/product/newProducts/?page=1,13762,0,0
1717757560593,13763,GetNewProducts,200,OK,Thread Group 5000 1-1896,text,true,,1864,150,4478,4478,http://localhost:5000/api/product/newProducts/?page=1,13763,0,0
1717757560662,13694,GetNewProducts,200,OK,Thread Group 5000 1-2422,text,true,,1864,150,4477,4477,http://localhost:5000/api/product/newProducts/?page=1,13694,0,0
1717757560593,13768,GetNewProducts,200,OK,Thread Group 5000 1-865,text,true,,1864,150,4476,4476,http://localhost:5000/api/product/newProducts/?page=1,13768,0,0
1717757560593,13768,GetNewProducts,200,OK,Thread Group 5000 1-1898,text,true,,1864,150,4475,4475,http://localhost:5000/api/product/newProducts/?page=1,13768,0,0
1717757560593,13769,GetNewProducts,200,OK,Thread Group 5000 1-1897,text,true,,1864,150,4474,4474,http://localhost:5000/api/product/newProducts/?page=1,13769,0,1
1717757560662,13724,GetNewProducts,200,OK,Thread Group 5000 1-2423,text,true,,1864,150,4473,4473,http://localhost:5000/api/product/newProducts/?page=1,13724,0,0
1717757560662,13726,GetNewProducts,200,OK,Thread Group 5000 1-2426,text,true,,1864,150,4472,4472,http://localhost:5000/api/product/newProducts/?page=1,13726,0,0
1717757560663,13726,GetNewProducts,200,OK,Thread Group 5000 1-2404,text,true,,1864,150,4471,4471,http://localhost:5000/api/product/newProducts/?page=1,13726,0,0
1717757560662,13727,GetNewProducts,200,OK,Thread Group 5000 1-2428,text,true,,1864,150,4470,4470,http://localhost:5000/api/product/newProducts/?page=1,13727,0,0
1717757560662,13728,GetNewProducts,200,OK,Thread Group 5000 1-2397,text,true,,1864,150,4469,4469,http://localhost:5000/api/product/newProducts/?page=1,13728,0,0
1717757560663,13728,GetNewProducts,200,OK,Thread Group 5000 1-2400,text,true,,1864,150,4468,4468,http://localhost:5000/api/product/newProducts/?page=1,13728,0,0
1717757560663,13728,GetNewProducts,200,OK,Thread Group 5000 1-2409,text,true,,1864,150,4467,4467,http://localhost:5000/api/product/newProducts/?page=1,13728,0,1
1717757560663,13729,GetNewProducts,200,OK,Thread Group 5000 1-2408,text,true,,1864,150,4466,4466,http://localhost:5000/api/product/newProducts/?page=1,13729,0,0
1717757560663,13729,GetNewProducts,200,OK,Thread Group 5000 1-2401,text,true,,1864,150,4465,4465,http://localhost:5000/api/product/newProducts/?page=1,13729,0,0
1717757560663,13730,GetNewProducts,200,OK,Thread Group 5000 1-2405,text,true,,1864,150,4464,4464,http://localhost:5000/api/product/newProducts/?page=1,13730,0,0
1717757560664,13730,GetNewProducts,200,OK,Thread Group 5000 1-2421,text,true,,1864,150,4463,4463,http://localhost:5000/api/product/newProducts/?page=1,13730,0,0
1717757560664,13730,GetNewProducts,200,OK,Thread Group 5000 1-4646,text,true,,1864,150,4462,4462,http://localhost:5000/api/product/newProducts/?page=1,13730,0,0
1717757560662,13732,GetNewProducts,200,OK,Thread Group 5000 1-2427,text,true,,1864,150,4461,4461,http://localhost:5000/api/product/newProducts/?page=1,13732,0,0
1717757560664,13731,GetNewProducts,200,OK,Thread Group 5000 1-2420,text,true,,1864,150,4460,4460,http://localhost:5000/api/product/newProducts/?page=1,13731,0,0
1717757560663,13732,GetNewProducts,200,OK,Thread Group 5000 1-2413,text,true,,1864,150,4459,4459,http://localhost:5000/api/product/newProducts/?page=1,13732,0,1
1717757560663,13734,GetNewProducts,200,OK,Thread Group 5000 1-2429,text,true,,1864,150,4458,4458,http://localhost:5000/api/product/newProducts/?page=1,13734,0,1
1717757560665,13733,GetNewProducts,200,OK,Thread Group 5000 1-2431,text,true,,1864,150,4457,4457,http://localhost:5000/api/product/newProducts/?page=1,13733,0,0
1717757560664,13734,GetNewProducts,200,OK,Thread Group 5000 1-2425,text,true,,1864,150,4456,4456,http://localhost:5000/api/product/newProducts/?page=1,13734,0,1
1717757560664,13735,GetNewProducts,200,OK,Thread Group 5000 1-2430,text,true,,1864,150,4455,4455,http://localhost:5000/api/product/newProducts/?page=1,13735,0,1
1717757560664,13738,GetNewProducts,200,OK,Thread Group 5000 1-2424,text,true,,1864,150,4454,4454,http://localhost:5000/api/product/newProducts/?page=1,13738,0,0
1717757560665,13757,GetNewProducts,200,OK,Thread Group 5000 1-2438,text,true,,1864,150,4453,4453,http://localhost:5000/api/product/newProducts/?page=1,13757,0,0
1717757560665,13757,GetNewProducts,200,OK,Thread Group 5000 1-2435,text,true,,1864,150,4452,4452,http://localhost:5000/api/product/newProducts/?page=1,13757,0,0
1717757560756,13766,GetNewProducts,200,OK,Thread Group 5000 1-2976,text,true,,1864,150,4451,4451,http://localhost:5000/api/product/newProducts/?page=1,13766,0,0
1717757560756,13766,GetNewProducts,200,OK,Thread Group 5000 1-2977,text,true,,1864,150,4451,4451,http://localhost:5000/api/product/newProducts/?page=1,13766,0,0
1717757560754,13768,GetNewProducts,200,OK,Thread Group 5000 1-2958,text,true,,1864,150,4451,4451,http://localhost:5000/api/product/newProducts/?page=1,13768,0,1
1717757560754,13767,GetNewProducts,200,OK,Thread Group 5000 1-2955,text,true,,1864,150,4451,4451,http://localhost:5000/api/product/newProducts/?page=1,13767,0,0
1717757560754,13767,GetNewProducts,200,OK,Thread Group 5000 1-2959,text,true,,1864,150,4451,4451,http://localhost:5000/api/product/newProducts/?page=1,13767,0,0
1717757560754,13766,GetNewProducts,200,OK,Thread Group 5000 1-2961,text,true,,1864,150,4451,4451,http://localhost:5000/api/product/newProducts/?page=1,13766,0,0
1717757560754,13766,GetNewProducts,200,OK,Thread Group 5000 1-2962,text,true,,1864,150,4451,4451,http://localhost:5000/api/product/newProducts/?page=1,13766,0,1
1717757560754,13766,GetNewProducts,200,OK,Thread Group 5000 1-2951,text,true,,1864,150,4451,4451,http://localhost:5000/api/product/newProducts/?page=1,13766,0,0
1717757560755,13764,GetNewProducts,200,OK,Thread Group 5000 1-2968,text,true,,1864,150,4451,4451,http://localhost:5000/api/product/newProducts/?page=1,13764,0,0
1717757560754,13764,GetNewProducts,200,OK,Thread Group 5000 1-2954,text,true,,1864,150,4451,4451,http://localhost:5000/api/product/newProducts/?page=1,13764,0,1
1717757560754,13764,GetNewProducts,200,OK,Thread Group 5000 1-1379,text,true,,1864,150,4451,4451,http://localhost:5000/api/product/newProducts/?page=1,13764,0,0
1717757560753,13764,GetNewProducts,200,OK,Thread Group 5000 1-2949,text,true,,1864,150,4451,4451,http://localhost:5000/api/product/newProducts/?page=1,13764,0,1
1717757560754,13763,GetNewProducts,200,OK,Thread Group 5000 1-2957,text,true,,1864,150,4451,4451,http://localhost:5000/api/product/newProducts/?page=1,13763,0,0
1717757560753,13764,GetNewProducts,200,OK,Thread Group 5000 1-2952,text,true,,1864,150,4451,4451,http://localhost:5000/api/product/newProducts/?page=1,13764,0,1
1717757560754,13762,GetNewProducts,200,OK,Thread Group 5000 1-2956,text,true,,1864,150,4451,4451,http://localhost:5000/api/product/newProducts/?page=1,13762,0,0
1717757560753,13763,GetNewProducts,200,OK,Thread Group 5000 1-2953,text,true,,1864,150,4451,4451,http://localhost:5000/api/product/newProducts/?page=1,13763,0,1
1717757560753,13762,GetNewProducts,200,OK,Thread Group 5000 1-2960,text,true,,1864,150,4451,4451,http://localhost:5000/api/product/newProducts/?page=1,13762,0,1
1717757560675,13840,GetNewProducts,200,OK,Thread Group 5000 1-2473,text,true,,1864,150,4451,4451,http://localhost:5000/api/product/newProducts/?page=1,13840,0,0
1717757560672,13842,GetNewProducts,200,OK,Thread Group 5000 1-2464,text,true,,1864,150,4451,4451,http://localhost:5000/api/product/newProducts/?page=1,13842,0,0
1717757560672,13842,GetNewProducts,200,OK,Thread Group 5000 1-2472,text,true,,1864,150,4451,4451,http://localhost:5000/api/product/newProducts/?page=1,13842,0,1
1717757560675,13838,GetNewProducts,200,OK,Thread Group 5000 1-2468,text,true,,1864,150,4451,4451,http://localhost:5000/api/product/newProducts/?page=1,13838,0,0
1717757560673,13839,GetNewProducts,200,OK,Thread Group 5000 1-2465,text,true,,1864,150,4451,4451,http://localhost:5000/api/product/newProducts/?page=1,13839,0,1
1717757560671,13840,GetNewProducts,200,OK,Thread Group 5000 1-2448,text,true,,1864,150,4451,4451,http://localhost:5000/api/product/newProducts/?page=1,13840,0,0
1717757560671,13839,GetNewProducts,200,OK,Thread Group 5000 1-2461,text,true,,1864,150,4451,4451,http://localhost:5000/api/product/newProducts/?page=1,13839,0,1
1717757560671,13838,GetNewProducts,200,OK,Thread Group 5000 1-2471,text,true,,1864,150,4451,4451,http://localhost:5000/api/product/newProducts/?page=1,13838,0,0
1717757560671,13827,GetNewProducts,200,OK,Thread Group 5000 1-1173,text,true,,1864,150,4451,4451,http://localhost:5000/api/product/newProducts/?page=1,13827,0,0
1717757560671,13825,GetNewProducts,200,OK,Thread Group 5000 1-2470,text,true,,1864,150,4451,4451,http://localhost:5000/api/product/newProducts/?page=1,13825,0,0
1717757560670,13824,GetNewProducts,200,OK,Thread Group 5000 1-2467,text,true,,1864,150,4451,4451,http://localhost:5000/api/product/newProducts/?page=1,13824,0,1
1717757560670,13822,GetNewProducts,200,OK,Thread Group 5000 1-2463,text,true,,1864,150,4451,4451,http://localhost:5000/api/product/newProducts/?page=1,13822,0,0
1717757560670,13811,GetNewProducts,200,OK,Thread Group 5000 1-2459,text,true,,1864,150,4451,4451,http://localhost:5000/api/product/newProducts/?page=1,13811,0,0
1717757560670,13812,GetNewProducts,200,OK,Thread Group 5000 1-2466,text,true,,1864,150,4451,4451,http://localhost:5000/api/product/newProducts/?page=1,13812,0,1
1717757560670,13811,GetNewProducts,200,OK,Thread Group 5000 1-4691,text,true,,1864,150,4451,4451,http://localhost:5000/api/product/newProducts/?page=1,13811,0,0
1717757560669,13811,GetNewProducts,200,OK,Thread Group 5000 1-4688,text,true,,1864,150,4451,4451,http://localhost:5000/api/product/newProducts/?page=1,13811,0,1
1717757560670,13810,GetNewProducts,200,OK,Thread Group 5000 1-2458,text,true,,1864,150,4451,4451,http://localhost:5000/api/product/newProducts/?page=1,13810,0,0
1717757560669,13809,GetNewProducts,200,OK,Thread Group 5000 1-1165,text,true,,1864,150,4451,4451,http://localhost:5000/api/product/newProducts/?page=1,13809,0,1
1717757560669,13808,GetNewProducts,200,OK,Thread Group 5000 1-2460,text,true,,1864,150,4451,4451,http://localhost:5000/api/product/newProducts/?page=1,13808,0,0
1717757560669,13807,GetNewProducts,200,OK,Thread Group 5000 1-2446,text,true,,1864,150,4451,4451,http://localhost:5000/api/product/newProducts/?page=1,13807,0,0
1717757560668,13808,GetNewProducts,200,OK,Thread Group 5000 1-2455,text,true,,1864,150,4451,4451,http://localhost:5000/api/product/newProducts/?page=1,13808,0,1
1717757560668,13806,GetNewProducts,200,OK,Thread Group 5000 1-4679,text,true,,1864,150,4451,4451,http://localhost:5000/api/product/newProducts/?page=1,13806,0,1
1717757560668,13795,GetNewProducts,200,OK,Thread Group 5000 1-2454,text,true,,1864,150,4451,4451,http://localhost:5000/api/product/newProducts/?page=1,13795,0,0
1717757560668,13795,GetNewProducts,200,OK,Thread Group 5000 1-2453,text,true,,1864,150,4451,4451,http://localhost:5000/api/product/newProducts/?page=1,13795,0,0
1717757560668,13794,GetNewProducts,200,OK,Thread Group 5000 1-2456,text,true,,1864,150,4451,4451,http://localhost:5000/api/product/newProducts/?page=1,13794,0,1
1717757560668,13794,GetNewProducts,200,OK,Thread Group 5000 1-2452,text,true,,1864,150,4451,4451,http://localhost:5000/api/product/newProducts/?page=1,13794,0,0
1717757560668,13793,GetNewProducts,200,OK,Thread Group 5000 1-2451,text,true,,1864,150,4451,4451,http://localhost:5000/api/product/newProducts/?page=1,13793,0,0
1717757560666,13794,GetNewProducts,200,OK,Thread Group 5000 1-2433,text,true,,1864,150,4451,4451,http://localhost:5000/api/product/newProducts/?page=1,13794,0,0
1717757560667,13793,GetNewProducts,200,OK,Thread Group 5000 1-2449,text,true,,1864,150,4451,4451,http://localhost:5000/api/product/newProducts/?page=1,13793,0,1
1717757560666,13793,GetNewProducts,200,OK,Thread Group 5000 1-2434,text,true,,1864,150,4451,4451,http://localhost:5000/api/product/newProducts/?page=1,13793,0,1
1717757560667,13792,GetNewProducts,200,OK,Thread Group 5000 1-2444,text,true,,1864,150,4451,4451,http://localhost:5000/api/product/newProducts/?page=1,13792,0,0
1717757560666,13789,GetNewProducts,200,OK,Thread Group 5000 1-2440,text,true,,1864,150,4451,4451,http://localhost:5000/api/product/newProducts/?page=1,13789,0,0
1717757560667,13787,GetNewProducts,200,OK,Thread Group 5000 1-2445,text,true,,1864,150,4451,4451,http://localhost:5000/api/product/newProducts/?page=1,13787,0,1
1717757560666,13788,GetNewProducts,200,OK,Thread Group 5000 1-4666,text,true,,1864,150,4451,4451,http://localhost:5000/api/product/newProducts/?page=1,13788,0,1
1717757560667,13786,GetNewProducts,200,OK,Thread Group 5000 1-1166,text,true,,1864,150,4451,4451,http://localhost:5000/api/product/newProducts/?page=1,13786,0,0
1717757560666,13787,GetNewProducts,200,OK,Thread Group 5000 1-4660,text,true,,1864,150,4451,4451,http://localhost:5000/api/product/newProducts/?page=1,13787,0,0
1717757560666,13786,GetNewProducts,200,OK,Thread Group 5000 1-2432,text,true,,1864,150,4451,4451,http://localhost:5000/api/product/newProducts/?page=1,13786,0,0
1717757560666,13785,GetNewProducts,200,OK,Thread Group 5000 1-2441,text,true,,1864,150,4451,4451,http://localhost:5000/api/product/newProducts/?page=1,13785,0,0
1717757560665,13786,GetNewProducts,200,OK,Thread Group 5000 1-2439,text,true,,1864,150,4451,4451,http://localhost:5000/api/product/newProducts/?page=1,13786,0,1
1717757560666,13784,GetNewProducts,200,OK,Thread Group 5000 1-2437,text,true,,1864,150,4451,4451,http://localhost:5000/api/product/newProducts/?page=1,13784,0,0
1717757560755,13769,GetNewProducts,200,OK,Thread Group 5000 1-2963,text,true,,1864,150,4422,4422,http://localhost:5000/api/product/newProducts/?page=1,13769,0,0
1717757560756,13769,GetNewProducts,200,OK,Thread Group 5000 1-2978,text,true,,1864,150,4393,4393,http://localhost:5000/api/product/newProducts/?page=1,13769,0,0
1717757560755,13771,GetNewProducts,200,OK,Thread Group 5000 1-2972,text,true,,1864,150,4392,4392,http://localhost:5000/api/product/newProducts/?page=1,13771,0,0
1717757560756,13771,GetNewProducts,200,OK,Thread Group 5000 1-2967,text,true,,1864,150,4391,4391,http://localhost:5000/api/product/newProducts/?page=1,13771,0,1
1717757560756,13771,GetNewProducts,200,OK,Thread Group 5000 1-2966,text,true,,1864,150,4390,4390,http://localhost:5000/api/product/newProducts/?page=1,13771,0,0
1717757560376,14152,GetNewProducts,200,OK,Thread Group 5000 1-342,text,true,,1864,150,4389,4389,http://localhost:5000/api/product/newProducts/?page=1,14152,0,504
1717757560756,13773,GetNewProducts,200,OK,Thread Group 5000 1-2973,text,true,,1864,150,4388,4388,http://localhost:5000/api/product/newProducts/?page=1,13773,0,0
1717757560755,13774,GetNewProducts,200,OK,Thread Group 5000 1-2969,text,true,,1864,150,4387,4387,http://localhost:5000/api/product/newProducts/?page=1,13774,0,0
1717757560756,13774,GetNewProducts,200,OK,Thread Group 5000 1-2979,text,true,,1864,150,4386,4386,http://localhost:5000/api/product/newProducts/?page=1,13774,0,1
1717757560372,14158,GetNewProducts,200,OK,Thread Group 5000 1-334,text,true,,1864,150,4385,4385,http://localhost:5000/api/product/newProducts/?page=1,14158,0,508
1717757560375,14156,GetNewProducts,200,OK,Thread Group 5000 1-339,text,true,,1864,150,4384,4384,http://localhost:5000/api/product/newProducts/?page=1,14156,0,505
1717757560756,13776,GetNewProducts,200,OK,Thread Group 5000 1-2970,text,true,,1864,150,4383,4383,http://localhost:5000/api/product/newProducts/?page=1,13776,0,1
1717757560379,14153,GetNewProducts,200,OK,Thread Group 5000 1-351,text,true,,1864,150,4382,4382,http://localhost:5000/api/product/newProducts/?page=1,14153,0,501
1717757560375,14158,GetNewProducts,200,OK,Thread Group 5000 1-341,text,true,,1864,150,4381,4381,http://localhost:5000/api/product/newProducts/?page=1,14158,0,505
1717757560378,14155,GetNewProducts,200,OK,Thread Group 5000 1-349,text,true,,1864,150,4380,4380,http://localhost:5000/api/product/newProducts/?page=1,14155,0,502
1717757560374,14162,GetNewProducts,200,OK,Thread Group 5000 1-337,text,true,,1864,150,4379,4379,http://localhost:5000/api/product/newProducts/?page=1,14162,0,506
1717757560379,14158,GetNewProducts,200,OK,Thread Group 5000 1-354,text,true,,1864,150,4378,4378,http://localhost:5000/api/product/newProducts/?page=1,14158,0,501
1717757560378,14159,GetNewProducts,200,OK,Thread Group 5000 1-346,text,true,,1864,150,4377,4377,http://localhost:5000/api/product/newProducts/?page=1,14159,0,502
1717757560376,14162,GetNewProducts,200,OK,Thread Group 5000 1-344,text,true,,1864,150,4376,4376,http://localhost:5000/api/product/newProducts/?page=1,14162,0,504
1717757560374,14164,GetNewProducts,200,OK,Thread Group 5000 1-336,text,true,,1864,150,4375,4375,http://localhost:5000/api/product/newProducts/?page=1,14164,0,506
1717757560379,14159,GetNewProducts,200,OK,Thread Group 5000 1-352,text,true,,1864,150,4374,4374,http://localhost:5000/api/product/newProducts/?page=1,14159,0,501
1717757560375,14164,GetNewProducts,200,OK,Thread Group 5000 1-338,text,true,,1864,150,4373,4373,http://localhost:5000/api/product/newProducts/?page=1,14164,0,505
1717757560373,14166,GetNewProducts,200,OK,Thread Group 5000 1-335,text,true,,1864,150,4372,4372,http://localhost:5000/api/product/newProducts/?page=1,14166,0,507
1717757560377,14163,GetNewProducts,200,OK,Thread Group 5000 1-580,text,true,,1864,150,4371,4371,http://localhost:5000/api/product/newProducts/?page=1,14163,0,503
1717757560378,14162,GetNewProducts,200,OK,Thread Group 5000 1-350,text,true,,1864,150,4370,4370,http://localhost:5000/api/product/newProducts/?page=1,14162,0,502
1717757560377,14164,GetNewProducts,200,OK,Thread Group 5000 1-348,text,true,,1864,150,4369,4369,http://localhost:5000/api/product/newProducts/?page=1,14164,0,503
1717757560376,14165,GetNewProducts,200,OK,Thread Group 5000 1-345,text,true,,1864,150,4368,4368,http://localhost:5000/api/product/newProducts/?page=1,14165,0,504
1717757560380,14162,GetNewProducts,200,OK,Thread Group 5000 1-356,text,true,,1864,150,4367,4367,http://localhost:5000/api/product/newProducts/?page=1,14162,0,500
1717757560385,14157,GetNewProducts,200,OK,Thread Group 5000 1-377,text,true,,1864,150,4366,4366,http://localhost:5000/api/product/newProducts/?page=1,14157,0,510
1717757560375,14168,GetNewProducts,200,OK,Thread Group 5000 1-340,text,true,,1864,150,4365,4365,http://localhost:5000/api/product/newProducts/?page=1,14168,0,505
1717757560380,14164,GetNewProducts,200,OK,Thread Group 5000 1-355,text,true,,1864,150,4364,4364,http://localhost:5000/api/product/newProducts/?page=1,14164,0,500
1717757560378,14166,GetNewProducts,200,OK,Thread Group 5000 1-347,text,true,,1864,150,4363,4363,http://localhost:5000/api/product/newProducts/?page=1,14166,0,502
1717757560379,14166,GetNewProducts,200,OK,Thread Group 5000 1-353,text,true,,1864,150,4362,4362,http://localhost:5000/api/product/newProducts/?page=1,14166,0,501
1717757560383,14163,GetNewProducts,200,OK,Thread Group 5000 1-364,text,true,,1864,150,4361,4361,http://localhost:5000/api/product/newProducts/?page=1,14163,0,513
1717757560382,14165,GetNewProducts,200,OK,Thread Group 5000 1-662,text,true,,1864,150,4360,4360,http://localhost:5000/api/product/newProducts/?page=1,14165,0,513
1717757560386,14172,GetNewProducts,200,OK,Thread Group 5000 1-384,text,true,,1864,150,4359,4359,http://localhost:5000/api/product/newProducts/?page=1,14172,0,510
1717757560385,14178,GetNewProducts,200,OK,Thread Group 5000 1-373,text,true,,1864,150,4358,4358,http://localhost:5000/api/product/newProducts/?page=1,14178,0,510
1717757560387,14177,GetNewProducts,200,OK,Thread Group 5000 1-379,text,true,,1864,150,4357,4357,http://localhost:5000/api/product/newProducts/?page=1,14177,0,509
1717757560385,14181,GetNewProducts,200,OK,Thread Group 5000 1-370,text,true,,1864,150,4356,4356,http://localhost:5000/api/product/newProducts/?page=1,14181,0,511
1717757560385,14183,GetNewProducts,200,OK,Thread Group 5000 1-382,text,true,,1864,150,4355,4355,http://localhost:5000/api/product/newProducts/?page=1,14183,0,511
1717757560384,14186,GetNewProducts,200,OK,Thread Group 5000 1-701,text,true,,1864,150,4354,4354,http://localhost:5000/api/product/newProducts/?page=1,14186,0,512
1717757560386,14223,GetNewProducts,200,OK,Thread Group 5000 1-388,text,true,,1864,150,4353,4353,http://localhost:5000/api/product/newProducts/?page=1,14223,0,510
1717757560387,14222,GetNewProducts,200,OK,Thread Group 5000 1-393,text,true,,1864,150,4352,4352,http://localhost:5000/api/product/newProducts/?page=1,14222,0,509
1717757560383,14228,GetNewProducts,200,OK,Thread Group 5000 1-359,text,true,,1864,150,4351,4351,http://localhost:5000/api/product/newProducts/?page=1,14228,0,513
1717757560388,14224,GetNewProducts,200,OK,Thread Group 5000 1-400,text,true,,1864,150,4350,4350,http://localhost:5000/api/product/newProducts/?page=1,14224,0,508
1717757560383,14229,GetNewProducts,200,OK,Thread Group 5000 1-363,text,true,,1864,150,4349,4349,http://localhost:5000/api/product/newProducts/?page=1,14229,0,513
1717757560383,14230,GetNewProducts,200,OK,Thread Group 5000 1-361,text,true,,1864,150,4348,4348,http://localhost:5000/api/product/newProducts/?page=1,14230,0,513
1717757560386,14227,GetNewProducts,200,OK,Thread Group 5000 1-374,text,true,,1864,150,4347,4347,http://localhost:5000/api/product/newProducts/?page=1,14227,0,510
1717757560388,14227,GetNewProducts,200,OK,Thread Group 5000 1-395,text,true,,1864,150,4346,4346,http://localhost:5000/api/product/newProducts/?page=1,14227,0,508
1717757560388,14227,GetNewProducts,200,OK,Thread Group 5000 1-391,text,true,,1864,150,4345,4345,http://localhost:5000/api/product/newProducts/?page=1,14227,0,508
1717757560390,14226,GetNewProducts,200,OK,Thread Group 5000 1-297,text,true,,1864,150,4344,4344,http://localhost:5000/api/product/newProducts/?page=1,14226,0,506
1717757560393,14224,GetNewProducts,200,OK,Thread Group 5000 1-407,text,true,,1864,150,4343,4343,http://localhost:5000/api/product/newProducts/?page=1,14224,0,503
1717757560389,14228,GetNewProducts,200,OK,Thread Group 5000 1-403,text,true,,1864,150,4342,4342,http://localhost:5000/api/product/newProducts/?page=1,14228,0,507
1717757560388,14230,GetNewProducts,200,OK,Thread Group 5000 1-394,text,true,,1864,150,4341,4341,http://localhost:5000/api/product/newProducts/?page=1,14230,0,508
1717757560390,14240,GetNewProducts,200,OK,Thread Group 5000 1-404,text,true,,1864,150,4340,4340,http://localhost:5000/api/product/newProducts/?page=1,14240,0,506
1717757560394,14237,GetNewProducts,200,OK,Thread Group 5000 1-854,text,true,,1864,150,4339,4339,http://localhost:5000/api/product/newProducts/?page=1,14237,0,502
1717757560386,14246,GetNewProducts,200,OK,Thread Group 5000 1-385,text,true,,1864,150,4338,4338,http://localhost:5000/api/product/newProducts/?page=1,14246,0,510
1717757560386,14246,GetNewProducts,200,OK,Thread Group 5000 1-375,text,true,,1864,150,4337,4337,http://localhost:5000/api/product/newProducts/?page=1,14246,0,510
1717757560383,14251,GetNewProducts,200,OK,Thread Group 5000 1-366,text,true,,1864,150,4336,4336,http://localhost:5000/api/product/newProducts/?page=1,14251,0,513
1717757560392,14243,GetNewProducts,200,OK,Thread Group 5000 1-406,text,true,,1864,150,4335,4335,http://localhost:5000/api/product/newProducts/?page=1,14243,0,504
1717757560388,14248,GetNewProducts,200,OK,Thread Group 5000 1-401,text,true,,1864,150,4334,4334,http://localhost:5000/api/product/newProducts/?page=1,14248,0,508
1717757560385,14252,GetNewProducts,200,OK,Thread Group 5000 1-371,text,true,,1864,150,4333,4333,http://localhost:5000/api/product/newProducts/?page=1,14252,0,511
1717757560389,14248,GetNewProducts,200,OK,Thread Group 5000 1-296,text,true,,1864,150,4332,4332,http://localhost:5000/api/product/newProducts/?page=1,14248,0,507
1717757560385,14253,GetNewProducts,200,OK,Thread Group 5000 1-380,text,true,,1864,150,4331,4331,http://localhost:5000/api/product/newProducts/?page=1,14253,0,511
1717757560384,14267,GetNewProducts,200,OK,Thread Group 5000 1-367,text,true,,1864,150,4330,4330,http://localhost:5000/api/product/newProducts/?page=1,14267,0,512
1717757560388,14263,GetNewProducts,200,OK,Thread Group 5000 1-397,text,true,,1864,150,4329,4329,http://localhost:5000/api/product/newProducts/?page=1,14263,0,508
1717757560385,14267,GetNewProducts,200,OK,Thread Group 5000 1-376,text,true,,1864,150,4328,4328,http://localhost:5000/api/product/newProducts/?page=1,14267,0,511
1717757560387,14266,GetNewProducts,200,OK,Thread Group 5000 1-378,text,true,,1864,150,4327,4327,http://localhost:5000/api/product/newProducts/?page=1,14266,0,509
1717757560386,14268,GetNewProducts,200,OK,Thread Group 5000 1-383,text,true,,1864,150,4326,4326,http://localhost:5000/api/product/newProducts/?page=1,14268,0,510
1717757560384,14271,GetNewProducts,200,OK,Thread Group 5000 1-372,text,true,,1864,150,4325,4325,http://localhost:5000/api/product/newProducts/?page=1,14271,0,512
1717757560389,14268,GetNewProducts,200,OK,Thread Group 5000 1-402,text,true,,1864,150,4324,4324,http://localhost:5000/api/product/newProducts/?page=1,14268,0,507
1717757560387,14270,GetNewProducts,200,OK,Thread Group 5000 1-386,text,true,,1864,150,4323,4323,http://localhost:5000/api/product/newProducts/?page=1,14270,0,509
1717757560387,14270,GetNewProducts,200,OK,Thread Group 5000 1-392,text,true,,1864,150,4322,4322,http://localhost:5000/api/product/newProducts/?page=1,14270,0,509
1717757560387,14271,GetNewProducts,200,OK,Thread Group 5000 1-387,text,true,,1864,150,4321,4321,http://localhost:5000/api/product/newProducts/?page=1,14271,0,509
1717757560384,14290,GetNewProducts,200,OK,Thread Group 5000 1-369,text,true,,1864,150,4320,4320,http://localhost:5000/api/product/newProducts/?page=1,14290,0,512
1717757560395,14280,GetNewProducts,200,OK,Thread Group 5000 1-819,text,true,,1864,150,4319,4319,http://localhost:5000/api/product/newProducts/?page=1,14280,0,501
1717757560381,14294,GetNewProducts,200,OK,Thread Group 5000 1-358,text,true,,1864,150,4318,4318,http://localhost:5000/api/product/newProducts/?page=1,14294,0,515
1717757560387,14290,GetNewProducts,200,OK,Thread Group 5000 1-390,text,true,,1864,150,4317,4317,http://localhost:5000/api/product/newProducts/?page=1,14290,0,509
1717757560384,14294,GetNewProducts,200,OK,Thread Group 5000 1-365,text,true,,1864,150,4316,4316,http://localhost:5000/api/product/newProducts/?page=1,14294,0,512
1717757560389,14289,GetNewProducts,200,OK,Thread Group 5000 1-399,text,true,,1864,150,4315,4315,http://localhost:5000/api/product/newProducts/?page=1,14289,0,508
1717757560388,14291,GetNewProducts,200,OK,Thread Group 5000 1-396,text,true,,1864,150,4314,4314,http://localhost:5000/api/product/newProducts/?page=1,14291,0,509
1717757560395,14285,GetNewProducts,200,OK,Thread Group 5000 1-411,text,true,,1864,150,4313,4313,http://localhost:5000/api/product/newProducts/?page=1,14285,0,501
1717757560382,14298,GetNewProducts,200,OK,Thread Group 5000 1-357,text,true,,1864,150,4312,4312,http://localhost:5000/api/product/newProducts/?page=1,14298,0,514
1717757560387,14294,GetNewProducts,200,OK,Thread Group 5000 1-389,text,true,,1864,150,4311,4311,http://localhost:5000/api/product/newProducts/?page=1,14294,0,509
1717757560396,14298,GetNewProducts,200,OK,Thread Group 5000 1-410,text,true,,1864,150,4310,4310,http://localhost:5000/api/product/newProducts/?page=1,14298,0,515
1717757560383,14313,GetNewProducts,200,OK,Thread Group 5000 1-691,text,true,,1864,150,4309,4309,http://localhost:5000/api/product/newProducts/?page=1,14313,0,513
1717757560385,14312,GetNewProducts,200,OK,Thread Group 5000 1-381,text,true,,1864,150,4308,4308,http://localhost:5000/api/product/newProducts/?page=1,14312,0,511
1717757560396,14301,GetNewProducts,200,OK,Thread Group 5000 1-416,text,true,,1864,150,4307,4307,http://localhost:5000/api/product/newProducts/?page=1,14301,0,515
1717757560399,14300,GetNewProducts,200,OK,Thread Group 5000 1-423,text,true,,1864,150,4306,4306,http://localhost:5000/api/product/newProducts/?page=1,14300,0,512
1717757560403,14297,GetNewProducts,200,OK,Thread Group 5000 1-445,text,true,,1864,150,4305,4305,http://localhost:5000/api/product/newProducts/?page=1,14297,0,509
1717757560399,14301,GetNewProducts,200,OK,Thread Group 5000 1-428,text,true,,1864,150,4304,4304,http://localhost:5000/api/product/newProducts/?page=1,14301,0,512
1717757560397,14304,GetNewProducts,200,OK,Thread Group 5000 1-418,text,true,,1864,150,4303,4303,http://localhost:5000/api/product/newProducts/?page=1,14304,0,515
1717757560396,14306,GetNewProducts,200,OK,Thread Group 5000 1-412,text,true,,1864,150,4302,4302,http://localhost:5000/api/product/newProducts/?page=1,14306,0,515
1717757560397,14305,GetNewProducts,200,OK,Thread Group 5000 1-417,text,true,,1864,150,4301,4301,http://localhost:5000/api/product/newProducts/?page=1,14305,0,515
1717757560402,14328,GetNewProducts,200,OK,Thread Group 5000 1-259,text,true,,1864,150,4300,4300,http://localhost:5000/api/product/newProducts/?page=1,14328,0,510
1717757560406,14327,GetNewProducts,200,OK,Thread Group 5000 1-460,text,true,,1864,150,4299,4299,http://localhost:5000/api/product/newProducts/?page=1,14327,0,506
1717757560403,14331,GetNewProducts,200,OK,Thread Group 5000 1-448,text,true,,1864,150,4298,4298,http://localhost:5000/api/product/newProducts/?page=1,14331,0,509
1717757560404,14331,GetNewProducts,200,OK,Thread Group 5000 1-452,text,true,,1864,150,4297,4297,http://localhost:5000/api/product/newProducts/?page=1,14331,0,508
1717757560401,14334,GetNewProducts,200,OK,Thread Group 5000 1-435,text,true,,1864,150,4296,4296,http://localhost:5000/api/product/newProducts/?page=1,14334,0,511
1717757560408,14329,GetNewProducts,200,OK,Thread Group 5000 1-470,text,true,,1864,150,4295,4295,http://localhost:5000/api/product/newProducts/?page=1,14329,0,504
1717757560399,14339,GetNewProducts,200,OK,Thread Group 5000 1-424,text,true,,1864,150,4294,4294,http://localhost:5000/api/product/newProducts/?page=1,14339,0,514
1717757560403,14335,GetNewProducts,200,OK,Thread Group 5000 1-444,text,true,,1864,150,4293,4293,http://localhost:5000/api/product/newProducts/?page=1,14335,0,510
1717757560406,14333,GetNewProducts,200,OK,Thread Group 5000 1-1034,text,true,,1864,150,4292,4292,http://localhost:5000/api/product/newProducts/?page=1,14333,0,506
1717757560404,14336,GetNewProducts,200,OK,Thread Group 5000 1-1016,text,true,,1864,150,4291,4291,http://localhost:5000/api/product/newProducts/?page=1,14336,0,508
1717757560408,14332,GetNewProducts,200,OK,Thread Group 5000 1-467,text,true,,1864,150,4290,4290,http://localhost:5000/api/product/newProducts/?page=1,14332,0,504
1717757560406,14363,GetNewProducts,200,OK,Thread Group 5000 1-1039,text,true,,1864,150,4289,4289,http://localhost:5000/api/product/newProducts/?page=1,14363,0,507
1717757560406,14363,GetNewProducts,200,OK,Thread Group 5000 1-461,text,true,,1864,150,4288,4288,http://localhost:5000/api/product/newProducts/?page=1,14363,0,507
1717757560408,14362,GetNewProducts,200,OK,Thread Group 5000 1-473,text,true,,1864,150,4287,4287,http://localhost:5000/api/product/newProducts/?page=1,14362,0,505
1717757560399,14371,GetNewProducts,200,OK,Thread Group 5000 1-425,text,true,,1864,150,4286,4286,http://localhost:5000/api/product/newProducts/?page=1,14371,0,514
1717757560398,14373,GetNewProducts,200,OK,Thread Group 5000 1-915,text,true,,1864,150,4285,4285,http://localhost:5000/api/product/newProducts/?page=1,14373,0,514
1717757560404,14367,GetNewProducts,200,OK,Thread Group 5000 1-455,text,true,,1864,150,4284,4284,http://localhost:5000/api/product/newProducts/?page=1,14367,0,509
1717757560402,14371,GetNewProducts,200,OK,Thread Group 5000 1-437,text,true,,1864,150,4283,4283,http://localhost:5000/api/product/newProducts/?page=1,14371,0,511
1717757560397,14377,GetNewProducts,200,OK,Thread Group 5000 1-419,text,true,,1864,150,4282,4282,http://localhost:5000/api/product/newProducts/?page=1,14377,0,516
1717757560407,14367,GetNewProducts,200,OK,Thread Group 5000 1-472,text,true,,1864,150,4281,4281,http://localhost:5000/api/product/newProducts/?page=1,14367,0,506
1717757560401,14375,GetNewProducts,200,OK,Thread Group 5000 1-436,text,true,,1864,150,4280,4280,http://localhost:5000/api/product/newProducts/?page=1,14375,0,511
1717757560403,14388,GetNewProducts,200,OK,Thread Group 5000 1-447,text,true,,1864,150,4279,4279,http://localhost:5000/api/product/newProducts/?page=1,14388,0,509
1717757560403,14389,GetNewProducts,200,OK,Thread Group 5000 1-449,text,true,,1864,150,4278,4278,http://localhost:5000/api/product/newProducts/?page=1,14389,0,510
1717757560400,14393,GetNewProducts,200,OK,Thread Group 5000 1-431,text,true,,1864,150,4277,4277,http://localhost:5000/api/product/newProducts/?page=1,14393,0,512
1717757560402,14392,GetNewProducts,200,OK,Thread Group 5000 1-977,text,true,,1864,150,4276,4276,http://localhost:5000/api/product/newProducts/?page=1,14392,0,511
1717757560408,14387,GetNewProducts,200,OK,Thread Group 5000 1-474,text,true,,1864,150,4275,4275,http://localhost:5000/api/product/newProducts/?page=1,14387,0,505
1717757560412,14383,GetNewProducts,200,OK,Thread Group 5000 1-477,text,true,,1864,150,4274,4274,http://localhost:5000/api/product/newProducts/?page=1,14383,0,501
1717757560401,14395,GetNewProducts,200,OK,Thread Group 5000 1-432,text,true,,1864,150,4273,4273,http://localhost:5000/api/product/newProducts/?page=1,14395,0,512
1717757560404,14393,GetNewProducts,200,OK,Thread Group 5000 1-453,text,true,,1864,150,4272,4272,http://localhost:5000/api/product/newProducts/?page=1,14393,0,509
1717757560404,14394,GetNewProducts,200,OK,Thread Group 5000 1-451,text,true,,1864,150,4271,4271,http://localhost:5000/api/product/newProducts/?page=1,14394,0,509
1717757560398,14401,GetNewProducts,200,OK,Thread Group 5000 1-884,text,true,,1864,150,4270,4270,http://localhost:5000/api/product/newProducts/?page=1,14401,0,515
1717757560400,14410,GetNewProducts,200,OK,Thread Group 5000 1-430,text,true,,1864,150,4269,4269,http://localhost:5000/api/product/newProducts/?page=1,14410,0,513
1717757560402,14410,GetNewProducts,200,OK,Thread Group 5000 1-442,text,true,,1864,150,4268,4268,http://localhost:5000/api/product/newProducts/?page=1,14410,0,511
1717757560396,14417,GetNewProducts,200,OK,Thread Group 5000 1-413,text,true,,1864,150,4267,4267,http://localhost:5000/api/product/newProducts/?page=1,14417,0,517
1717757560405,14409,GetNewProducts,200,OK,Thread Group 5000 1-459,text,true,,1864,150,4266,4266,http://localhost:5000/api/product/newProducts/?page=1,14409,0,508
1717757560396,14419,GetNewProducts,200,OK,Thread Group 5000 1-414,text,true,,1864,150,4265,4265,http://localhost:5000/api/product/newProducts/?page=1,14419,0,517
1717757560407,14408,GetNewProducts,200,OK,Thread Group 5000 1-462,text,true,,1864,150,4264,4264,http://localhost:5000/api/product/newProducts/?page=1,14408,0,506
1717757560400,14416,GetNewProducts,200,OK,Thread Group 5000 1-427,text,true,,1864,150,4263,4263,http://localhost:5000/api/product/newProducts/?page=1,14416,0,513
1717757560405,14412,GetNewProducts,200,OK,Thread Group 5000 1-458,text,true,,1864,150,4262,4262,http://localhost:5000/api/product/newProducts/?page=1,14412,0,508
1717757560396,14422,GetNewProducts,200,OK,Thread Group 5000 1-415,text,true,,1864,150,4261,4261,http://localhost:5000/api/product/newProducts/?page=1,14422,0,517
1717757560402,14416,GetNewProducts,200,OK,Thread Group 5000 1-439,text,true,,1864,150,4260,4260,http://localhost:5000/api/product/newProducts/?page=1,14416,0,511
1717757560407,14412,GetNewProducts,200,OK,Thread Group 5000 1-1041,text,true,,1864,150,4259,4259,http://localhost:5000/api/product/newProducts/?page=1,14412,0,506
1717757560403,14416,GetNewProducts,200,OK,Thread Group 5000 1-443,text,true,,1864,150,4258,4258,http://localhost:5000/api/product/newProducts/?page=1,14416,0,510
1717757560402,14417,GetNewProducts,200,OK,Thread Group 5000 1-441,text,true,,1864,150,4257,4257,http://localhost:5000/api/product/newProducts/?page=1,14417,0,511
1717757560400,14420,GetNewProducts,200,OK,Thread Group 5000 1-429,text,true,,1864,150,4256,4256,http://localhost:5000/api/product/newProducts/?page=1,14420,0,513
1717757560399,14422,GetNewProducts,200,OK,Thread Group 5000 1-921,text,true,,1864,150,4255,4255,http://localhost:5000/api/product/newProducts/?page=1,14422,0,514
1717757560405,14417,GetNewProducts,200,OK,Thread Group 5000 1-457,text,true,,1864,150,4254,4254,http://localhost:5000/api/product/newProducts/?page=1,14417,0,508
1717757560403,14419,GetNewProducts,200,OK,Thread Group 5000 1-450,text,true,,1864,150,4253,4253,http://localhost:5000/api/product/newProducts/?page=1,14419,0,510
1717757560407,14416,GetNewProducts,200,OK,Thread Group 5000 1-466,text,true,,1864,150,4252,4252,http://localhost:5000/api/product/newProducts/?page=1,14416,0,506
1717757560407,14416,GetNewProducts,200,OK,Thread Group 5000 1-463,text,true,,1864,150,4251,4251,http://localhost:5000/api/product/newProducts/?page=1,14416,0,506
1717757560398,14426,GetNewProducts,200,OK,Thread Group 5000 1-420,text,true,,1864,150,4250,4250,http://localhost:5000/api/product/newProducts/?page=1,14426,0,515
1717757560406,14418,GetNewProducts,200,OK,Thread Group 5000 1-456,text,true,,1864,150,4249,4249,http://localhost:5000/api/product/newProducts/?page=1,14418,0,507
1717757560411,14414,GetNewProducts,200,OK,Thread Group 5000 1-471,text,true,,1864,150,4248,4248,http://localhost:5000/api/product/newProducts/?page=1,14414,0,502
1717757560401,14425,GetNewProducts,200,OK,Thread Group 5000 1-433,text,true,,1864,150,4247,4247,http://localhost:5000/api/product/newProducts/?page=1,14425,0,512
1717757560401,14425,GetNewProducts,200,OK,Thread Group 5000 1-434,text,true,,1864,150,4246,4246,http://localhost:5000/api/product/newProducts/?page=1,14425,0,512
1717757560421,14406,GetNewProducts,200,OK,Thread Group 5000 1-529,text,true,,1864,150,4245,4245,http://localhost:5000/api/product/newProducts/?page=1,14406,0,576
1717757560403,14424,GetNewProducts,200,OK,Thread Group 5000 1-446,text,true,,1864,150,4244,4244,http://localhost:5000/api/product/newProducts/?page=1,14424,0,510
1717757560414,14414,GetNewProducts,200,OK,Thread Group 5000 1-482,text,true,,1864,150,4243,4243,http://localhost:5000/api/product/newProducts/?page=1,14414,0,584
1717757560412,14416,GetNewProducts,200,OK,Thread Group 5000 1-475,text,true,,1864,150,4242,4242,http://localhost:5000/api/product/newProducts/?page=1,14416,0,501
1717757560413,14416,GetNewProducts,200,OK,Thread Group 5000 1-481,text,true,,1864,150,4241,4241,http://localhost:5000/api/product/newProducts/?page=1,14416,0,585
1717757560418,14411,GetNewProducts,200,OK,Thread Group 5000 1-498,text,true,,1864,150,4240,4240,http://localhost:5000/api/product/newProducts/?page=1,14411,0,580
1717757560420,14410,GetNewProducts,200,OK,Thread Group 5000 1-521,text,true,,1864,150,4239,4239,http://localhost:5000/api/product/newProducts/?page=1,14410,0,577
1717757560412,14418,GetNewProducts,200,OK,Thread Group 5000 1-468,text,true,,1864,150,4238,4238,http://localhost:5000/api/product/newProducts/?page=1,14418,0,586
1717757560412,14419,GetNewProducts,200,OK,Thread Group 5000 1-1108,text,true,,1864,150,4237,4237,http://localhost:5000/api/product/newProducts/?page=1,14419,0,586
1717757560423,14408,GetNewProducts,200,OK,Thread Group 5000 1-543,text,true,,1864,150,4236,4236,http://localhost:5000/api/product/newProducts/?page=1,14408,0,574
1717757560415,14417,GetNewProducts,200,OK,Thread Group 5000 1-489,text,true,,1864,150,4235,4235,http://localhost:5000/api/product/newProducts/?page=1,14417,0,582
1717757560419,14413,GetNewProducts,200,OK,Thread Group 5000 1-510,text,true,,1864,150,4234,4234,http://localhost:5000/api/product/newProducts/?page=1,14413,0,579
1717757560417,14416,GetNewProducts,200,OK,Thread Group 5000 1-490,text,true,,1864,150,4233,4233,http://localhost:5000/api/product/newProducts/?page=1,14416,0,581
1717757560426,14407,GetNewProducts,200,OK,Thread Group 5000 1-568,text,true,,1864,150,4232,4232,http://localhost:5000/api/product/newProducts/?page=1,14407,0,571
1717757560414,14420,GetNewProducts,200,OK,Thread Group 5000 1-483,text,true,,1864,150,4231,4231,http://localhost:5000/api/product/newProducts/?page=1,14420,0,583
1717757560421,14413,GetNewProducts,200,OK,Thread Group 5000 1-518,text,true,,1864,150,4230,4230,http://localhost:5000/api/product/newProducts/?page=1,14413,0,576
1717757560414,14421,GetNewProducts,200,OK,Thread Group 5000 1-325,text,true,,1864,150,4229,4229,http://localhost:5000/api/product/newProducts/?page=1,14421,0,583
1717757560412,14423,GetNewProducts,200,OK,Thread Group 5000 1-479,text,true,,1864,150,4228,4228,http://localhost:5000/api/product/newProducts/?page=1,14423,0,585
1717757560423,14412,GetNewProducts,200,OK,Thread Group 5000 1-1303,text,true,,1864,150,4227,4227,http://localhost:5000/api/product/newProducts/?page=1,14412,0,574
1717757560420,14416,GetNewProducts,200,OK,Thread Group 5000 1-504,text,true,,1864,150,4226,4226,http://localhost:5000/api/product/newProducts/?page=1,14416,0,577
1717757560418,14419,GetNewProducts,200,OK,Thread Group 5000 1-1216,text,true,,1864,150,4225,4225,http://localhost:5000/api/product/newProducts/?page=1,14419,0,579
1717757560426,14412,GetNewProducts,200,OK,Thread Group 5000 1-574,text,true,,1864,150,4224,4224,http://localhost:5000/api/product/newProducts/?page=1,14412,0,571
1717757560420,14418,GetNewProducts,200,OK,Thread Group 5000 1-508,text,true,,1864,150,4223,4223,http://localhost:5000/api/product/newProducts/?page=1,14418,0,577
1717757560424,14415,GetNewProducts,200,OK,Thread Group 5000 1-553,text,true,,1864,150,4222,4222,http://localhost:5000/api/product/newProducts/?page=1,14415,0,573
1717757560420,14419,GetNewProducts,200,OK,Thread Group 5000 1-1250,text,true,,1864,150,4221,4221,http://localhost:5000/api/product/newProducts/?page=1,14419,0,577
1717757560417,14422,GetNewProducts,200,OK,Thread Group 5000 1-491,text,true,,1864,150,4220,4220,http://localhost:5000/api/product/newProducts/?page=1,14422,0,580
1717757560424,14416,GetNewProducts,200,OK,Thread Group 5000 1-549,text,true,,1864,150,4219,4219,http://localhost:5000/api/product/newProducts/?page=1,14416,0,573
1717757560422,14418,GetNewProducts,200,OK,Thread Group 5000 1-531,text,true,,1864,150,4218,4218,http://localhost:5000/api/product/newProducts/?page=1,14418,0,575
1717757560422,14419,GetNewProducts,200,OK,Thread Group 5000 1-538,text,true,,1864,150,4217,4217,http://localhost:5000/api/product/newProducts/?page=1,14419,0,575
1717757560416,14425,GetNewProducts,200,OK,Thread Group 5000 1-500,text,true,,1864,150,4216,4216,http://localhost:5000/api/product/newProducts/?page=1,14425,0,581
1717757560421,14422,GetNewProducts,200,OK,Thread Group 5000 1-519,text,true,,1864,150,4215,4215,http://localhost:5000/api/product/newProducts/?page=1,14422,0,576
1717757560426,14417,GetNewProducts,200,OK,Thread Group 5000 1-572,text,true,,1864,150,4214,4214,http://localhost:5000/api/product/newProducts/?page=1,14417,0,571
1717757560419,14424,GetNewProducts,200,OK,Thread Group 5000 1-506,text,true,,1864,150,4213,4213,http://localhost:5000/api/product/newProducts/?page=1,14424,0,578
1717757560423,14421,GetNewProducts,200,OK,Thread Group 5000 1-547,text,true,,1864,150,4212,4212,http://localhost:5000/api/product/newProducts/?page=1,14421,0,573
1717757560424,14420,GetNewProducts,200,OK,Thread Group 5000 1-556,text,true,,1864,150,4211,4211,http://localhost:5000/api/product/newProducts/?page=1,14420,0,573
1717757560421,14424,GetNewProducts,200,OK,Thread Group 5000 1-523,text,true,,1864,150,4210,4210,http://localhost:5000/api/product/newProducts/?page=1,14424,0,576
1717757560421,14425,GetNewProducts,200,OK,Thread Group 5000 1-533,text,true,,1864,150,4209,4209,http://localhost:5000/api/product/newProducts/?page=1,14425,0,576
1717757560425,14421,GetNewProducts,200,OK,Thread Group 5000 1-1347,text,true,,1864,150,4208,4208,http://localhost:5000/api/product/newProducts/?page=1,14421,0,571
1717757560422,14424,GetNewProducts,200,OK,Thread Group 5000 1-527,text,true,,1864,150,4207,4207,http://localhost:5000/api/product/newProducts/?page=1,14424,0,575
1717757560423,14424,GetNewProducts,200,OK,Thread Group 5000 1-544,text,true,,1864,150,4206,4206,http://localhost:5000/api/product/newProducts/?page=1,14424,0,574
1717757560419,14429,GetNewProducts,200,OK,Thread Group 5000 1-1240,text,true,,1864,150,4205,4205,http://localhost:5000/api/product/newProducts/?page=1,14429,0,578
1717757560413,14435,GetNewProducts,200,OK,Thread Group 5000 1-484,text,true,,1864,150,4204,4204,http://localhost:5000/api/product/newProducts/?page=1,14435,0,584
1717757560415,14434,GetNewProducts,200,OK,Thread Group 5000 1-493,text,true,,1864,150,4203,4203,http://localhost:5000/api/product/newProducts/?page=1,14434,0,582
1717757560422,14428,GetNewProducts,200,OK,Thread Group 5000 1-530,text,true,,1864,150,4202,4202,http://localhost:5000/api/product/newProducts/?page=1,14428,0,575
1717757560423,14427,GetNewProducts,200,OK,Thread Group 5000 1-546,text,true,,1864,150,4201,4201,http://localhost:5000/api/product/newProducts/?page=1,14427,0,574
1717757560418,14433,GetNewProducts,200,OK,Thread Group 5000 1-495,text,true,,1864,150,4200,4200,http://localhost:5000/api/product/newProducts/?page=1,14433,0,579
1717757560421,14430,GetNewProducts,200,OK,Thread Group 5000 1-536,text,true,,1864,150,4199,4199,http://localhost:5000/api/product/newProducts/?page=1,14430,0,576
1717757560425,14427,GetNewProducts,200,OK,Thread Group 5000 1-555,text,true,,1864,150,4198,4198,http://localhost:5000/api/product/newProducts/?page=1,14427,0,572
1717757560424,14428,GetNewProducts,200,OK,Thread Group 5000 1-563,text,true,,1864,150,4197,4197,http://localhost:5000/api/product/newProducts/?page=1,14428,0,573
1717757560423,14430,GetNewProducts,200,OK,Thread Group 5000 1-541,text,true,,1864,150,4196,4196,http://localhost:5000/api/product/newProducts/?page=1,14430,0,574
1717757560420,14434,GetNewProducts,200,OK,Thread Group 5000 1-520,text,true,,1864,150,4195,4195,http://localhost:5000/api/product/newProducts/?page=1,14434,0,577
1717757560426,14429,GetNewProducts,200,OK,Thread Group 5000 1-569,text,true,,1864,150,4194,4194,http://localhost:5000/api/product/newProducts/?page=1,14429,0,571
1717757560420,14439,GetNewProducts,200,OK,Thread Group 5000 1-1252,text,true,,1864,150,4193,4193,http://localhost:5000/api/product/newProducts/?page=1,14439,0,577
1717757560418,14442,GetNewProducts,200,OK,Thread Group 5000 1-499,text,true,,1864,150,4192,4192,http://localhost:5000/api/product/newProducts/?page=1,14442,0,579
1717757560426,14436,GetNewProducts,200,OK,Thread Group 5000 1-567,text,true,,1864,150,4191,4191,http://localhost:5000/api/product/newProducts/?page=1,14436,0,571
1717757560425,14438,GetNewProducts,200,OK,Thread Group 5000 1-1333,text,true,,1864,150,4190,4190,http://localhost:5000/api/product/newProducts/?page=1,14438,0,572
1717757560426,14437,GetNewProducts,200,OK,Thread Group 5000 1-570,text,true,,1864,150,4189,4189,http://localhost:5000/api/product/newProducts/?page=1,14437,0,571
1717757560420,14444,GetNewProducts,200,OK,Thread Group 5000 1-505,text,true,,1864,150,4188,4188,http://localhost:5000/api/product/newProducts/?page=1,14444,0,577
1717757560422,14442,GetNewProducts,200,OK,Thread Group 5000 1-526,text,true,,1864,150,4187,4187,http://localhost:5000/api/product/newProducts/?page=1,14442,0,574
1717757560425,14440,GetNewProducts,200,OK,Thread Group 5000 1-564,text,true,,1864,150,4186,4186,http://localhost:5000/api/product/newProducts/?page=1,14440,0,571
1717757560424,14442,GetNewProducts,200,OK,Thread Group 5000 1-1327,text,true,,1864,150,4185,4185,http://localhost:5000/api/product/newProducts/?page=1,14442,0,573
1717757560423,14443,GetNewProducts,200,OK,Thread Group 5000 1-542,text,true,,1864,150,4184,4184,http://localhost:5000/api/product/newProducts/?page=1,14443,0,574
1717757560423,14444,GetNewProducts,200,OK,Thread Group 5000 1-545,text,true,,1864,150,4183,4183,http://localhost:5000/api/product/newProducts/?page=1,14444,0,573
1717757560415,14452,GetNewProducts,200,OK,Thread Group 5000 1-492,text,true,,1864,150,4182,4182,http://localhost:5000/api/product/newProducts/?page=1,14452,0,581
1717757560421,14447,GetNewProducts,200,OK,Thread Group 5000 1-532,text,true,,1864,150,4181,4181,http://localhost:5000/api/product/newProducts/?page=1,14447,0,575
1717757560421,14447,GetNewProducts,200,OK,Thread Group 5000 1-528,text,true,,1864,150,4180,4180,http://localhost:5000/api/product/newProducts/?page=1,14447,0,575
1717757560416,14453,GetNewProducts,200,OK,Thread Group 5000 1-496,text,true,,1864,150,4179,4179,http://localhost:5000/api/product/newProducts/?page=1,14453,0,581
1717757560420,14450,GetNewProducts,200,OK,Thread Group 5000 1-517,text,true,,1864,150,4178,4178,http://localhost:5000/api/product/newProducts/?page=1,14450,0,576
1717757560426,14444,GetNewProducts,200,OK,Thread Group 5000 1-583,text,true,,1864,150,4177,4177,http://localhost:5000/api/product/newProducts/?page=1,14444,0,570
1717757560414,14457,GetNewProducts,200,OK,Thread Group 5000 1-488,text,true,,1864,150,4176,4176,http://localhost:5000/api/product/newProducts/?page=1,14457,0,582
1717757560413,14458,GetNewProducts,200,OK,Thread Group 5000 1-478,text,true,,1864,150,4175,4175,http://localhost:5000/api/product/newProducts/?page=1,14458,0,583
1717757560422,14450,GetNewProducts,200,OK,Thread Group 5000 1-540,text,true,,1864,150,4174,4174,http://localhost:5000/api/product/newProducts/?page=1,14450,0,574
1717757560425,14448,GetNewProducts,200,OK,Thread Group 5000 1-558,text,true,,1864,150,4173,4173,http://localhost:5000/api/product/newProducts/?page=1,14448,0,571
1717757560424,14451,GetNewProducts,200,OK,Thread Group 5000 1-548,text,true,,1864,150,4172,4172,http://localhost:5000/api/product/newProducts/?page=1,14451,0,572
1717757560418,14466,GetNewProducts,200,OK,Thread Group 5000 1-507,text,true,,1864,150,4171,4171,http://localhost:5000/api/product/newProducts/?page=1,14466,0,578
1717757560420,14465,GetNewProducts,200,OK,Thread Group 5000 1-516,text,true,,1864,150,4170,4170,http://localhost:5000/api/product/newProducts/?page=1,14465,0,576
1717757560426,14461,GetNewProducts,200,OK,Thread Group 5000 1-571,text,true,,1864,150,4169,4169,http://localhost:5000/api/product/newProducts/?page=1,14461,0,570
1717757560427,14461,GetNewProducts,200,OK,Thread Group 5000 1-584,text,true,,1864,150,4168,4168,http://localhost:5000/api/product/newProducts/?page=1,14461,0,569
1717757560424,14465,GetNewProducts,200,OK,Thread Group 5000 1-560,text,true,,1864,150,4167,4167,http://localhost:5000/api/product/newProducts/?page=1,14465,0,572
1717757560417,14472,GetNewProducts,200,OK,Thread Group 5000 1-487,text,true,,1864,150,4166,4166,http://localhost:5000/api/product/newProducts/?page=1,14472,0,579
1717757560419,14471,GetNewProducts,200,OK,Thread Group 5000 1-1236,text,true,,1864,150,4165,4165,http://localhost:5000/api/product/newProducts/?page=1,14471,0,577
1717757560423,14468,GetNewProducts,200,OK,Thread Group 5000 1-1292,text,true,,1864,150,4164,4164,http://localhost:5000/api/product/newProducts/?page=1,14468,0,573
1717757560420,14475,GetNewProducts,200,OK,Thread Group 5000 1-524,text,true,,1864,150,4163,4163,http://localhost:5000/api/product/newProducts/?page=1,14475,0,576
1717757560421,14475,GetNewProducts,200,OK,Thread Group 5000 1-537,text,true,,1864,150,4162,4162,http://localhost:5000/api/product/newProducts/?page=1,14475,0,575
1717757560423,14495,GetNewProducts,200,OK,Thread Group 5000 1-550,text,true,,1864,150,4161,4161,http://localhost:5000/api/product/newProducts/?page=1,14495,0,573
1717757560427,14492,GetNewProducts,200,OK,Thread Group 5000 1-577,text,true,,1864,150,4160,4160,http://localhost:5000/api/product/newProducts/?page=1,14492,0,569
1717757560424,14497,GetNewProducts,200,OK,Thread Group 5000 1-552,text,true,,1864,150,4159,4159,http://localhost:5000/api/product/newProducts/?page=1,14497,0,572
1717757560422,14499,GetNewProducts,200,OK,Thread Group 5000 1-1285,text,true,,1864,150,4158,4158,http://localhost:5000/api/product/newProducts/?page=1,14499,0,574
1717757560427,14496,GetNewProducts,200,OK,Thread Group 5000 1-579,text,true,,1864,150,4157,4157,http://localhost:5000/api/product/newProducts/?page=1,14496,0,569
1717757560420,14504,GetNewProducts,200,OK,Thread Group 5000 1-509,text,true,,1864,150,4156,4156,http://localhost:5000/api/product/newProducts/?page=1,14504,0,576
1717757560425,14499,GetNewProducts,200,OK,Thread Group 5000 1-566,text,true,,1864,150,4155,4155,http://localhost:5000/api/product/newProducts/?page=1,14499,0,571
1717757561029,13896,GetNewProducts,200,OK,Thread Group 5000 1-4562,text,true,,1864,150,4154,4154,http://localhost:5000/api/product/newProducts/?page=1,13896,0,1
1717757560426,14500,GetNewProducts,200,OK,Thread Group 5000 1-575,text,true,,1864,150,4153,4153,http://localhost:5000/api/product/newProducts/?page=1,14500,0,566
1717757560418,14508,GetNewProducts,200,OK,Thread Group 5000 1-494,text,true,,1864,150,4152,4152,http://localhost:5000/api/product/newProducts/?page=1,14508,0,578
1717757561029,13908,GetNewProducts,200,OK,Thread Group 5000 1-2565,text,true,,1864,150,4151,4151,http://localhost:5000/api/product/newProducts/?page=1,13908,0,1
1717757561029,13909,GetNewProducts,200,OK,Thread Group 5000 1-4694,text,true,,1864,150,4150,4150,http://localhost:5000/api/product/newProducts/?page=1,13909,0,1
1717757561029,13910,GetNewProducts,200,OK,Thread Group 5000 1-3498,text,true,,1864,150,4149,4149,http://localhost:5000/api/product/newProducts/?page=1,13910,0,1
1717757561030,13911,GetNewProducts,200,OK,Thread Group 5000 1-3503,text,true,,1864,150,4148,4148,http://localhost:5000/api/product/newProducts/?page=1,13911,0,0
1717757561030,13911,GetNewProducts,200,OK,Thread Group 5000 1-4874,text,true,,1864,150,4147,4147,http://localhost:5000/api/product/newProducts/?page=1,13911,0,0
1717757561030,13912,GetNewProducts,200,OK,Thread Group 5000 1-4483,text,true,,1864,150,4146,4146,http://localhost:5000/api/product/newProducts/?page=1,13912,0,0
1717757561030,13912,GetNewProducts,200,OK,Thread Group 5000 1-4443,text,true,,1864,150,4145,4145,http://localhost:5000/api/product/newProducts/?page=1,13912,0,0
1717757561030,13914,GetNewProducts,200,OK,Thread Group 5000 1-3515,text,true,,1864,150,4144,4144,http://localhost:5000/api/product/newProducts/?page=1,13914,0,0
1717757561030,13914,GetNewProducts,200,OK,Thread Group 5000 1-3495,text,true,,1864,150,4143,4143,http://localhost:5000/api/product/newProducts/?page=1,13914,0,0
1717757561030,13916,GetNewProducts,200,OK,Thread Group 5000 1-4446,text,true,,1864,150,4142,4142,http://localhost:5000/api/product/newProducts/?page=1,13916,0,0
1717757561086,13961,GetNewProducts,200,OK,Thread Group 5000 1-3635,text,true,,1864,150,4141,4141,http://localhost:5000/api/product/newProducts/?page=1,13961,0,0
1717757561033,14004,GetNewProducts,200,OK,Thread Group 5000 1-3516,text,true,,1864,150,4141,4141,http://localhost:5000/api/product/newProducts/?page=1,14004,0,1
1717757561033,14003,GetNewProducts,200,OK,Thread Group 5000 1-4472,text,true,,1864,150,4141,4141,http://localhost:5000/api/product/newProducts/?page=1,14003,0,0
1717757561033,14004,GetNewProducts,200,OK,Thread Group 5000 1-3476,text,true,,1864,150,4141,4141,http://localhost:5000/api/product/newProducts/?page=1,14004,0,1
1717757561033,14002,GetNewProducts,200,OK,Thread Group 5000 1-4518,text,true,,1864,150,4141,4141,http://localhost:5000/api/product/newProducts/?page=1,14002,0,0
1717757561033,14002,GetNewProducts,200,OK,Thread Group 5000 1-4456,text,true,,1864,150,4141,4141,http://localhost:5000/api/product/newProducts/?page=1,14002,0,0
1717757561033,14001,GetNewProducts,200,OK,Thread Group 5000 1-4599,text,true,,1864,150,4141,4141,http://localhost:5000/api/product/newProducts/?page=1,14001,0,0
1717757561033,14000,GetNewProducts,200,OK,Thread Group 5000 1-4444,text,true,,1864,150,4141,4141,http://localhost:5000/api/product/newProducts/?page=1,14000,0,0
1717757561033,14000,GetNewProducts,200,OK,Thread Group 5000 1-3474,text,true,,1864,150,4141,4141,http://localhost:5000/api/product/newProducts/?page=1,14000,0,0
1717757561033,13998,GetNewProducts,200,OK,Thread Group 5000 1-4590,text,true,,1864,150,4141,4141,http://localhost:5000/api/product/newProducts/?page=1,13998,0,0
1717757561033,13997,GetNewProducts,200,OK,Thread Group 5000 1-3480,text,true,,1864,150,4141,4141,http://localhost:5000/api/product/newProducts/?page=1,13997,0,0
1717757561032,13987,GetNewProducts,200,OK,Thread Group 5000 1-4455,text,true,,1864,150,4141,4141,http://localhost:5000/api/product/newProducts/?page=1,13987,0,1
1717757561032,13987,GetNewProducts,200,OK,Thread Group 5000 1-3511,text,true,,1864,150,4141,4141,http://localhost:5000/api/product/newProducts/?page=1,13987,0,0
1717757561032,13986,GetNewProducts,200,OK,Thread Group 5000 1-4403,text,true,,1864,150,4141,4141,http://localhost:5000/api/product/newProducts/?page=1,13986,0,0
1717757561033,13985,GetNewProducts,200,OK,Thread Group 5000 1-3497,text,true,,1864,150,4141,4141,http://localhost:5000/api/product/newProducts/?page=1,13985,0,0
1717757561031,13986,GetNewProducts,200,OK,Thread Group 5000 1-3535,text,true,,1864,150,4141,4141,http://localhost:5000/api/product/newProducts/?page=1,13986,0,1
1717757561032,13985,GetNewProducts,200,OK,Thread Group 5000 1-4407,text,true,,1864,150,4141,4141,http://localhost:5000/api/product/newProducts/?page=1,13985,0,1
1717757561032,13984,GetNewProducts,200,OK,Thread Group 5000 1-4585,text,true,,1864,150,4141,4141,http://localhost:5000/api/product/newProducts/?page=1,13984,0,0
1717757561032,13984,GetNewProducts,200,OK,Thread Group 5000 1-4690,text,true,,1864,150,4141,4141,http://localhost:5000/api/product/newProducts/?page=1,13984,0,0
1717757561031,13984,GetNewProducts,200,OK,Thread Group 5000 1-4586,text,true,,1864,150,4141,4141,http://localhost:5000/api/product/newProducts/?page=1,13984,0,1
1717757561032,13982,GetNewProducts,200,OK,Thread Group 5000 1-4390,text,true,,1864,150,4141,4141,http://localhost:5000/api/product/newProducts/?page=1,13982,0,1
1717757561032,13982,GetNewProducts,200,OK,Thread Group 5000 1-4495,text,true,,1864,150,4141,4141,http://localhost:5000/api/product/newProducts/?page=1,13982,0,1
1717757561031,13982,GetNewProducts,200,OK,Thread Group 5000 1-4543,text,true,,1864,150,4141,4141,http://localhost:5000/api/product/newProducts/?page=1,13982,0,0
1717757561032,13981,GetNewProducts,200,OK,Thread Group 5000 1-4494,text,true,,1864,150,4141,4141,http://localhost:5000/api/product/newProducts/?page=1,13981,0,0
1717757561032,13980,GetNewProducts,200,OK,Thread Group 5000 1-4750,text,true,,1864,150,4141,4141,http://localhost:5000/api/product/newProducts/?page=1,13980,0,0
1717757561032,13979,GetNewProducts,200,OK,Thread Group 5000 1-4463,text,true,,1864,150,4141,4141,http://localhost:5000/api/product/newProducts/?page=1,13979,0,0
1717757561031,13979,GetNewProducts,200,OK,Thread Group 5000 1-4583,text,true,,1864,150,4141,4141,http://localhost:5000/api/product/newProducts/?page=1,13979,0,0
1717757561031,13979,GetNewProducts,200,OK,Thread Group 5000 1-4587,text,true,,1864,150,4141,4141,http://localhost:5000/api/product/newProducts/?page=1,13979,0,0
1717757561031,13978,GetNewProducts,200,OK,Thread Group 5000 1-3507,text,true,,1864,150,4141,4141,http://localhost:5000/api/product/newProducts/?page=1,13978,0,0
1717757561031,13948,GetNewProducts,200,OK,Thread Group 5000 1-4484,text,true,,1864,150,4141,4141,http://localhost:5000/api/product/newProducts/?page=1,13948,0,0
1717757561031,13946,GetNewProducts,200,OK,Thread Group 5000 1-4538,text,true,,1864,150,4141,4141,http://localhost:5000/api/product/newProducts/?page=1,13946,0,0
1717757561031,13933,GetNewProducts,200,OK,Thread Group 5000 1-4558,text,true,,1864,150,4141,4141,http://localhost:5000/api/product/newProducts/?page=1,13933,0,0
1717757561030,13933,GetNewProducts,200,OK,Thread Group 5000 1-3510,text,true,,1864,150,4141,4141,http://localhost:5000/api/product/newProducts/?page=1,13933,0,0
1717757561031,13931,GetNewProducts,200,OK,Thread Group 5000 1-4578,text,true,,1864,150,4141,4141,http://localhost:5000/api/product/newProducts/?page=1,13931,0,0
1717757561031,13931,GetNewProducts,200,OK,Thread Group 5000 1-3485,text,true,,1864,150,4141,4141,http://localhost:5000/api/product/newProducts/?page=1,13931,0,0
1717757561030,13932,GetNewProducts,200,OK,Thread Group 5000 1-3509,text,true,,1864,150,4141,4141,http://localhost:5000/api/product/newProducts/?page=1,13931,0,1
1717757561031,13930,GetNewProducts,200,OK,Thread Group 5000 1-4566,text,true,,1864,150,4141,4141,http://localhost:5000/api/product/newProducts/?page=1,13930,0,0
1717757561030,13930,GetNewProducts,200,OK,Thread Group 5000 1-1726,text,true,,1864,150,4141,4141,http://localhost:5000/api/product/newProducts/?page=1,13930,0,1
1717757561031,13927,GetNewProducts,200,OK,Thread Group 5000 1-3484,text,true,,1864,150,4141,4141,http://localhost:5000/api/product/newProducts/?page=1,13927,0,0
1717757561030,13927,GetNewProducts,200,OK,Thread Group 5000 1-3502,text,true,,1864,150,4141,4141,http://localhost:5000/api/product/newProducts/?page=1,13927,0,1
1717757561030,13926,GetNewProducts,200,OK,Thread Group 5000 1-3506,text,true,,1864,150,4141,4141,http://localhost:5000/api/product/newProducts/?page=1,13926,0,0
1717757561087,13964,GetNewProducts,200,OK,Thread Group 5000 1-3305,text,true,,1864,150,4100,4100,http://localhost:5000/api/product/newProducts/?page=1,13964,0,0
1717757561086,13966,GetNewProducts,200,OK,Thread Group 5000 1-4580,text,true,,1864,150,4099,4099,http://localhost:5000/api/product/newProducts/?page=1,13966,0,0
1717757561033,14024,GetNewProducts,200,OK,Thread Group 5000 1-3540,text,true,,1864,150,4098,4098,http://localhost:5000/api/product/newProducts/?page=1,14024,0,1
1717757561089,13978,GetNewProducts,200,OK,Thread Group 5000 1-3397,text,true,,1864,150,4097,4097,http://localhost:5000/api/product/newProducts/?page=1,13978,0,0
1717757561087,13982,GetNewProducts,200,OK,Thread Group 5000 1-4519,text,true,,1864,150,4096,4096,http://localhost:5000/api/product/newProducts/?page=1,13982,0,0
1717757561087,13982,GetNewProducts,200,OK,Thread Group 5000 1-4516,text,true,,1864,150,4095,4095,http://localhost:5000/api/product/newProducts/?page=1,13982,0,0
1717757561089,13981,GetNewProducts,200,OK,Thread Group 5000 1-3420,text,true,,1864,150,4094,4094,http://localhost:5000/api/product/newProducts/?page=1,13981,0,1
1717757561089,13982,GetNewProducts,200,OK,Thread Group 5000 1-4760,text,true,,1864,150,4093,4093,http://localhost:5000/api/product/newProducts/?page=1,13982,0,1
1717757561089,13985,GetNewProducts,200,OK,Thread Group 5000 1-4121,text,true,,1864,150,4092,4092,http://localhost:5000/api/product/newProducts/?page=1,13985,0,0
1717757561089,14002,GetNewProducts,200,OK,Thread Group 5000 1-4756,text,true,,1864,150,4091,4091,http://localhost:5000/api/product/newProducts/?page=1,14002,0,1
1717757561089,14002,GetNewProducts,200,OK,Thread Group 5000 1-4974,text,true,,1864,150,4090,4090,http://localhost:5000/api/product/newProducts/?page=1,14002,0,1
1717757561090,14003,GetNewProducts,200,OK,Thread Group 5000 1-4700,text,true,,1864,150,4089,4089,http://localhost:5000/api/product/newProducts/?page=1,14003,0,0
1717757561090,14003,GetNewProducts,200,OK,Thread Group 5000 1-4792,text,true,,1864,150,4088,4088,http://localhost:5000/api/product/newProducts/?page=1,14003,0,0
1717757561090,14005,GetNewProducts,200,OK,Thread Group 5000 1-4738,text,true,,1864,150,4087,4087,http://localhost:5000/api/product/newProducts/?page=1,14005,0,0
1717757561090,14005,GetNewProducts,200,OK,Thread Group 5000 1-4644,text,true,,1864,150,4086,4086,http://localhost:5000/api/product/newProducts/?page=1,14005,0,0
1717757561090,14023,GetNewProducts,200,OK,Thread Group 5000 1-4740,text,true,,1864,150,4085,4085,http://localhost:5000/api/product/newProducts/?page=1,14023,0,0
1717757561090,14023,GetNewProducts,200,OK,Thread Group 5000 1-4741,text,true,,1864,150,4084,4084,http://localhost:5000/api/product/newProducts/?page=1,14023,0,0
1717757561090,14024,GetNewProducts,200,OK,Thread Group 5000 1-4898,text,true,,1864,150,4083,4083,http://localhost:5000/api/product/newProducts/?page=1,14024,0,0
1717757561090,14032,GetNewProducts,200,OK,Thread Group 5000 1-4789,text,true,,1864,150,4082,4082,http://localhost:5000/api/product/newProducts/?page=1,14032,0,0
1717757561090,14107,GetNewProducts,200,OK,Thread Group 5000 1-4912,text,true,,1864,150,4081,4081,http://localhost:5000/api/product/newProducts/?page=1,14107,0,0
1717757561090,14109,GetNewProducts,200,OK,Thread Group 5000 1-4958,text,true,,1864,150,4080,4080,http://localhost:5000/api/product/newProducts/?page=1,14109,0,1
1717757561090,14110,GetNewProducts,200,OK,Thread Group 5000 1-4710,text,true,,1864,150,4079,4079,http://localhost:5000/api/product/newProducts/?page=1,14110,0,1
1717757561090,14111,GetNewProducts,200,OK,Thread Group 5000 1-4633,text,true,,1864,150,4078,4078,http://localhost:5000/api/product/newProducts/?page=1,14111,0,1
1717757561090,14113,GetNewProducts,200,OK,Thread Group 5000 1-4631,text,true,,1864,150,4077,4077,http://localhost:5000/api/product/newProducts/?page=1,14113,0,1
1717757561090,14114,GetNewProducts,200,OK,Thread Group 5000 1-4873,text,true,,1864,150,4076,4076,http://localhost:5000/api/product/newProducts/?page=1,14114,0,0
1717757561090,14127,GetNewProducts,200,OK,Thread Group 5000 1-4767,text,true,,1864,150,4075,4075,http://localhost:5000/api/product/newProducts/?page=1,14127,0,1
1717757561091,14127,GetNewProducts,200,OK,Thread Group 5000 1-4627,text,true,,1864,150,4074,4074,http://localhost:5000/api/product/newProducts/?page=1,14127,0,0
1717757561091,14128,GetNewProducts,200,OK,Thread Group 5000 1-2516,text,true,,1864,150,4073,4073,http://localhost:5000/api/product/newProducts/?page=1,14128,0,0
1717757561090,14130,GetNewProducts,200,OK,Thread Group 5000 1-4626,text,true,,1864,150,4072,4072,http://localhost:5000/api/product/newProducts/?page=1,14130,0,1
1717757561091,14130,GetNewProducts,200,OK,Thread Group 5000 1-4667,text,true,,1864,150,4071,4071,http://localhost:5000/api/product/newProducts/?page=1,14130,0,0
1717757561091,14131,GetNewProducts,200,OK,Thread Group 5000 1-2410,text,true,,1864,150,4070,4070,http://localhost:5000/api/product/newProducts/?page=1,14131,0,0
1717757561091,14132,GetNewProducts,200,OK,Thread Group 5000 1-2975,text,true,,1864,150,4069,4069,http://localhost:5000/api/product/newProducts/?page=1,14132,0,0
1717757561091,14133,GetNewProducts,200,OK,Thread Group 5000 1-4732,text,true,,1864,150,4068,4068,http://localhost:5000/api/product/newProducts/?page=1,14133,0,0
1717757561091,14133,GetNewProducts,200,OK,Thread Group 5000 1-4766,text,true,,1864,150,4067,4067,http://localhost:5000/api/product/newProducts/?page=1,14133,0,0
1717757561090,14138,GetNewProducts,200,OK,Thread Group 5000 1-4844,text,true,,1864,150,4066,4066,http://localhost:5000/api/product/newProducts/?page=1,14138,0,1
1717757561091,14160,GetNewProducts,200,OK,Thread Group 5000 1-4889,text,true,,1864,150,4065,4065,http://localhost:5000/api/product/newProducts/?page=1,14160,0,0
1717757561091,14161,GetNewProducts,200,OK,Thread Group 5000 1-4737,text,true,,1864,150,4064,4064,http://localhost:5000/api/product/newProducts/?page=1,14161,0,0
1717757561091,14161,GetNewProducts,200,OK,Thread Group 5000 1-4847,text,true,,1864,150,4063,4063,http://localhost:5000/api/product/newProducts/?page=1,14161,0,0
1717757561091,14163,GetNewProducts,200,OK,Thread Group 5000 1-4617,text,true,,1864,150,4062,4062,http://localhost:5000/api/product/newProducts/?page=1,14163,0,0
1717757561091,14163,GetNewProducts,200,OK,Thread Group 5000 1-4775,text,true,,1864,150,4061,4061,http://localhost:5000/api/product/newProducts/?page=1,14163,0,0
1717757561091,14165,GetNewProducts,200,OK,Thread Group 5000 1-2406,text,true,,1864,150,4060,4060,http://localhost:5000/api/product/newProducts/?page=1,14165,0,1
1717757561091,14166,GetNewProducts,200,OK,Thread Group 5000 1-4749,text,true,,1864,150,4059,4059,http://localhost:5000/api/product/newProducts/?page=1,14166,0,1
1717757561091,14166,GetNewProducts,200,OK,Thread Group 5000 1-4911,text,true,,1864,150,4058,4058,http://localhost:5000/api/product/newProducts/?page=1,14166,0,1
1717757561091,14167,GetNewProducts,200,OK,Thread Group 5000 1-4612,text,true,,1864,150,4057,4057,http://localhost:5000/api/product/newProducts/?page=1,14167,0,1
1717757560661,14597,GetNewProducts,200,OK,Thread Group 5000 1-2392,text,true,,1864,150,4056,4056,http://localhost:5000/api/product/newProducts/?page=1,14597,0,513
1717757560659,14600,GetNewProducts,200,OK,Thread Group 5000 1-2407,text,true,,1864,150,4055,4055,http://localhost:5000/api/product/newProducts/?page=1,14600,0,515
1717757560660,14599,GetNewProducts,200,OK,Thread Group 5000 1-2416,text,true,,1864,150,4054,4054,http://localhost:5000/api/product/newProducts/?page=1,14599,0,514
1717757560661,14599,GetNewProducts,200,OK,Thread Group 5000 1-2393,text,true,,1864,150,4053,4053,http://localhost:5000/api/product/newProducts/?page=1,14599,0,513
1717757560661,14602,GetNewProducts,200,OK,Thread Group 5000 1-4628,text,true,,1864,150,4052,4052,http://localhost:5000/api/product/newProducts/?page=1,14602,0,513
1717757560660,14613,GetNewProducts,200,OK,Thread Group 5000 1-4619,text,true,,1864,150,4051,4051,http://localhost:5000/api/product/newProducts/?page=1,14613,0,514
1717757560660,14613,GetNewProducts,200,OK,Thread Group 5000 1-2415,text,true,,1864,150,4050,4050,http://localhost:5000/api/product/newProducts/?page=1,14613,0,514
1717757560660,14614,GetNewProducts,200,OK,Thread Group 5000 1-4622,text,true,,1864,150,4049,4049,http://localhost:5000/api/product/newProducts/?page=1,14614,0,514
1717757560661,14615,GetNewProducts,200,OK,Thread Group 5000 1-2418,text,true,,1864,150,4048,4048,http://localhost:5000/api/product/newProducts/?page=1,14615,0,514
1717757560661,14616,GetNewProducts,200,OK,Thread Group 5000 1-2417,text,true,,1864,150,4047,4047,http://localhost:5000/api/product/newProducts/?page=1,14616,0,514
1717757560681,14597,GetNewProducts,200,OK,Thread Group 5000 1-2486,text,true,,1864,150,4046,4046,http://localhost:5000/api/product/newProducts/?page=1,14597,0,509
1717757560679,14599,GetNewProducts,200,OK,Thread Group 5000 1-2474,text,true,,1864,150,4045,4045,http://localhost:5000/api/product/newProducts/?page=1,14599,0,511
1717757560681,14598,GetNewProducts,200,OK,Thread Group 5000 1-2484,text,true,,1864,150,4044,4044,http://localhost:5000/api/product/newProducts/?page=1,14598,0,509
1717757560659,14621,GetNewProducts,200,OK,Thread Group 5000 1-2394,text,true,,1864,150,4043,4043,http://localhost:5000/api/product/newProducts/?page=1,14621,0,516
1717757560677,14605,GetNewProducts,200,OK,Thread Group 5000 1-2477,text,true,,1864,150,4042,4042,http://localhost:5000/api/product/newProducts/?page=1,14605,0,513
1717757560676,14615,GetNewProducts,200,OK,Thread Group 5000 1-2476,text,true,,1864,150,4041,4041,http://localhost:5000/api/product/newProducts/?page=1,14615,0,514
1717757560683,14609,GetNewProducts,200,OK,Thread Group 5000 1-4808,text,true,,1864,150,4040,4040,http://localhost:5000/api/product/newProducts/?page=1,14609,0,507
1717757560684,14609,GetNewProducts,200,OK,Thread Group 5000 1-4820,text,true,,1864,150,4039,4039,http://localhost:5000/api/product/newProducts/?page=1,14609,0,506
1717757560684,14610,GetNewProducts,200,OK,Thread Group 5000 1-2504,text,true,,1864,150,4038,4038,http://localhost:5000/api/product/newProducts/?page=1,14610,0,506
1717757560683,14612,GetNewProducts,200,OK,Thread Group 5000 1-2494,text,true,,1864,150,4037,4037,http://localhost:5000/api/product/newProducts/?page=1,14612,0,507
1717757560683,14613,GetNewProducts,200,OK,Thread Group 5000 1-2496,text,true,,1864,150,4036,4036,http://localhost:5000/api/product/newProducts/?page=1,14613,0,507
1717757560681,14616,GetNewProducts,200,OK,Thread Group 5000 1-1175,text,true,,1864,150,4035,4035,http://localhost:5000/api/product/newProducts/?page=1,14616,0,509
1717757560681,14618,GetNewProducts,200,OK,Thread Group 5000 1-2485,text,true,,1864,150,4034,4034,http://localhost:5000/api/product/newProducts/?page=1,14618,0,509
1717757560685,14628,GetNewProducts,200,OK,Thread Group 5000 1-2508,text,true,,1864,150,4033,4033,http://localhost:5000/api/product/newProducts/?page=1,14628,0,505
1717757560679,14637,GetNewProducts,200,OK,Thread Group 5000 1-2475,text,true,,1864,150,4032,4032,http://localhost:5000/api/product/newProducts/?page=1,14637,0,511
1717757560684,14641,GetNewProducts,200,OK,Thread Group 5000 1-2500,text,true,,1864,150,4031,4031,http://localhost:5000/api/product/newProducts/?page=1,14641,0,506
1717757560685,14643,GetNewProducts,200,OK,Thread Group 5000 1-4828,text,true,,1864,150,4030,4030,http://localhost:5000/api/product/newProducts/?page=1,14643,0,505
1717757560685,14644,GetNewProducts,200,OK,Thread Group 5000 1-2503,text,true,,1864,150,4029,4029,http://localhost:5000/api/product/newProducts/?page=1,14644,0,505
1717757560680,14650,GetNewProducts,200,OK,Thread Group 5000 1-2480,text,true,,1864,150,4028,4028,http://localhost:5000/api/product/newProducts/?page=1,14650,0,510
1717757560678,14652,GetNewProducts,200,OK,Thread Group 5000 1-2478,text,true,,1864,150,4027,4027,http://localhost:5000/api/product/newProducts/?page=1,14652,0,512
1717757560681,14650,GetNewProducts,200,OK,Thread Group 5000 1-4790,text,true,,1864,150,4026,4026,http://localhost:5000/api/product/newProducts/?page=1,14650,0,509
1717757560686,14646,GetNewProducts,200,OK,Thread Group 5000 1-1195,text,true,,1864,150,4025,4025,http://localhost:5000/api/product/newProducts/?page=1,14646,0,504
1717757560688,14644,GetNewProducts,200,OK,Thread Group 5000 1-2527,text,true,,1864,150,4024,4024,http://localhost:5000/api/product/newProducts/?page=1,14644,0,502
1717757560680,14653,GetNewProducts,200,OK,Thread Group 5000 1-2479,text,true,,1864,150,4023,4023,http://localhost:5000/api/product/newProducts/?page=1,14653,0,510
1717757560682,14654,GetNewProducts,200,OK,Thread Group 5000 1-2493,text,true,,1864,150,4022,4022,http://localhost:5000/api/product/newProducts/?page=1,14654,0,508
1717757560682,14675,GetNewProducts,200,OK,Thread Group 5000 1-2492,text,true,,1864,150,4021,4021,http://localhost:5000/api/product/newProducts/?page=1,14675,0,508
1717757560686,14673,GetNewProducts,200,OK,Thread Group 5000 1-4837,text,true,,1864,150,4020,4020,http://localhost:5000/api/product/newProducts/?page=1,14673,0,504
1717757560686,14673,GetNewProducts,200,OK,Thread Group 5000 1-4838,text,true,,1864,150,4019,4019,http://localhost:5000/api/product/newProducts/?page=1,14673,0,504
1717757560689,14671,GetNewProducts,200,OK,Thread Group 5000 1-2537,text,true,,1864,150,4018,4018,http://localhost:5000/api/product/newProducts/?page=1,14671,0,501
1717757560682,14679,GetNewProducts,200,OK,Thread Group 5000 1-4805,text,true,,1864,150,4017,4017,http://localhost:5000/api/product/newProducts/?page=1,14679,0,508
1717757560681,14680,GetNewProducts,200,OK,Thread Group 5000 1-2483,text,true,,1864,150,4016,4016,http://localhost:5000/api/product/newProducts/?page=1,14680,0,509
1717757560690,14672,GetNewProducts,200,OK,Thread Group 5000 1-2549,text,true,,1864,150,4015,4015,http://localhost:5000/api/product/newProducts/?page=1,14672,0,500
1717757560687,14676,GetNewProducts,200,OK,Thread Group 5000 1-2524,text,true,,1864,150,4014,4014,http://localhost:5000/api/product/newProducts/?page=1,14676,0,503
1717757560685,14678,GetNewProducts,200,OK,Thread Group 5000 1-2506,text,true,,1864,150,4013,4013,http://localhost:5000/api/product/newProducts/?page=1,14678,0,505
1717757560684,14680,GetNewProducts,200,OK,Thread Group 5000 1-2502,text,true,,1864,150,4012,4012,http://localhost:5000/api/product/newProducts/?page=1,14680,0,506
1717757560683,14681,GetNewProducts,200,OK,Thread Group 5000 1-2495,text,true,,1864,150,4011,4011,http://localhost:5000/api/product/newProducts/?page=1,14681,0,507
1717757560684,14681,GetNewProducts,200,OK,Thread Group 5000 1-2499,text,true,,1864,150,4010,4010,http://localhost:5000/api/product/newProducts/?page=1,14681,0,506
1717757560688,14677,GetNewProducts,200,OK,Thread Group 5000 1-2532,text,true,,1864,150,4009,4009,http://localhost:5000/api/product/newProducts/?page=1,14677,0,502
1717757560689,14677,GetNewProducts,200,OK,Thread Group 5000 1-2540,text,true,,1864,150,4008,4008,http://localhost:5000/api/product/newProducts/?page=1,14677,0,501
1717757560687,14679,GetNewProducts,200,OK,Thread Group 5000 1-2523,text,true,,1864,150,4007,4007,http://localhost:5000/api/product/newProducts/?page=1,14679,0,503
1717757560684,14683,GetNewProducts,200,OK,Thread Group 5000 1-2498,text,true,,1864,150,4006,4006,http://localhost:5000/api/product/newProducts/?page=1,14683,0,506
1717757560685,14682,GetNewProducts,200,OK,Thread Group 5000 1-2513,text,true,,1864,150,4005,4005,http://localhost:5000/api/product/newProducts/?page=1,14682,0,505
1717757560685,14683,GetNewProducts,200,OK,Thread Group 5000 1-2509,text,true,,1864,150,4004,4004,http://localhost:5000/api/product/newProducts/?page=1,14683,0,505
1717757560686,14683,GetNewProducts,200,OK,Thread Group 5000 1-2514,text,true,,1864,150,4003,4003,http://localhost:5000/api/product/newProducts/?page=1,14683,0,504
1717757560687,14683,GetNewProducts,200,OK,Thread Group 5000 1-2520,text,true,,1864,150,4002,4002,http://localhost:5000/api/product/newProducts/?page=1,14683,0,503
1717757560687,14692,GetNewProducts,200,OK,Thread Group 5000 1-2525,text,true,,1864,150,4001,4001,http://localhost:5000/api/product/newProducts/?page=1,14692,0,503
1717757560689,14691,GetNewProducts,200,OK,Thread Group 5000 1-4858,text,true,,1864,150,4000,4000,http://localhost:5000/api/product/newProducts/?page=1,14691,0,501
1717757560690,14691,GetNewProducts,200,OK,Thread Group 5000 1-2547,text,true,,1864,150,3999,3999,http://localhost:5000/api/product/newProducts/?page=1,14691,0,500
1717757560689,14693,GetNewProducts,200,OK,Thread Group 5000 1-2536,text,true,,1864,150,3998,3998,http://localhost:5000/api/product/newProducts/?page=1,14693,0,501
1717757560688,14695,GetNewProducts,200,OK,Thread Group 5000 1-2530,text,true,,1864,150,3997,3997,http://localhost:5000/api/product/newProducts/?page=1,14695,0,502
1717757560690,14694,GetNewProducts,200,OK,Thread Group 5000 1-4866,text,true,,1864,150,3996,3996,http://localhost:5000/api/product/newProducts/?page=1,14694,0,500
1717757560687,14699,GetNewProducts,200,OK,Thread Group 5000 1-2522,text,true,,1864,150,3995,3995,http://localhost:5000/api/product/newProducts/?page=1,14699,0,503
1717757560688,14699,GetNewProducts,200,OK,Thread Group 5000 1-2531,text,true,,1864,150,3994,3994,http://localhost:5000/api/product/newProducts/?page=1,14699,0,502
1717757560690,14700,GetNewProducts,200,OK,Thread Group 5000 1-4870,text,true,,1864,150,3993,3993,http://localhost:5000/api/product/newProducts/?page=1,14700,0,500
1717757560685,14707,GetNewProducts,200,OK,Thread Group 5000 1-2511,text,true,,1864,150,3992,3992,http://localhost:5000/api/product/newProducts/?page=1,14707,0,505
1717757560689,14709,GetNewProducts,200,OK,Thread Group 5000 1-2528,text,true,,1864,150,3991,3991,http://localhost:5000/api/product/newProducts/?page=1,14709,0,502
1717757560688,14711,GetNewProducts,200,OK,Thread Group 5000 1-2526,text,true,,1864,150,3990,3990,http://localhost:5000/api/product/newProducts/?page=1,14711,0,503
1717757560685,14715,GetNewProducts,200,OK,Thread Group 5000 1-4831,text,true,,1864,150,3989,3989,http://localhost:5000/api/product/newProducts/?page=1,14715,0,506
1717757560687,14713,GetNewProducts,200,OK,Thread Group 5000 1-2519,text,true,,1864,150,3988,3988,http://localhost:5000/api/product/newProducts/?page=1,14713,0,504
1717757560682,14720,GetNewProducts,200,OK,Thread Group 5000 1-2488,text,true,,1864,150,3987,3987,http://localhost:5000/api/product/newProducts/?page=1,14720,0,509
1717757560690,14714,GetNewProducts,200,OK,Thread Group 5000 1-2548,text,true,,1864,150,3986,3986,http://localhost:5000/api/product/newProducts/?page=1,14713,0,501
1717757560682,14723,GetNewProducts,200,OK,Thread Group 5000 1-2491,text,true,,1864,150,3985,3985,http://localhost:5000/api/product/newProducts/?page=1,14723,0,509
1717757560684,14721,GetNewProducts,200,OK,Thread Group 5000 1-2505,text,true,,1864,150,3984,3984,http://localhost:5000/api/product/newProducts/?page=1,14721,0,507
1717757560685,14721,GetNewProducts,200,OK,Thread Group 5000 1-2507,text,true,,1864,150,3983,3983,http://localhost:5000/api/product/newProducts/?page=1,14721,0,506
1717757560688,14720,GetNewProducts,200,OK,Thread Group 5000 1-2529,text,true,,1864,150,3982,3982,http://localhost:5000/api/product/newProducts/?page=1,14720,0,503
1717757560686,14745,GetNewProducts,200,OK,Thread Group 5000 1-2515,text,true,,1864,150,3981,3981,http://localhost:5000/api/product/newProducts/?page=1,14745,0,505
1717757560684,14749,GetNewProducts,200,OK,Thread Group 5000 1-2497,text,true,,1864,150,3980,3980,http://localhost:5000/api/product/newProducts/?page=1,14749,0,507
1717757560681,14753,GetNewProducts,200,OK,Thread Group 5000 1-2481,text,true,,1864,150,3979,3979,http://localhost:5000/api/product/newProducts/?page=1,14753,0,510
1717757560691,14743,GetNewProducts,200,OK,Thread Group 5000 1-2556,text,true,,1864,150,3978,3978,http://localhost:5000/api/product/newProducts/?page=1,14743,0,515
1717757560687,14748,GetNewProducts,200,OK,Thread Group 5000 1-2521,text,true,,1864,150,3977,3977,http://localhost:5000/api/product/newProducts/?page=1,14748,0,504
1717757560691,14745,GetNewProducts,200,OK,Thread Group 5000 1-2557,text,true,,1864,150,3976,3976,http://localhost:5000/api/product/newProducts/?page=1,14745,0,515
1717757560693,14745,GetNewProducts,200,OK,Thread Group 5000 1-2543,text,true,,1864,150,3975,3975,http://localhost:5000/api/product/newProducts/?page=1,14745,0,513
1717757560689,14749,GetNewProducts,200,OK,Thread Group 5000 1-2541,text,true,,1864,150,3974,3974,http://localhost:5000/api/product/newProducts/?page=1,14749,0,502
1717757560692,14747,GetNewProducts,200,OK,Thread Group 5000 1-2564,text,true,,1864,150,3973,3973,http://localhost:5000/api/product/newProducts/?page=1,14747,0,514
1717757560692,14747,GetNewProducts,200,OK,Thread Group 5000 1-2538,text,true,,1864,150,3972,3972,http://localhost:5000/api/product/newProducts/?page=1,14747,0,514
1717757560692,14748,GetNewProducts,200,OK,Thread Group 5000 1-2560,text,true,,1864,150,3971,3971,http://localhost:5000/api/product/newProducts/?page=1,14748,0,514
1717757560694,14748,GetNewProducts,200,OK,Thread Group 5000 1-2546,text,true,,1864,150,3970,3970,http://localhost:5000/api/product/newProducts/?page=1,14748,0,512
1717757560740,14795,GetNewProducts,200,OK,Thread Group 5000 1-2844,text,true,,1864,150,3969,3969,http://localhost:5000/api/product/newProducts/?page=1,14795,0,513
1717757560742,14793,GetNewProducts,200,OK,Thread Group 5000 1-2861,text,true,,1864,150,3969,3969,http://localhost:5000/api/product/newProducts/?page=1,14793,0,511
1717757560742,14792,GetNewProducts,200,OK,Thread Group 5000 1-2862,text,true,,1864,150,3969,3969,http://localhost:5000/api/product/newProducts/?page=1,14792,0,511
1717757560744,14790,GetNewProducts,200,OK,Thread Group 5000 1-2876,text,true,,1864,150,3969,3969,http://localhost:5000/api/product/newProducts/?page=1,14790,0,509
1717757560742,14791,GetNewProducts,200,OK,Thread Group 5000 1-2860,text,true,,1864,150,3969,3969,http://localhost:5000/api/product/newProducts/?page=1,14791,0,511
1717757560743,14790,GetNewProducts,200,OK,Thread Group 5000 1-2869,text,true,,1864,150,3969,3969,http://localhost:5000/api/product/newProducts/?page=1,14790,0,510
1717757560741,14792,GetNewProducts,200,OK,Thread Group 5000 1-2856,text,true,,1864,150,3969,3969,http://localhost:5000/api/product/newProducts/?page=1,14792,0,512
1717757560740,14792,GetNewProducts,200,OK,Thread Group 5000 1-2846,text,true,,1864,150,3969,3969,http://localhost:5000/api/product/newProducts/?page=1,14792,0,513
1717757560740,14792,GetNewProducts,200,OK,Thread Group 5000 1-2848,text,true,,1864,150,3969,3969,http://localhost:5000/api/product/newProducts/?page=1,14792,0,513
1717757560746,14786,GetNewProducts,200,OK,Thread Group 5000 1-2892,text,true,,1864,150,3969,3969,http://localhost:5000/api/product/newProducts/?page=1,14786,0,507
1717757560742,14789,GetNewProducts,200,OK,Thread Group 5000 1-1345,text,true,,1864,150,3969,3969,http://localhost:5000/api/product/newProducts/?page=1,14789,0,511
1717757560737,14794,GetNewProducts,200,OK,Thread Group 5000 1-1331,text,true,,1864,150,3969,3969,http://localhost:5000/api/product/newProducts/?page=1,14794,0,516
1717757560741,14789,GetNewProducts,200,OK,Thread Group 5000 1-2847,text,true,,1864,150,3969,3969,http://localhost:5000/api/product/newProducts/?page=1,14789,0,512
1717757560741,14789,GetNewProducts,200,OK,Thread Group 5000 1-2853,text,true,,1864,150,3969,3969,http://localhost:5000/api/product/newProducts/?page=1,14789,0,512
1717757560742,14788,GetNewProducts,200,OK,Thread Group 5000 1-2858,text,true,,1864,150,3969,3969,http://localhost:5000/api/product/newProducts/?page=1,14788,0,511
1717757560743,14786,GetNewProducts,200,OK,Thread Group 5000 1-2867,text,true,,1864,150,3969,3969,http://localhost:5000/api/product/newProducts/?page=1,14786,0,510
1717757560739,14790,GetNewProducts,200,OK,Thread Group 5000 1-2836,text,true,,1864,150,3969,3969,http://localhost:5000/api/product/newProducts/?page=1,14790,0,513
1717757560738,14790,GetNewProducts,200,OK,Thread Group 5000 1-2830,text,true,,1864,150,3969,3969,http://localhost:5000/api/product/newProducts/?page=1,14790,0,515
1717757560739,14789,GetNewProducts,200,OK,Thread Group 5000 1-2837,text,true,,1864,150,3969,3969,http://localhost:5000/api/product/newProducts/?page=1,14789,0,513
1717757560740,14788,GetNewProducts,200,OK,Thread Group 5000 1-2845,text,true,,1864,150,3969,3969,http://localhost:5000/api/product/newProducts/?page=1,14788,0,512
1717757560744,14783,GetNewProducts,200,OK,Thread Group 5000 1-2884,text,true,,1864,150,3969,3969,http://localhost:5000/api/product/newProducts/?page=1,14783,0,509
1717757560738,14789,GetNewProducts,200,OK,Thread Group 5000 1-2829,text,true,,1864,150,3969,3969,http://localhost:5000/api/product/newProducts/?page=1,14789,0,514
1717757560739,14787,GetNewProducts,200,OK,Thread Group 5000 1-2840,text,true,,1864,150,3969,3969,http://localhost:5000/api/product/newProducts/?page=1,14787,0,513
1717757560737,14789,GetNewProducts,200,OK,Thread Group 5000 1-561,text,true,,1864,150,3969,3969,http://localhost:5000/api/product/newProducts/?page=1,14789,0,515
1717757560743,14783,GetNewProducts,200,OK,Thread Group 5000 1-2868,text,true,,1864,150,3969,3969,http://localhost:5000/api/product/newProducts/?page=1,14783,0,510
1717757560744,14781,GetNewProducts,200,OK,Thread Group 5000 1-2880,text,true,,1864,150,3969,3969,http://localhost:5000/api/product/newProducts/?page=1,14781,0,509
1717757560738,14787,GetNewProducts,200,OK,Thread Group 5000 1-2831,text,true,,1864,150,3969,3969,http://localhost:5000/api/product/newProducts/?page=1,14787,0,514
1717757560737,14787,GetNewProducts,200,OK,Thread Group 5000 1-2826,text,true,,1864,150,3969,3969,http://localhost:5000/api/product/newProducts/?page=1,14787,0,515
1717757560741,14783,GetNewProducts,200,OK,Thread Group 5000 1-1344,text,true,,1864,150,3969,3969,http://localhost:5000/api/product/newProducts/?page=1,14783,0,512
1717757560740,14783,GetNewProducts,200,OK,Thread Group 5000 1-2839,text,true,,1864,150,3969,3969,http://localhost:5000/api/product/newProducts/?page=1,14783,0,513
1717757560736,14787,GetNewProducts,200,OK,Thread Group 5000 1-2821,text,true,,1864,150,3969,3969,http://localhost:5000/api/product/newProducts/?page=1,14787,0,516
1717757560703,14819,GetNewProducts,200,OK,Thread Group 5000 1-2611,text,true,,1864,150,3969,3969,http://localhost:5000/api/product/newProducts/?page=1,14819,0,503
1717757560738,14783,GetNewProducts,200,OK,Thread Group 5000 1-2833,text,true,,1864,150,3969,3969,http://localhost:5000/api/product/newProducts/?page=1,14783,0,514
1717757560737,14785,GetNewProducts,200,OK,Thread Group 5000 1-2827,text,true,,1864,150,3969,3969,http://localhost:5000/api/product/newProducts/?page=1,14785,0,515
1717757560738,14785,GetNewProducts,200,OK,Thread Group 5000 1-2834,text,true,,1864,150,3969,3969,http://localhost:5000/api/product/newProducts/?page=1,14785,0,514
1717757560696,14825,GetNewProducts,200,OK,Thread Group 5000 1-2562,text,true,,1864,150,3969,3969,http://localhost:5000/api/product/newProducts/?page=1,14825,0,510
1717757560697,14824,GetNewProducts,200,OK,Thread Group 5000 1-2588,text,true,,1864,150,3969,3969,http://localhost:5000/api/product/newProducts/?page=1,14824,0,509
1717757560736,14784,GetNewProducts,200,OK,Thread Group 5000 1-2822,text,true,,1864,150,3969,3969,http://localhost:5000/api/product/newProducts/?page=1,14784,0,516
1717757560737,14783,GetNewProducts,200,OK,Thread Group 5000 1-2825,text,true,,1864,150,3969,3969,http://localhost:5000/api/product/newProducts/?page=1,14783,0,515
1717757560737,14782,GetNewProducts,200,OK,Thread Group 5000 1-2824,text,true,,1864,150,3969,3969,http://localhost:5000/api/product/newProducts/?page=1,14782,0,515
1717757560704,14815,GetNewProducts,200,OK,Thread Group 5000 1-2620,text,true,,1864,150,3969,3969,http://localhost:5000/api/product/newProducts/?page=1,14815,0,502
1717757560701,14818,GetNewProducts,200,OK,Thread Group 5000 1-2603,text,true,,1864,150,3969,3969,http://localhost:5000/api/product/newProducts/?page=1,14818,0,505
1717757560698,14820,GetNewProducts,200,OK,Thread Group 5000 1-2596,text,true,,1864,150,3969,3969,http://localhost:5000/api/product/newProducts/?page=1,14820,0,508
1717757560704,14814,GetNewProducts,200,OK,Thread Group 5000 1-2622,text,true,,1864,150,3969,3969,http://localhost:5000/api/product/newProducts/?page=1,14814,0,502
1717757560700,14818,GetNewProducts,200,OK,Thread Group 5000 1-2569,text,true,,1864,150,3969,3969,http://localhost:5000/api/product/newProducts/?page=1,14818,0,506
1717757560701,14816,GetNewProducts,200,OK,Thread Group 5000 1-2585,text,true,,1864,150,3969,3969,http://localhost:5000/api/product/newProducts/?page=1,14816,0,505
1717757560699,14818,GetNewProducts,200,OK,Thread Group 5000 1-2599,text,true,,1864,150,3969,3969,http://localhost:5000/api/product/newProducts/?page=1,14818,0,507
1717757560692,14824,GetNewProducts,200,OK,Thread Group 5000 1-2575,text,true,,1864,150,3969,3969,http://localhost:5000/api/product/newProducts/?page=1,14824,0,514
1717757560694,14822,GetNewProducts,200,OK,Thread Group 5000 1-2579,text,true,,1864,150,3969,3969,http://localhost:5000/api/product/newProducts/?page=1,14822,0,512
1717757560698,14818,GetNewProducts,200,OK,Thread Group 5000 1-2594,text,true,,1864,150,3969,3969,http://localhost:5000/api/product/newProducts/?page=1,14818,0,508
1717757560703,14812,GetNewProducts,200,OK,Thread Group 5000 1-2614,text,true,,1864,150,3969,3969,http://localhost:5000/api/product/newProducts/?page=1,14812,0,503
1717757560695,14820,GetNewProducts,200,OK,Thread Group 5000 1-2555,text,true,,1864,150,3969,3969,http://localhost:5000/api/product/newProducts/?page=1,14820,0,511
1717757560703,14811,GetNewProducts,200,OK,Thread Group 5000 1-4951,text,true,,1864,150,3969,3969,http://localhost:5000/api/product/newProducts/?page=1,14811,0,503
1717757560695,14819,GetNewProducts,200,OK,Thread Group 5000 1-2559,text,true,,1864,150,3969,3969,http://localhost:5000/api/product/newProducts/?page=1,14819,0,511
1717757560697,14817,GetNewProducts,200,OK,Thread Group 5000 1-4916,text,true,,1864,150,3969,3969,http://localhost:5000/api/product/newProducts/?page=1,14817,0,509
1717757560705,14808,GetNewProducts,200,OK,Thread Group 5000 1-2627,text,true,,1864,150,3969,3969,http://localhost:5000/api/product/newProducts/?page=1,14808,0,501
1717757560702,14811,GetNewProducts,200,OK,Thread Group 5000 1-2608,text,true,,1864,150,3969,3969,http://localhost:5000/api/product/newProducts/?page=1,14811,0,504
1717757560701,14811,GetNewProducts,200,OK,Thread Group 5000 1-1208,text,true,,1864,150,3969,3969,http://localhost:5000/api/product/newProducts/?page=1,14811,0,505
1717757560694,14818,GetNewProducts,200,OK,Thread Group 5000 1-2578,text,true,,1864,150,3969,3969,http://localhost:5000/api/product/newProducts/?page=1,14818,0,512
1717757560699,14813,GetNewProducts,200,OK,Thread Group 5000 1-2561,text,true,,1864,150,3969,3969,http://localhost:5000/api/product/newProducts/?page=1,14813,0,507
1717757560705,14806,GetNewProducts,200,OK,Thread Group 5000 1-1222,text,true,,1864,150,3969,3969,http://localhost:5000/api/product/newProducts/?page=1,14806,0,501
1717757560693,14818,GetNewProducts,200,OK,Thread Group 5000 1-2577,text,true,,1864,150,3969,3969,http://localhost:5000/api/product/newProducts/?page=1,14818,0,513
1717757560698,14813,GetNewProducts,200,OK,Thread Group 5000 1-2591,text,true,,1864,150,3969,3969,http://localhost:5000/api/product/newProducts/?page=1,14813,0,508
1717757560700,14810,GetNewProducts,200,OK,Thread Group 5000 1-2601,text,true,,1864,150,3969,3969,http://localhost:5000/api/product/newProducts/?page=1,14810,0,506
1717757560702,14808,GetNewProducts,200,OK,Thread Group 5000 1-2609,text,true,,1864,150,3969,3969,http://localhost:5000/api/product/newProducts/?page=1,14808,0,504
1717757560697,14812,GetNewProducts,200,OK,Thread Group 5000 1-2571,text,true,,1864,150,3969,3969,http://localhost:5000/api/product/newProducts/?page=1,14812,0,509
1717757560695,14811,GetNewProducts,200,OK,Thread Group 5000 1-2583,text,true,,1864,150,3969,3969,http://localhost:5000/api/product/newProducts/?page=1,14811,0,511
1717757560692,14814,GetNewProducts,200,OK,Thread Group 5000 1-4878,text,true,,1864,150,3969,3969,http://localhost:5000/api/product/newProducts/?page=1,14814,0,514
1717757560700,14805,GetNewProducts,200,OK,Thread Group 5000 1-2600,text,true,,1864,150,3969,3969,http://localhost:5000/api/product/newProducts/?page=1,14805,0,506
1717757560693,14812,GetNewProducts,200,OK,Thread Group 5000 1-2539,text,true,,1864,150,3969,3969,http://localhost:5000/api/product/newProducts/?page=1,14812,0,513
1717757560703,14801,GetNewProducts,200,OK,Thread Group 5000 1-2617,text,true,,1864,150,3969,3969,http://localhost:5000/api/product/newProducts/?page=1,14801,0,503
1717757560692,14812,GetNewProducts,200,OK,Thread Group 5000 1-2576,text,true,,1864,150,3969,3969,http://localhost:5000/api/product/newProducts/?page=1,14812,0,514
1717757560701,14803,GetNewProducts,200,OK,Thread Group 5000 1-1202,text,true,,1864,150,3969,3969,http://localhost:5000/api/product/newProducts/?page=1,14803,0,505
1717757560698,14805,GetNewProducts,200,OK,Thread Group 5000 1-2592,text,true,,1864,150,3969,3969,http://localhost:5000/api/product/newProducts/?page=1,14805,0,508
1717757560704,14799,GetNewProducts,200,OK,Thread Group 5000 1-2624,text,true,,1864,150,3969,3969,http://localhost:5000/api/product/newProducts/?page=1,14799,0,502
1717757560699,14803,GetNewProducts,200,OK,Thread Group 5000 1-2598,text,true,,1864,150,3969,3969,http://localhost:5000/api/product/newProducts/?page=1,14803,0,507
1717757560691,14811,GetNewProducts,200,OK,Thread Group 5000 1-2558,text,true,,1864,150,3969,3969,http://localhost:5000/api/product/newProducts/?page=1,14811,0,515
1717757560703,14799,GetNewProducts,200,OK,Thread Group 5000 1-2616,text,true,,1864,150,3969,3969,http://localhost:5000/api/product/newProducts/?page=1,14799,0,503
1717757560703,14798,GetNewProducts,200,OK,Thread Group 5000 1-2618,text,true,,1864,150,3969,3969,http://localhost:5000/api/product/newProducts/?page=1,14798,0,503
1717757560697,14804,GetNewProducts,200,OK,Thread Group 5000 1-2566,text,true,,1864,150,3969,3969,http://localhost:5000/api/product/newProducts/?page=1,14804,0,509
1717757560690,14811,GetNewProducts,200,OK,Thread Group 5000 1-2551,text,true,,1864,150,3969,3969,http://localhost:5000/api/product/newProducts/?page=1,14811,0,516
1717757560700,14800,GetNewProducts,200,OK,Thread Group 5000 1-2573,text,true,,1864,150,3969,3969,http://localhost:5000/api/product/newProducts/?page=1,14800,0,506
1717757560702,14798,GetNewProducts,200,OK,Thread Group 5000 1-2607,text,true,,1864,150,3969,3969,http://localhost:5000/api/product/newProducts/?page=1,14798,0,504
1717757560703,14797,GetNewProducts,200,OK,Thread Group 5000 1-2619,text,true,,1864,150,3969,3969,http://localhost:5000/api/product/newProducts/?page=1,14797,0,503
1717757560698,14801,GetNewProducts,200,OK,Thread Group 5000 1-2590,text,true,,1864,150,3969,3969,http://localhost:5000/api/product/newProducts/?page=1,14801,0,508
1717757560702,14797,GetNewProducts,200,OK,Thread Group 5000 1-2606,text,true,,1864,150,3969,3969,http://localhost:5000/api/product/newProducts/?page=1,14797,0,504
1717757560703,14795,GetNewProducts,200,OK,Thread Group 5000 1-2610,text,true,,1864,150,3969,3969,http://localhost:5000/api/product/newProducts/?page=1,14795,0,503
1717757560696,14802,GetNewProducts,200,OK,Thread Group 5000 1-2570,text,true,,1864,150,3969,3969,http://localhost:5000/api/product/newProducts/?page=1,14802,0,510
1717757560699,14798,GetNewProducts,200,OK,Thread Group 5000 1-2545,text,true,,1864,150,3969,3969,http://localhost:5000/api/product/newProducts/?page=1,14798,0,507
1717757560704,14793,GetNewProducts,200,OK,Thread Group 5000 1-1211,text,true,,1864,150,3969,3969,http://localhost:5000/api/product/newProducts/?page=1,14793,0,502
1717757560699,14798,GetNewProducts,200,OK,Thread Group 5000 1-2597,text,true,,1864,150,3969,3969,http://localhost:5000/api/product/newProducts/?page=1,14798,0,507
1717757560739,14797,GetNewProducts,200,OK,Thread Group 5000 1-2838,text,true,,1864,150,3938,3938,http://localhost:5000/api/product/newProducts/?page=1,14797,0,514
1717757560701,14795,GetNewProducts,200,OK,Thread Group 5000 1-2593,text,true,,1864,150,3969,3969,http://localhost:5000/api/product/newProducts/?page=1,14795,0,505
1717757560697,14799,GetNewProducts,200,OK,Thread Group 5000 1-4915,text,true,,1864,150,3969,3969,http://localhost:5000/api/product/newProducts/?page=1,14799,0,509
1717757560693,14802,GetNewProducts,200,OK,Thread Group 5000 1-2542,text,true,,1864,150,3969,3969,http://localhost:5000/api/product/newProducts/?page=1,14802,0,513
1717757560696,14798,GetNewProducts,200,OK,Thread Group 5000 1-2563,text,true,,1864,150,3969,3969,http://localhost:5000/api/product/newProducts/?page=1,14798,0,510
1717757560700,14793,GetNewProducts,200,OK,Thread Group 5000 1-2568,text,true,,1864,150,3969,3969,http://localhost:5000/api/product/newProducts/?page=1,14793,0,506
1717757560699,14792,GetNewProducts,200,OK,Thread Group 5000 1-2552,text,true,,1864,150,3969,3969,http://localhost:5000/api/product/newProducts/?page=1,14792,0,507
1717757560704,14786,GetNewProducts,200,OK,Thread Group 5000 1-2626,text,true,,1864,150,3969,3969,http://localhost:5000/api/product/newProducts/?page=1,14786,0,502
1717757560694,14795,GetNewProducts,200,OK,Thread Group 5000 1-2580,text,true,,1864,150,3969,3969,http://localhost:5000/api/product/newProducts/?page=1,14795,0,512
1717757560702,14787,GetNewProducts,200,OK,Thread Group 5000 1-2612,text,true,,1864,150,3969,3969,http://localhost:5000/api/product/newProducts/?page=1,14787,0,504
1717757560694,14794,GetNewProducts,200,OK,Thread Group 5000 1-2581,text,true,,1864,150,3969,3969,http://localhost:5000/api/product/newProducts/?page=1,14794,0,512
1717757560692,14796,GetNewProducts,200,OK,Thread Group 5000 1-2535,text,true,,1864,150,3969,3969,http://localhost:5000/api/product/newProducts/?page=1,14796,0,514
1717757560701,14786,GetNewProducts,200,OK,Thread Group 5000 1-2584,text,true,,1864,150,3969,3969,http://localhost:5000/api/product/newProducts/?page=1,14786,0,505
1717757560692,14794,GetNewProducts,200,OK,Thread Group 5000 1-2534,text,true,,1864,150,3969,3969,http://localhost:5000/api/product/newProducts/?page=1,14794,0,514
1717757560701,14785,GetNewProducts,200,OK,Thread Group 5000 1-2602,text,true,,1864,150,3969,3969,http://localhost:5000/api/product/newProducts/?page=1,14785,0,505
1717757560704,14781,GetNewProducts,200,OK,Thread Group 5000 1-4960,text,true,,1864,150,3969,3969,http://localhost:5000/api/product/newProducts/?page=1,14781,0,502
1717757560698,14786,GetNewProducts,200,OK,Thread Group 5000 1-2595,text,true,,1864,150,3969,3969,http://localhost:5000/api/product/newProducts/?page=1,14786,0,508
1717757560690,14782,GetNewProducts,200,OK,Thread Group 5000 1-2553,text,true,,1864,150,3969,3969,http://localhost:5000/api/product/newProducts/?page=1,14782,0,516
1717757560697,14775,GetNewProducts,200,OK,Thread Group 5000 1-2574,text,true,,1864,150,3969,3969,http://localhost:5000/api/product/newProducts/?page=1,14775,0,509
1717757560703,14768,GetNewProducts,200,OK,Thread Group 5000 1-2615,text,true,,1864,150,3969,3969,http://localhost:5000/api/product/newProducts/?page=1,14768,0,503
1717757560700,14771,GetNewProducts,200,OK,Thread Group 5000 1-2572,text,true,,1864,150,3969,3969,http://localhost:5000/api/product/newProducts/?page=1,14771,0,506
1717757560696,14773,GetNewProducts,200,OK,Thread Group 5000 1-2567,text,true,,1864,150,3969,3969,http://localhost:5000/api/product/newProducts/?page=1,14773,0,510
1717757560698,14772,GetNewProducts,200,OK,Thread Group 5000 1-2589,text,true,,1864,150,3969,3969,http://localhost:5000/api/product/newProducts/?page=1,14772,0,508
1717757560695,14773,GetNewProducts,200,OK,Thread Group 5000 1-2582,text,true,,1864,150,3969,3969,http://localhost:5000/api/product/newProducts/?page=1,14773,0,511
1717757560695,14772,GetNewProducts,200,OK,Thread Group 5000 1-4896,text,true,,1864,150,3969,3969,http://localhost:5000/api/product/newProducts/?page=1,14772,0,511
1717757560746,14792,GetNewProducts,200,OK,Thread Group 5000 1-2900,text,true,,1864,150,3879,3879,http://localhost:5000/api/product/newProducts/?page=1,14792,0,507
1717757560740,14800,GetNewProducts,200,OK,Thread Group 5000 1-2843,text,true,,1864,150,3852,3852,http://localhost:5000/api/product/newProducts/?page=1,14800,0,513
1717757560745,14795,GetNewProducts,200,OK,Thread Group 5000 1-2888,text,true,,1864,150,3851,3851,http://localhost:5000/api/product/newProducts/?page=1,14795,0,508
1717757560741,14800,GetNewProducts,200,OK,Thread Group 5000 1-2854,text,true,,1864,150,3850,3850,http://localhost:5000/api/product/newProducts/?page=1,14800,0,512
1717757560746,14795,GetNewProducts,200,OK,Thread Group 5000 1-2894,text,true,,1864,150,3849,3849,http://localhost:5000/api/product/newProducts/?page=1,14795,0,507
1717757560747,14794,GetNewProducts,200,OK,Thread Group 5000 1-2906,text,true,,1864,150,3848,3848,http://localhost:5000/api/product/newProducts/?page=1,14794,0,506
1717757560744,14798,GetNewProducts,200,OK,Thread Group 5000 1-2878,text,true,,1864,150,3847,3847,http://localhost:5000/api/product/newProducts/?page=1,14798,0,509
1717757560744,14799,GetNewProducts,200,OK,Thread Group 5000 1-2885,text,true,,1864,150,3846,3846,http://localhost:5000/api/product/newProducts/?page=1,14799,0,509
1717757560746,14798,GetNewProducts,200,OK,Thread Group 5000 1-2890,text,true,,1864,150,3845,3845,http://localhost:5000/api/product/newProducts/?page=1,14798,0,507
1717757560744,14800,GetNewProducts,200,OK,Thread Group 5000 1-2877,text,true,,1864,150,3844,3844,http://localhost:5000/api/product/newProducts/?page=1,14800,0,509
1717757560742,14803,GetNewProducts,200,OK,Thread Group 5000 1-2864,text,true,,1864,150,3843,3843,http://localhost:5000/api/product/newProducts/?page=1,14803,0,511
1717757560743,14803,GetNewProducts,200,OK,Thread Group 5000 1-2874,text,true,,1864,150,3842,3842,http://localhost:5000/api/product/newProducts/?page=1,14803,0,510
1717757560746,14801,GetNewProducts,200,OK,Thread Group 5000 1-2897,text,true,,1864,150,3841,3841,http://localhost:5000/api/product/newProducts/?page=1,14801,0,507
1717757560747,14800,GetNewProducts,200,OK,Thread Group 5000 1-2910,text,true,,1864,150,3840,3840,http://localhost:5000/api/product/newProducts/?page=1,14800,0,506
1717757560747,14804,GetNewProducts,200,OK,Thread Group 5000 1-2908,text,true,,1864,150,3839,3839,http://localhost:5000/api/product/newProducts/?page=1,14804,0,506
1717757560747,14804,GetNewProducts,200,OK,Thread Group 5000 1-2907,text,true,,1864,150,3838,3838,http://localhost:5000/api/product/newProducts/?page=1,14804,0,506
1717757560744,14808,GetNewProducts,200,OK,Thread Group 5000 1-2883,text,true,,1864,150,3837,3837,http://localhost:5000/api/product/newProducts/?page=1,14808,0,509
1717757560750,14802,GetNewProducts,200,OK,Thread Group 5000 1-2915,text,true,,1864,150,3836,3836,http://localhost:5000/api/product/newProducts/?page=1,14802,0,503
1717757560744,14809,GetNewProducts,200,OK,Thread Group 5000 1-2881,text,true,,1864,150,3835,3835,http://localhost:5000/api/product/newProducts/?page=1,14809,0,509
1717757560752,14801,GetNewProducts,200,OK,Thread Group 5000 1-2930,text,true,,1864,150,3834,3834,http://localhost:5000/api/product/newProducts/?page=1,14801,0,501
1717757560751,14802,GetNewProducts,200,OK,Thread Group 5000 1-2922,text,true,,1864,150,3833,3833,http://localhost:5000/api/product/newProducts/?page=1,14802,0,502
1717757560748,14806,GetNewProducts,200,OK,Thread Group 5000 1-1367,text,true,,1864,150,3832,3832,http://localhost:5000/api/product/newProducts/?page=1,14806,0,505
1717757560746,14808,GetNewProducts,200,OK,Thread Group 5000 1-2893,text,true,,1864,150,3831,3831,http://localhost:5000/api/product/newProducts/?page=1,14808,0,507
1717757560743,14812,GetNewProducts,200,OK,Thread Group 5000 1-2872,text,true,,1864,150,3830,3830,http://localhost:5000/api/product/newProducts/?page=1,14812,0,510
1717757560741,14815,GetNewProducts,200,OK,Thread Group 5000 1-2855,text,true,,1864,150,3829,3829,http://localhost:5000/api/product/newProducts/?page=1,14815,0,512
1717757560744,14812,GetNewProducts,200,OK,Thread Group 5000 1-1353,text,true,,1864,150,3828,3828,http://localhost:5000/api/product/newProducts/?page=1,14812,0,509
1717757560751,14806,GetNewProducts,200,OK,Thread Group 5000 1-2927,text,true,,1864,150,3827,3827,http://localhost:5000/api/product/newProducts/?page=1,14806,0,502
1717757560743,14814,GetNewProducts,200,OK,Thread Group 5000 1-2875,text,true,,1864,150,3826,3826,http://localhost:5000/api/product/newProducts/?page=1,14814,0,510
1717757560745,14813,GetNewProducts,200,OK,Thread Group 5000 1-2891,text,true,,1864,150,3825,3825,http://localhost:5000/api/product/newProducts/?page=1,14813,0,508
1717757560747,14811,GetNewProducts,200,OK,Thread Group 5000 1-2901,text,true,,1864,150,3824,3824,http://localhost:5000/api/product/newProducts/?page=1,14811,0,506
1717757560746,14813,GetNewProducts,200,OK,Thread Group 5000 1-2899,text,true,,1864,150,3823,3823,http://localhost:5000/api/product/newProducts/?page=1,14813,0,507
1717757560745,14814,GetNewProducts,200,OK,Thread Group 5000 1-2887,text,true,,1864,150,3822,3822,http://localhost:5000/api/product/newProducts/?page=1,14814,0,508
1717757560751,14809,GetNewProducts,200,OK,Thread Group 5000 1-2925,text,true,,1864,150,3821,3821,http://localhost:5000/api/product/newProducts/?page=1,14809,0,502
1717757560743,14817,GetNewProducts,200,OK,Thread Group 5000 1-2866,text,true,,1864,150,3820,3820,http://localhost:5000/api/product/newProducts/?page=1,14817,0,510
1717757560749,14812,GetNewProducts,200,OK,Thread Group 5000 1-2917,text,true,,1864,150,3819,3819,http://localhost:5000/api/product/newProducts/?page=1,14812,0,504
1717757560752,14809,GetNewProducts,200,OK,Thread Group 5000 1-2929,text,true,,1864,150,3818,3818,http://localhost:5000/api/product/newProducts/?page=1,14809,0,501
1717757560751,14811,GetNewProducts,200,OK,Thread Group 5000 1-2926,text,true,,1864,150,3817,3817,http://localhost:5000/api/product/newProducts/?page=1,14811,0,502
1717757560750,14813,GetNewProducts,200,OK,Thread Group 5000 1-585,text,true,,1864,150,3816,3816,http://localhost:5000/api/product/newProducts/?page=1,14813,0,503
1717757560749,14814,GetNewProducts,200,OK,Thread Group 5000 1-2913,text,true,,1864,150,3815,3815,http://localhost:5000/api/product/newProducts/?page=1,14814,0,504
1717757560748,14815,GetNewProducts,200,OK,Thread Group 5000 1-2912,text,true,,1864,150,3814,3814,http://localhost:5000/api/product/newProducts/?page=1,14815,0,505
1717757560747,14817,GetNewProducts,200,OK,Thread Group 5000 1-2905,text,true,,1864,150,3813,3813,http://localhost:5000/api/product/newProducts/?page=1,14817,0,506
1717757560747,14817,GetNewProducts,200,OK,Thread Group 5000 1-2903,text,true,,1864,150,3812,3812,http://localhost:5000/api/product/newProducts/?page=1,14817,0,506
1717757560752,14813,GetNewProducts,200,OK,Thread Group 5000 1-2933,text,true,,1864,150,3811,3811,http://localhost:5000/api/product/newProducts/?page=1,14813,0,501
1717757560752,14814,GetNewProducts,200,OK,Thread Group 5000 1-2931,text,true,,1864,150,3810,3810,http://localhost:5000/api/product/newProducts/?page=1,14814,0,501
1717757560749,14817,GetNewProducts,200,OK,Thread Group 5000 1-2919,text,true,,1864,150,3809,3809,http://localhost:5000/api/product/newProducts/?page=1,14817,0,504
1717757560748,14819,GetNewProducts,200,OK,Thread Group 5000 1-2918,text,true,,1864,150,3808,3808,http://localhost:5000/api/product/newProducts/?page=1,14819,0,505
1717757560746,14821,GetNewProducts,200,OK,Thread Group 5000 1-2898,text,true,,1864,150,3807,3807,http://localhost:5000/api/product/newProducts/?page=1,14821,0,507
1717757560738,14830,GetNewProducts,200,OK,Thread Group 5000 1-2835,text,true,,1864,150,3806,3806,http://localhost:5000/api/product/newProducts/?page=1,14830,0,515
1717757560750,14818,GetNewProducts,200,OK,Thread Group 5000 1-2923,text,true,,1864,150,3805,3805,http://localhost:5000/api/product/newProducts/?page=1,14818,0,503
1717757560746,14825,GetNewProducts,200,OK,Thread Group 5000 1-2896,text,true,,1864,150,3804,3804,http://localhost:5000/api/product/newProducts/?page=1,14825,0,507
1717757560752,14820,GetNewProducts,200,OK,Thread Group 5000 1-2932,text,true,,1864,150,3803,3803,http://localhost:5000/api/product/newProducts/?page=1,14820,0,501
1717757560740,14834,GetNewProducts,200,OK,Thread Group 5000 1-2842,text,true,,1864,150,3802,3802,http://localhost:5000/api/product/newProducts/?page=1,14834,0,513
1717757560752,14822,GetNewProducts,200,OK,Thread Group 5000 1-2934,text,true,,1864,150,3801,3801,http://localhost:5000/api/product/newProducts/?page=1,14822,0,501
1717757560752,14823,GetNewProducts,200,OK,Thread Group 5000 1-2928,text,true,,1864,150,3800,3800,http://localhost:5000/api/product/newProducts/?page=1,14823,0,501
1717757560740,14835,GetNewProducts,200,OK,Thread Group 5000 1-1339,text,true,,1864,150,3799,3799,http://localhost:5000/api/product/newProducts/?page=1,14835,0,513
1717757560747,14829,GetNewProducts,200,OK,Thread Group 5000 1-2902,text,true,,1864,150,3798,3798,http://localhost:5000/api/product/newProducts/?page=1,14829,0,506
1717757560744,14833,GetNewProducts,200,OK,Thread Group 5000 1-1351,text,true,,1864,150,3797,3797,http://localhost:5000/api/product/newProducts/?page=1,14833,0,509
1717757560740,14839,GetNewProducts,200,OK,Thread Group 5000 1-2850,text,true,,1864,150,3796,3796,http://localhost:5000/api/product/newProducts/?page=1,14839,0,513
1717757560742,14837,GetNewProducts,200,OK,Thread Group 5000 1-2857,text,true,,1864,150,3795,3795,http://localhost:5000/api/product/newProducts/?page=1,14837,0,511
1717757560738,14842,GetNewProducts,200,OK,Thread Group 5000 1-2832,text,true,,1864,150,3794,3794,http://localhost:5000/api/product/newProducts/?page=1,14842,0,515
1717757560749,14831,GetNewProducts,200,OK,Thread Group 5000 1-2916,text,true,,1864,150,3793,3793,http://localhost:5000/api/product/newProducts/?page=1,14831,0,504
1717757560745,14835,GetNewProducts,200,OK,Thread Group 5000 1-2886,text,true,,1864,150,3792,3792,http://localhost:5000/api/product/newProducts/?page=1,14835,0,508
1717757560743,14838,GetNewProducts,200,OK,Thread Group 5000 1-2871,text,true,,1864,150,3791,3791,http://localhost:5000/api/product/newProducts/?page=1,14838,0,510
1717757560739,14843,GetNewProducts,200,OK,Thread Group 5000 1-2841,text,true,,1864,150,3790,3790,http://localhost:5000/api/product/newProducts/?page=1,14843,0,514
1717757560748,14844,GetNewProducts,200,OK,Thread Group 5000 1-2909,text,true,,1864,150,3789,3789,http://localhost:5000/api/product/newProducts/?page=1,14844,0,505
1717757560742,14851,GetNewProducts,200,OK,Thread Group 5000 1-2863,text,true,,1864,150,3788,3788,http://localhost:5000/api/product/newProducts/?page=1,14851,0,511
1717757560746,14848,GetNewProducts,200,OK,Thread Group 5000 1-2895,text,true,,1864,150,3787,3787,http://localhost:5000/api/product/newProducts/?page=1,14848,0,507
1717757560743,14852,GetNewProducts,200,OK,Thread Group 5000 1-2870,text,true,,1864,150,3786,3786,http://localhost:5000/api/product/newProducts/?page=1,14852,0,510
1717757560746,14849,GetNewProducts,200,OK,Thread Group 5000 1-2889,text,true,,1864,150,3785,3785,http://localhost:5000/api/product/newProducts/?page=1,14849,0,507
1717757560752,14845,GetNewProducts,200,OK,Thread Group 5000 1-2936,text,true,,1864,150,3784,3784,http://localhost:5000/api/product/newProducts/?page=1,14845,0,502
1717757560748,14849,GetNewProducts,200,OK,Thread Group 5000 1-2914,text,true,,1864,150,3783,3783,http://localhost:5000/api/product/newProducts/?page=1,14849,0,505
1717757560741,14857,GetNewProducts,200,OK,Thread Group 5000 1-2852,text,true,,1864,150,3782,3782,http://localhost:5000/api/product/newProducts/?page=1,14857,0,512
1717757560751,14849,GetNewProducts,200,OK,Thread Group 5000 1-2924,text,true,,1864,150,3781,3781,http://localhost:5000/api/product/newProducts/?page=1,14849,0,503
1717757560752,14850,GetNewProducts,200,OK,Thread Group 5000 1-2935,text,true,,1864,150,3780,3780,http://localhost:5000/api/product/newProducts/?page=1,14850,0,501
1717757560742,14869,GetNewProducts,200,OK,Thread Group 5000 1-2865,text,true,,1864,150,3779,3779,http://localhost:5000/api/product/newProducts/?page=1,14869,0,511
1717757560744,14870,GetNewProducts,200,OK,Thread Group 5000 1-2882,text,true,,1864,150,3778,3778,http://localhost:5000/api/product/newProducts/?page=1,14870,0,510
1717757560747,14883,GetNewProducts,200,OK,Thread Group 5000 1-2904,text,true,,1864,150,3777,3777,http://localhost:5000/api/product/newProducts/?page=1,14883,0,507
1717757560750,14880,GetNewProducts,200,OK,Thread Group 5000 1-2921,text,true,,1864,150,3776,3776,http://localhost:5000/api/product/newProducts/?page=1,14880,0,504
1717757560413,15334,GetNewProducts,200,OK,Thread Group 5000 1-480,text,true,,1864,150,3775,3775,http://localhost:5000/api/product/newProducts/?page=1,15334,0,1025
1717757560420,15328,GetNewProducts,200,OK,Thread Group 5000 1-1251,text,true,,1864,150,3774,3774,http://localhost:5000/api/product/newProducts/?page=1,15328,0,1018
1717757560414,15336,GetNewProducts,200,OK,Thread Group 5000 1-485,text,true,,1864,150,3773,3773,http://localhost:5000/api/product/newProducts/?page=1,15336,0,1024
1717757560417,15335,GetNewProducts,200,OK,Thread Group 5000 1-501,text,true,,1864,150,3772,3772,http://localhost:5000/api/product/newProducts/?page=1,15335,0,1021
1717757560422,15340,GetNewProducts,200,OK,Thread Group 5000 1-539,text,true,,1864,150,3771,3771,http://localhost:5000/api/product/newProducts/?page=1,15340,0,1016
1717757560419,15344,GetNewProducts,200,OK,Thread Group 5000 1-503,text,true,,1864,150,3770,3770,http://localhost:5000/api/product/newProducts/?page=1,15344,0,1019
1717757560424,15340,GetNewProducts,200,OK,Thread Group 5000 1-562,text,true,,1864,150,3769,3769,http://localhost:5000/api/product/newProducts/?page=1,15340,0,1014
1717757560428,15337,GetNewProducts,200,OK,Thread Group 5000 1-1383,text,true,,1864,150,3768,3768,http://localhost:5000/api/product/newProducts/?page=1,15337,0,1010
1717757560427,15338,GetNewProducts,200,OK,Thread Group 5000 1-578,text,true,,1864,150,3767,3767,http://localhost:5000/api/product/newProducts/?page=1,15338,0,1011
1717757560416,15350,GetNewProducts,200,OK,Thread Group 5000 1-497,text,true,,1864,150,3766,3766,http://localhost:5000/api/product/newProducts/?page=1,15350,0,1022
1717757560426,15341,GetNewProducts,200,OK,Thread Group 5000 1-573,text,true,,1864,150,3765,3765,http://localhost:5000/api/product/newProducts/?page=1,15341,0,1012
1717757560421,15347,GetNewProducts,200,OK,Thread Group 5000 1-1257,text,true,,1864,150,3764,3764,http://localhost:5000/api/product/newProducts/?page=1,15347,0,1017
1717757560423,15346,GetNewProducts,200,OK,Thread Group 5000 1-1304,text,true,,1864,150,3763,3763,http://localhost:5000/api/product/newProducts/?page=1,15346,0,1015
1717757560421,15349,GetNewProducts,200,OK,Thread Group 5000 1-522,text,true,,1864,150,3762,3762,http://localhost:5000/api/product/newProducts/?page=1,15349,0,1017
1717757560425,15357,GetNewProducts,200,OK,Thread Group 5000 1-559,text,true,,1864,150,3761,3761,http://localhost:5000/api/product/newProducts/?page=1,15357,0,1013
1717757560427,15356,GetNewProducts,200,OK,Thread Group 5000 1-589,text,true,,1864,150,3760,3760,http://localhost:5000/api/product/newProducts/?page=1,15356,0,1011
1717757560429,15355,GetNewProducts,200,OK,Thread Group 5000 1-606,text,true,,1864,150,3759,3759,http://localhost:5000/api/product/newProducts/?page=1,15355,0,1017
1717757560431,15383,GetNewProducts,200,OK,Thread Group 5000 1-1420,text,true,,1864,150,3758,3758,http://localhost:5000/api/product/newProducts/?page=1,15383,0,1015
1717757560433,15382,GetNewProducts,200,OK,Thread Group 5000 1-1453,text,true,,1864,150,3757,3757,http://localhost:5000/api/product/newProducts/?page=1,15382,0,1013
1717757560436,15380,GetNewProducts,200,OK,Thread Group 5000 1-683,text,true,,1864,150,3756,3756,http://localhost:5000/api/product/newProducts/?page=1,15380,0,1010
1717757560435,15381,GetNewProducts,200,OK,Thread Group 5000 1-650,text,true,,1864,150,3755,3755,http://localhost:5000/api/product/newProducts/?page=1,15381,0,1011
1717757560432,15385,GetNewProducts,200,OK,Thread Group 5000 1-655,text,true,,1864,150,3754,3754,http://localhost:5000/api/product/newProducts/?page=1,15385,0,1014
1717757560434,15383,GetNewProducts,200,OK,Thread Group 5000 1-665,text,true,,1864,150,3753,3753,http://localhost:5000/api/product/newProducts/?page=1,15383,0,1012
1717757560430,15388,GetNewProducts,200,OK,Thread Group 5000 1-622,text,true,,1864,150,3752,3752,http://localhost:5000/api/product/newProducts/?page=1,15388,0,1016
1717757560430,15389,GetNewProducts,200,OK,Thread Group 5000 1-615,text,true,,1864,150,3751,3751,http://localhost:5000/api/product/newProducts/?page=1,15389,0,1016
1717757560435,15384,GetNewProducts,200,OK,Thread Group 5000 1-667,text,true,,1864,150,3750,3750,http://localhost:5000/api/product/newProducts/?page=1,15384,0,1011
1717757560437,15383,GetNewProducts,200,OK,Thread Group 5000 1-1518,text,true,,1864,150,3749,3749,http://localhost:5000/api/product/newProducts/?page=1,15383,0,1009
1717757560433,15389,GetNewProducts,200,OK,Thread Group 5000 1-1465,text,true,,1864,150,3748,3748,http://localhost:5000/api/product/newProducts/?page=1,15389,0,1013
1717757560427,15406,GetNewProducts,200,OK,Thread Group 5000 1-576,text,true,,1864,150,3747,3747,http://localhost:5000/api/product/newProducts/?page=1,15406,0,1026
1717757560429,15416,GetNewProducts,200,OK,Thread Group 5000 1-1401,text,true,,1864,150,3746,3746,http://localhost:5000/api/product/newProducts/?page=1,15416,0,1025
1717757560427,15419,GetNewProducts,200,OK,Thread Group 5000 1-594,text,true,,1864,150,3745,3745,http://localhost:5000/api/product/newProducts/?page=1,15419,0,1026
1717757560428,15419,GetNewProducts,200,OK,Thread Group 5000 1-601,text,true,,1864,150,3744,3744,http://localhost:5000/api/product/newProducts/?page=1,15419,0,1025
1717757560427,15422,GetNewProducts,200,OK,Thread Group 5000 1-581,text,true,,1864,150,3743,3743,http://localhost:5000/api/product/newProducts/?page=1,15422,0,1027
1717757560430,15420,GetNewProducts,200,OK,Thread Group 5000 1-623,text,true,,1864,150,3742,3742,http://localhost:5000/api/product/newProducts/?page=1,15420,0,1024
1717757560428,15422,GetNewProducts,200,OK,Thread Group 5000 1-1376,text,true,,1864,150,3741,3741,http://localhost:5000/api/product/newProducts/?page=1,15422,0,1026
1717757560433,15419,GetNewProducts,200,OK,Thread Group 5000 1-661,text,true,,1864,150,3740,3740,http://localhost:5000/api/product/newProducts/?page=1,15419,0,1021
1717757560434,15418,GetNewProducts,200,OK,Thread Group 5000 1-668,text,true,,1864,150,3739,3739,http://localhost:5000/api/product/newProducts/?page=1,15418,0,1020
1717757560430,15423,GetNewProducts,200,OK,Thread Group 5000 1-1404,text,true,,1864,150,3738,3738,http://localhost:5000/api/product/newProducts/?page=1,15423,0,1024
1717757560432,15422,GetNewProducts,200,OK,Thread Group 5000 1-628,text,true,,1864,150,3737,3737,http://localhost:5000/api/product/newProducts/?page=1,15422,0,1022
1717757560426,15451,GetNewProducts,200,OK,Thread Group 5000 1-1358,text,true,,1864,150,3736,3736,http://localhost:5000/api/product/newProducts/?page=1,15451,0,1028
1717757560435,15443,GetNewProducts,200,OK,Thread Group 5000 1-1492,text,true,,1864,150,3735,3735,http://localhost:5000/api/product/newProducts/?page=1,15443,0,1019
1717757560430,15448,GetNewProducts,200,OK,Thread Group 5000 1-618,text,true,,1864,150,3734,3734,http://localhost:5000/api/product/newProducts/?page=1,15448,0,1024
1717757560431,15448,GetNewProducts,200,OK,Thread Group 5000 1-654,text,true,,1864,150,3733,3733,http://localhost:5000/api/product/newProducts/?page=1,15448,0,1023
1717757560438,15441,GetNewProducts,200,OK,Thread Group 5000 1-693,text,true,,1864,150,3732,3732,http://localhost:5000/api/product/newProducts/?page=1,15441,0,1016
1717757560428,15452,GetNewProducts,200,OK,Thread Group 5000 1-609,text,true,,1864,150,3731,3731,http://localhost:5000/api/product/newProducts/?page=1,15452,0,1026
1717757560429,15451,GetNewProducts,200,OK,Thread Group 5000 1-603,text,true,,1864,150,3730,3730,http://localhost:5000/api/product/newProducts/?page=1,15451,0,1025
1717757560427,15455,GetNewProducts,200,OK,Thread Group 5000 1-343,text,true,,1864,150,3729,3729,http://localhost:5000/api/product/newProducts/?page=1,15455,0,1027
1717757560428,15454,GetNewProducts,200,OK,Thread Group 5000 1-600,text,true,,1864,150,3728,3728,http://localhost:5000/api/product/newProducts/?page=1,15454,0,1026
1717757560431,15452,GetNewProducts,200,OK,Thread Group 5000 1-631,text,true,,1864,150,3727,3727,http://localhost:5000/api/product/newProducts/?page=1,15452,0,1023
1717757560433,15450,GetNewProducts,200,OK,Thread Group 5000 1-625,text,true,,1864,150,3726,3726,http://localhost:5000/api/product/newProducts/?page=1,15450,0,1021
1717757560436,15448,GetNewProducts,200,OK,Thread Group 5000 1-684,text,true,,1864,150,3725,3725,http://localhost:5000/api/product/newProducts/?page=1,15448,0,1018
1717757560434,15450,GetNewProducts,200,OK,Thread Group 5000 1-644,text,true,,1864,150,3724,3724,http://localhost:5000/api/product/newProducts/?page=1,15450,0,1020
1717757560429,15456,GetNewProducts,200,OK,Thread Group 5000 1-598,text,true,,1864,150,3723,3723,http://localhost:5000/api/product/newProducts/?page=1,15456,0,1025
1717757560435,15450,GetNewProducts,200,OK,Thread Group 5000 1-1487,text,true,,1864,150,3722,3722,http://localhost:5000/api/product/newProducts/?page=1,15450,0,1019
1717757560430,15456,GetNewProducts,200,OK,Thread Group 5000 1-619,text,true,,1864,150,3721,3721,http://localhost:5000/api/product/newProducts/?page=1,15456,0,1024
1717757560432,15454,GetNewProducts,200,OK,Thread Group 5000 1-643,text,true,,1864,150,3720,3720,http://localhost:5000/api/product/newProducts/?page=1,15454,0,1022
1717757560427,15460,GetNewProducts,200,OK,Thread Group 5000 1-590,text,true,,1864,150,3719,3719,http://localhost:5000/api/product/newProducts/?page=1,15460,0,1027
1717757560433,15455,GetNewProducts,200,OK,Thread Group 5000 1-641,text,true,,1864,150,3718,3718,http://localhost:5000/api/product/newProducts/?page=1,15455,0,1021
1717757560432,15457,GetNewProducts,200,OK,Thread Group 5000 1-616,text,true,,1864,150,3717,3717,http://localhost:5000/api/product/newProducts/?page=1,15457,0,1022
1717757560434,15483,GetNewProducts,200,OK,Thread Group 5000 1-664,text,true,,1864,150,3716,3716,http://localhost:5000/api/product/newProducts/?page=1,15483,0,1020
1717757560438,15479,GetNewProducts,200,OK,Thread Group 5000 1-1524,text,true,,1864,150,3715,3715,http://localhost:5000/api/product/newProducts/?page=1,15479,0,1016
1717757560436,15482,GetNewProducts,200,OK,Thread Group 5000 1-1494,text,true,,1864,150,3714,3714,http://localhost:5000/api/product/newProducts/?page=1,15482,0,1018
1717757560430,15489,GetNewProducts,200,OK,Thread Group 5000 1-621,text,true,,1864,150,3713,3713,http://localhost:5000/api/product/newProducts/?page=1,15489,0,1024
1717757560435,15484,GetNewProducts,200,OK,Thread Group 5000 1-675,text,true,,1864,150,3712,3712,http://localhost:5000/api/product/newProducts/?page=1,15484,0,1019
1717757560432,15488,GetNewProducts,200,OK,Thread Group 5000 1-646,text,true,,1864,150,3711,3711,http://localhost:5000/api/product/newProducts/?page=1,15488,0,1022
1717757560431,15490,GetNewProducts,200,OK,Thread Group 5000 1-639,text,true,,1864,150,3710,3710,http://localhost:5000/api/product/newProducts/?page=1,15490,0,1023
1717757560431,15490,GetNewProducts,200,OK,Thread Group 5000 1-653,text,true,,1864,150,3709,3709,http://localhost:5000/api/product/newProducts/?page=1,15490,0,1023
1717757560428,15494,GetNewProducts,200,OK,Thread Group 5000 1-597,text,true,,1864,150,3708,3708,http://localhost:5000/api/product/newProducts/?page=1,15494,0,1026
1717757560434,15489,GetNewProducts,200,OK,Thread Group 5000 1-1478,text,true,,1864,150,3707,3707,http://localhost:5000/api/product/newProducts/?page=1,15489,0,1020
1717757560437,15494,GetNewProducts,200,OK,Thread Group 5000 1-690,text,true,,1864,150,3706,3706,http://localhost:5000/api/product/newProducts/?page=1,15494,0,1017
1717757560436,15498,GetNewProducts,200,OK,Thread Group 5000 1-682,text,true,,1864,150,3705,3705,http://localhost:5000/api/product/newProducts/?page=1,15498,0,1018
1717757560437,15497,GetNewProducts,200,OK,Thread Group 5000 1-686,text,true,,1864,150,3704,3704,http://localhost:5000/api/product/newProducts/?page=1,15497,0,1017
1717757560438,15497,GetNewProducts,200,OK,Thread Group 5000 1-368,text,true,,1864,150,3703,3703,http://localhost:5000/api/product/newProducts/?page=1,15497,0,1016
1717757560428,15508,GetNewProducts,200,OK,Thread Group 5000 1-596,text,true,,1864,150,3702,3702,http://localhost:5000/api/product/newProducts/?page=1,15508,0,1027
1717757560429,15508,GetNewProducts,200,OK,Thread Group 5000 1-610,text,true,,1864,150,3701,3701,http://localhost:5000/api/product/newProducts/?page=1,15508,0,1025
1717757560435,15502,GetNewProducts,200,OK,Thread Group 5000 1-658,text,true,,1864,150,3700,3700,http://localhost:5000/api/product/newProducts/?page=1,15502,0,1019
1717757560433,15506,GetNewProducts,200,OK,Thread Group 5000 1-629,text,true,,1864,150,3699,3699,http://localhost:5000/api/product/newProducts/?page=1,15506,0,1021
1717757560433,15507,GetNewProducts,200,OK,Thread Group 5000 1-633,text,true,,1864,150,3698,3698,http://localhost:5000/api/product/newProducts/?page=1,15507,0,1021
1717757560430,15510,GetNewProducts,200,OK,Thread Group 5000 1-1412,text,true,,1864,150,3697,3697,http://localhost:5000/api/product/newProducts/?page=1,15510,0,1024
1717757560436,15505,GetNewProducts,200,OK,Thread Group 5000 1-685,text,true,,1864,150,3696,3696,http://localhost:5000/api/product/newProducts/?page=1,15505,0,1019
1717757560437,15505,GetNewProducts,200,OK,Thread Group 5000 1-677,text,true,,1864,150,3695,3695,http://localhost:5000/api/product/newProducts/?page=1,15505,0,1017
1717757560435,15507,GetNewProducts,200,OK,Thread Group 5000 1-659,text,true,,1864,150,3694,3694,http://localhost:5000/api/product/newProducts/?page=1,15507,0,1020
1717757560430,15513,GetNewProducts,200,OK,Thread Group 5000 1-612,text,true,,1864,150,3693,3693,http://localhost:5000/api/product/newProducts/?page=1,15513,0,1025
1717757560434,15509,GetNewProducts,200,OK,Thread Group 5000 1-645,text,true,,1864,150,3692,3692,http://localhost:5000/api/product/newProducts/?page=1,15509,0,1020
1717757560436,15508,GetNewProducts,200,OK,Thread Group 5000 1-681,text,true,,1864,150,3691,3691,http://localhost:5000/api/product/newProducts/?page=1,15508,0,1018
1717757560432,15512,GetNewProducts,200,OK,Thread Group 5000 1-657,text,true,,1864,150,3690,3690,http://localhost:5000/api/product/newProducts/?page=1,15512,0,1023
1717757560428,15517,GetNewProducts,200,OK,Thread Group 5000 1-605,text,true,,1864,150,3689,3689,http://localhost:5000/api/product/newProducts/?page=1,15517,0,1026
1717757560431,15515,GetNewProducts,200,OK,Thread Group 5000 1-637,text,true,,1864,150,3688,3688,http://localhost:5000/api/product/newProducts/?page=1,15515,0,1024
1717757560437,15509,GetNewProducts,200,OK,Thread Group 5000 1-362,text,true,,1864,150,3687,3687,http://localhost:5000/api/product/newProducts/?page=1,15509,0,1017
1717757560437,15510,GetNewProducts,200,OK,Thread Group 5000 1-680,text,true,,1864,150,3686,3686,http://localhost:5000/api/product/newProducts/?page=1,15510,0,1017
1717757560438,15510,GetNewProducts,200,OK,Thread Group 5000 1-700,text,true,,1864,150,3685,3685,http://localhost:5000/api/product/newProducts/?page=1,15510,0,1016
1717757560432,15516,GetNewProducts,200,OK,Thread Group 5000 1-638,text,true,,1864,150,3684,3684,http://localhost:5000/api/product/newProducts/?page=1,15516,0,1023
1717757560427,15521,GetNewProducts,200,OK,Thread Group 5000 1-582,text,true,,1864,150,3683,3683,http://localhost:5000/api/product/newProducts/?page=1,15521,0,1028
1717757560432,15517,GetNewProducts,200,OK,Thread Group 5000 1-1449,text,true,,1864,150,3682,3682,http://localhost:5000/api/product/newProducts/?page=1,15517,0,1022
1717757560429,15520,GetNewProducts,200,OK,Thread Group 5000 1-599,text,true,,1864,150,3681,3681,http://localhost:5000/api/product/newProducts/?page=1,15520,0,1026
1717757560428,15521,GetNewProducts,200,OK,Thread Group 5000 1-593,text,true,,1864,150,3680,3680,http://localhost:5000/api/product/newProducts/?page=1,15521,0,1027
1717757560473,15549,GetNewProducts,200,OK,Thread Group 5000 1-932,text,true,,1864,150,3679,3679,http://localhost:5000/api/product/newProducts/?page=1,15549,0,1012
1717757560462,15559,GetNewProducts,200,OK,Thread Group 5000 1-860,text,true,,1864,150,3679,3679,http://localhost:5000/api/product/newProducts/?page=1,15559,0,1023
1717757560472,15549,GetNewProducts,200,OK,Thread Group 5000 1-935,text,true,,1864,150,3679,3679,http://localhost:5000/api/product/newProducts/?page=1,15549,0,1013
1717757560464,15556,GetNewProducts,200,OK,Thread Group 5000 1-1913,text,true,,1864,150,3679,3679,http://localhost:5000/api/product/newProducts/?page=1,15556,0,1021
1717757560464,15556,GetNewProducts,200,OK,Thread Group 5000 1-875,text,true,,1864,150,3679,3679,http://localhost:5000/api/product/newProducts/?page=1,15556,0,1021
1717757560458,15562,GetNewProducts,200,OK,Thread Group 5000 1-814,text,true,,1864,150,3679,3679,http://localhost:5000/api/product/newProducts/?page=1,15562,0,1027
1717757560462,15557,GetNewProducts,200,OK,Thread Group 5000 1-1880,text,true,,1864,150,3679,3679,http://localhost:5000/api/product/newProducts/?page=1,15557,0,1023
1717757560463,15556,GetNewProducts,200,OK,Thread Group 5000 1-849,text,true,,1864,150,3679,3679,http://localhost:5000/api/product/newProducts/?page=1,15556,0,1022
1717757560466,15552,GetNewProducts,200,OK,Thread Group 5000 1-891,text,true,,1864,150,3679,3679,http://localhost:5000/api/product/newProducts/?page=1,15552,0,1019
1717757560462,15556,GetNewProducts,200,OK,Thread Group 5000 1-1890,text,true,,1864,150,3679,3679,http://localhost:5000/api/product/newProducts/?page=1,15556,0,1023
1717757560462,15556,GetNewProducts,200,OK,Thread Group 5000 1-844,text,true,,1864,150,3679,3679,http://localhost:5000/api/product/newProducts/?page=1,15556,0,1023
1717757560469,15548,GetNewProducts,200,OK,Thread Group 5000 1-924,text,true,,1864,150,3679,3679,http://localhost:5000/api/product/newProducts/?page=1,15548,0,1016
1717757560461,15556,GetNewProducts,200,OK,Thread Group 5000 1-838,text,true,,1864,150,3679,3679,http://localhost:5000/api/product/newProducts/?page=1,15556,0,1024
1717757560469,15547,GetNewProducts,200,OK,Thread Group 5000 1-926,text,true,,1864,150,3679,3679,http://localhost:5000/api/product/newProducts/?page=1,15547,0,1016
1717757560460,15556,GetNewProducts,200,OK,Thread Group 5000 1-1848,text,true,,1864,150,3679,3679,http://localhost:5000/api/product/newProducts/?page=1,15556,0,1025
1717757560462,15554,GetNewProducts,200,OK,Thread Group 5000 1-1878,text,true,,1864,150,3679,3679,http://localhost:5000/api/product/newProducts/?page=1,15554,0,1023
1717757560460,15555,GetNewProducts,200,OK,Thread Group 5000 1-829,text,true,,1864,150,3679,3679,http://localhost:5000/api/product/newProducts/?page=1,15555,0,1025
1717757560467,15548,GetNewProducts,200,OK,Thread Group 5000 1-872,text,true,,1864,150,3679,3679,http://localhost:5000/api/product/newProducts/?page=1,15548,0,1018
1717757560459,15555,GetNewProducts,200,OK,Thread Group 5000 1-828,text,true,,1864,150,3679,3679,http://localhost:5000/api/product/newProducts/?page=1,15555,0,1026
1717757560462,15552,GetNewProducts,200,OK,Thread Group 5000 1-845,text,true,,1864,150,3679,3679,http://localhost:5000/api/product/newProducts/?page=1,15552,0,1023
1717757560466,15548,GetNewProducts,200,OK,Thread Group 5000 1-898,text,true,,1864,150,3679,3679,http://localhost:5000/api/product/newProducts/?page=1,15548,0,1019
1717757560460,15553,GetNewProducts,200,OK,Thread Group 5000 1-833,text,true,,1864,150,3679,3679,http://localhost:5000/api/product/newProducts/?page=1,15553,0,1025
1717757560464,15549,GetNewProducts,200,OK,Thread Group 5000 1-878,text,true,,1864,150,3679,3679,http://localhost:5000/api/product/newProducts/?page=1,15549,0,1021
1717757560459,15553,GetNewProducts,200,OK,Thread Group 5000 1-831,text,true,,1864,150,3679,3679,http://localhost:5000/api/product/newProducts/?page=1,15553,0,1026
1717757560460,15552,GetNewProducts,200,OK,Thread Group 5000 1-832,text,true,,1864,150,3679,3679,http://localhost:5000/api/product/newProducts/?page=1,15552,0,1025
1717757560462,15550,GetNewProducts,200,OK,Thread Group 5000 1-855,text,true,,1864,150,3679,3679,http://localhost:5000/api/product/newProducts/?page=1,15550,0,1023
1717757560471,15540,GetNewProducts,200,OK,Thread Group 5000 1-923,text,true,,1864,150,3679,3679,http://localhost:5000/api/product/newProducts/?page=1,15540,0,1014
1717757560468,15543,GetNewProducts,200,OK,Thread Group 5000 1-903,text,true,,1864,150,3679,3679,http://localhost:5000/api/product/newProducts/?page=1,15543,0,1017
1717757560464,15546,GetNewProducts,200,OK,Thread Group 5000 1-866,text,true,,1864,150,3679,3679,http://localhost:5000/api/product/newProducts/?page=1,15546,0,1021
1717757560469,15541,GetNewProducts,200,OK,Thread Group 5000 1-893,text,true,,1864,150,3679,3679,http://localhost:5000/api/product/newProducts/?page=1,15541,0,1016
1717757560468,15542,GetNewProducts,200,OK,Thread Group 5000 1-922,text,true,,1864,150,3679,3679,http://localhost:5000/api/product/newProducts/?page=1,15542,0,1017
1717757560463,15546,GetNewProducts,200,OK,Thread Group 5000 1-1902,text,true,,1864,150,3679,3679,http://localhost:5000/api/product/newProducts/?page=1,15546,0,1022
1717757560465,15544,GetNewProducts,200,OK,Thread Group 5000 1-871,text,true,,1864,150,3679,3679,http://localhost:5000/api/product/newProducts/?page=1,15544,0,1020
1717757560473,15535,GetNewProducts,200,OK,Thread Group 5000 1-2045,text,true,,1864,150,3679,3679,http://localhost:5000/api/product/newProducts/?page=1,15535,0,1012
1717757560458,15550,GetNewProducts,200,OK,Thread Group 5000 1-813,text,true,,1864,150,3679,3679,http://localhost:5000/api/product/newProducts/?page=1,15550,0,1027
1717757560458,15546,GetNewProducts,200,OK,Thread Group 5000 1-821,text,true,,1864,150,3679,3679,http://localhost:5000/api/product/newProducts/?page=1,15546,0,1027
1717757560458,15546,GetNewProducts,200,OK,Thread Group 5000 1-816,text,true,,1864,150,3679,3679,http://localhost:5000/api/product/newProducts/?page=1,15546,0,1027
1717757560466,15537,GetNewProducts,200,OK,Thread Group 5000 1-905,text,true,,1864,150,3679,3679,http://localhost:5000/api/product/newProducts/?page=1,15537,0,1019
1717757560464,15539,GetNewProducts,200,OK,Thread Group 5000 1-1920,text,true,,1864,150,3679,3679,http://localhost:5000/api/product/newProducts/?page=1,15539,0,1021
1717757560459,15543,GetNewProducts,200,OK,Thread Group 5000 1-830,text,true,,1864,150,3679,3679,http://localhost:5000/api/product/newProducts/?page=1,15543,0,1026
1717757560463,15539,GetNewProducts,200,OK,Thread Group 5000 1-859,text,true,,1864,150,3679,3679,http://localhost:5000/api/product/newProducts/?page=1,15539,0,1022
1717757560471,15530,GetNewProducts,200,OK,Thread Group 5000 1-928,text,true,,1864,150,3679,3679,http://localhost:5000/api/product/newProducts/?page=1,15530,0,1014
1717757560461,15540,GetNewProducts,200,OK,Thread Group 5000 1-835,text,true,,1864,150,3679,3679,http://localhost:5000/api/product/newProducts/?page=1,15540,0,1024
1717757560462,15538,GetNewProducts,200,OK,Thread Group 5000 1-1884,text,true,,1864,150,3679,3679,http://localhost:5000/api/product/newProducts/?page=1,15538,0,1023
1717757560458,15542,GetNewProducts,200,OK,Thread Group 5000 1-1826,text,true,,1864,150,3679,3679,http://localhost:5000/api/product/newProducts/?page=1,15542,0,1027
1717757560463,15537,GetNewProducts,200,OK,Thread Group 5000 1-856,text,true,,1864,150,3679,3679,http://localhost:5000/api/product/newProducts/?page=1,15537,0,1022
1717757560460,15539,GetNewProducts,200,OK,Thread Group 5000 1-408,text,true,,1864,150,3679,3679,http://localhost:5000/api/product/newProducts/?page=1,15539,0,1025
1717757560468,15531,GetNewProducts,200,OK,Thread Group 5000 1-914,text,true,,1864,150,3679,3679,http://localhost:5000/api/product/newProducts/?page=1,15531,0,1017
1717757560460,15539,GetNewProducts,200,OK,Thread Group 5000 1-840,text,true,,1864,150,3679,3679,http://localhost:5000/api/product/newProducts/?page=1,15539,0,1025
1717757560463,15535,GetNewProducts,200,OK,Thread Group 5000 1-863,text,true,,1864,150,3679,3679,http://localhost:5000/api/product/newProducts/?page=1,15535,0,1022
1717757560466,15532,GetNewProducts,200,OK,Thread Group 5000 1-894,text,true,,1864,150,3679,3679,http://localhost:5000/api/product/newProducts/?page=1,15532,0,1019
1717757560459,15538,GetNewProducts,200,OK,Thread Group 5000 1-827,text,true,,1864,150,3679,3679,http://localhost:5000/api/product/newProducts/?page=1,15538,0,1026
1717757560464,15533,GetNewProducts,200,OK,Thread Group 5000 1-879,text,true,,1864,150,3679,3679,http://localhost:5000/api/product/newProducts/?page=1,15533,0,1021
1717757560461,15535,GetNewProducts,200,OK,Thread Group 5000 1-1864,text,true,,1864,150,3679,3679,http://localhost:5000/api/product/newProducts/?page=1,15535,0,1024
1717757560463,15533,GetNewProducts,200,OK,Thread Group 5000 1-858,text,true,,1864,150,3679,3679,http://localhost:5000/api/product/newProducts/?page=1,15533,0,1007
1717757560458,15538,GetNewProducts,200,OK,Thread Group 5000 1-817,text,true,,1864,150,3679,3679,http://localhost:5000/api/product/newProducts/?page=1,15538,0,1012
1717757560461,15534,GetNewProducts,200,OK,Thread Group 5000 1-409,text,true,,1864,150,3679,3679,http://localhost:5000/api/product/newProducts/?page=1,15534,0,1009
1717757560463,15531,GetNewProducts,200,OK,Thread Group 5000 1-852,text,true,,1864,150,3679,3679,http://localhost:5000/api/product/newProducts/?page=1,15531,0,1007
1717757560459,15535,GetNewProducts,200,OK,Thread Group 5000 1-818,text,true,,1864,150,3679,3679,http://localhost:5000/api/product/newProducts/?page=1,15535,0,1011
1717757560456,15538,GetNewProducts,200,OK,Thread Group 5000 1-797,text,true,,1864,150,3679,3679,http://localhost:5000/api/product/newProducts/?page=1,15538,0,1014
1717757560451,15542,GetNewProducts,200,OK,Thread Group 5000 1-1714,text,true,,1864,150,3679,3679,http://localhost:5000/api/product/newProducts/?page=1,15542,0,1019
1717757560462,15531,GetNewProducts,200,OK,Thread Group 5000 1-861,text,true,,1864,150,3679,3679,http://localhost:5000/api/product/newProducts/?page=1,15531,0,1008
1717757560461,15532,GetNewProducts,200,OK,Thread Group 5000 1-841,text,true,,1864,150,3679,3679,http://localhost:5000/api/product/newProducts/?page=1,15532,0,1009
1717757560463,15560,GetNewProducts,200,OK,Thread Group 5000 1-1906,text,true,,1864,150,3638,3638,http://localhost:5000/api/product/newProducts/?page=1,15560,0,1022
1717757560459,15533,GetNewProducts,200,OK,Thread Group 5000 1-1827,text,true,,1864,150,3679,3679,http://localhost:5000/api/product/newProducts/?page=1,15533,0,1011
1717757560430,15520,GetNewProducts,200,OK,Thread Group 5000 1-626,text,true,,1864,150,3679,3679,http://localhost:5000/api/product/newProducts/?page=1,15520,0,1025
1717757560457,15535,GetNewProducts,200,OK,Thread Group 5000 1-804,text,true,,1864,150,3679,3679,http://localhost:5000/api/product/newProducts/?page=1,15535,0,1013
1717757560460,15531,GetNewProducts,200,OK,Thread Group 5000 1-836,text,true,,1864,150,3679,3679,http://localhost:5000/api/product/newProducts/?page=1,15531,0,1009
1717757560455,15536,GetNewProducts,200,OK,Thread Group 5000 1-803,text,true,,1864,150,3679,3679,http://localhost:5000/api/product/newProducts/?page=1,15536,0,1015
1717757560463,15528,GetNewProducts,200,OK,Thread Group 5000 1-853,text,true,,1864,150,3679,3679,http://localhost:5000/api/product/newProducts/?page=1,15528,0,1006
1717757560456,15534,GetNewProducts,200,OK,Thread Group 5000 1-800,text,true,,1864,150,3679,3679,http://localhost:5000/api/product/newProducts/?page=1,15534,0,1014
1717757560462,15528,GetNewProducts,200,OK,Thread Group 5000 1-850,text,true,,1864,150,3679,3679,http://localhost:5000/api/product/newProducts/?page=1,15528,0,1007
1717757560459,15530,GetNewProducts,200,OK,Thread Group 5000 1-1831,text,true,,1864,150,3679,3679,http://localhost:5000/api/product/newProducts/?page=1,15530,0,1010
1717757560461,15528,GetNewProducts,200,OK,Thread Group 5000 1-826,text,true,,1864,150,3679,3679,http://localhost:5000/api/product/newProducts/?page=1,15528,0,1008
1717757560453,15536,GetNewProducts,200,OK,Thread Group 5000 1-782,text,true,,1864,150,3679,3679,http://localhost:5000/api/product/newProducts/?page=1,15536,0,1017
1717757560457,15531,GetNewProducts,200,OK,Thread Group 5000 1-1810,text,true,,1864,150,3679,3679,http://localhost:5000/api/product/newProducts/?page=1,15531,0,1012
1717757560454,15534,GetNewProducts,200,OK,Thread Group 5000 1-799,text,true,,1864,150,3679,3679,http://localhost:5000/api/product/newProducts/?page=1,15534,0,1016
1717757560457,15530,GetNewProducts,200,OK,Thread Group 5000 1-808,text,true,,1864,150,3679,3679,http://localhost:5000/api/product/newProducts/?page=1,15530,0,1012
1717757560455,15532,GetNewProducts,200,OK,Thread Group 5000 1-1763,text,true,,1864,150,3679,3679,http://localhost:5000/api/product/newProducts/?page=1,15532,0,1014
1717757560449,15537,GetNewProducts,200,OK,Thread Group 5000 1-1691,text,true,,1864,150,3679,3679,http://localhost:5000/api/product/newProducts/?page=1,15537,0,1020
1717757560456,15530,GetNewProducts,200,OK,Thread Group 5000 1-789,text,true,,1864,150,3679,3679,http://localhost:5000/api/product/newProducts/?page=1,15530,0,1013
1717757560454,15531,GetNewProducts,200,OK,Thread Group 5000 1-798,text,true,,1864,150,3679,3679,http://localhost:5000/api/product/newProducts/?page=1,15531,0,1015
1717757560452,15533,GetNewProducts,200,OK,Thread Group 5000 1-781,text,true,,1864,150,3679,3679,http://localhost:5000/api/product/newProducts/?page=1,15533,0,1018
1717757560460,15524,GetNewProducts,200,OK,Thread Group 5000 1-794,text,true,,1864,150,3679,3679,http://localhost:5000/api/product/newProducts/?page=1,15524,0,1009
1717757560452,15531,GetNewProducts,200,OK,Thread Group 5000 1-779,text,true,,1864,150,3679,3679,http://localhost:5000/api/product/newProducts/?page=1,15531,0,1017
1717757560454,15529,GetNewProducts,200,OK,Thread Group 5000 1-801,text,true,,1864,150,3679,3679,http://localhost:5000/api/product/newProducts/?page=1,15529,0,1015
1717757560456,15526,GetNewProducts,200,OK,Thread Group 5000 1-796,text,true,,1864,150,3679,3679,http://localhost:5000/api/product/newProducts/?page=1,15526,0,1013
1717757560466,15558,GetNewProducts,200,OK,Thread Group 5000 1-899,text,true,,1864,150,3608,3608,http://localhost:5000/api/product/newProducts/?page=1,15558,0,1019
1717757560453,15529,GetNewProducts,200,OK,Thread Group 5000 1-1741,text,true,,1864,150,3679,3679,http://localhost:5000/api/product/newProducts/?page=1,15529,0,1016
1717757560456,15526,GetNewProducts,200,OK,Thread Group 5000 1-788,text,true,,1864,150,3679,3679,http://localhost:5000/api/product/newProducts/?page=1,15526,0,1014
1717757560456,15525,GetNewProducts,200,OK,Thread Group 5000 1-792,text,true,,1864,150,3679,3679,http://localhost:5000/api/product/newProducts/?page=1,15525,0,1013
1717757560457,15524,GetNewProducts,200,OK,Thread Group 5000 1-805,text,true,,1864,150,3679,3679,http://localhost:5000/api/product/newProducts/?page=1,15524,0,1012
1717757560458,15522,GetNewProducts,200,OK,Thread Group 5000 1-820,text,true,,1864,150,3679,3679,http://localhost:5000/api/product/newProducts/?page=1,15522,0,1011
1717757560455,15525,GetNewProducts,200,OK,Thread Group 5000 1-780,text,true,,1864,150,3679,3679,http://localhost:5000/api/product/newProducts/?page=1,15525,0,1014
1717757560451,15528,GetNewProducts,200,OK,Thread Group 5000 1-1695,text,true,,1864,150,3679,3679,http://localhost:5000/api/product/newProducts/?page=1,15528,0,1018
1717757560449,15530,GetNewProducts,200,OK,Thread Group 5000 1-764,text,true,,1864,150,3679,3679,http://localhost:5000/api/product/newProducts/?page=1,15530,0,1020
1717757560449,15529,GetNewProducts,200,OK,Thread Group 5000 1-775,text,true,,1864,150,3679,3679,http://localhost:5000/api/product/newProducts/?page=1,15529,0,1020
1717757560450,15528,GetNewProducts,200,OK,Thread Group 5000 1-776,text,true,,1864,150,3679,3679,http://localhost:5000/api/product/newProducts/?page=1,15528,0,1019
1717757560452,15525,GetNewProducts,200,OK,Thread Group 5000 1-784,text,true,,1864,150,3679,3679,http://localhost:5000/api/product/newProducts/?page=1,15525,0,1017
1717757560447,15530,GetNewProducts,200,OK,Thread Group 5000 1-766,text,true,,1864,150,3679,3679,http://localhost:5000/api/product/newProducts/?page=1,15530,0,1022
1717757560457,15519,GetNewProducts,200,OK,Thread Group 5000 1-810,text,true,,1864,150,3679,3679,http://localhost:5000/api/product/newProducts/?page=1,15519,0,1012
1717757560463,15513,GetNewProducts,200,OK,Thread Group 5000 1-1899,text,true,,1864,150,3679,3679,http://localhost:5000/api/product/newProducts/?page=1,15513,0,1006
1717757560470,15555,GetNewProducts,200,OK,Thread Group 5000 1-920,text,true,,1864,150,3596,3596,http://localhost:5000/api/product/newProducts/?page=1,15555,0,1015
1717757560449,15526,GetNewProducts,200,OK,Thread Group 5000 1-768,text,true,,1864,150,3679,3679,http://localhost:5000/api/product/newProducts/?page=1,15526,0,1020
1717757560461,15514,GetNewProducts,200,OK,Thread Group 5000 1-843,text,true,,1864,150,3679,3679,http://localhost:5000/api/product/newProducts/?page=1,15514,0,1008
1717757560448,15526,GetNewProducts,200,OK,Thread Group 5000 1-767,text,true,,1864,150,3679,3679,http://localhost:5000/api/product/newProducts/?page=1,15526,0,1021
1717757560457,15517,GetNewProducts,200,OK,Thread Group 5000 1-811,text,true,,1864,150,3679,3679,http://localhost:5000/api/product/newProducts/?page=1,15517,0,1012
1717757560459,15566,GetNewProducts,200,OK,Thread Group 5000 1-815,text,true,,1864,150,3595,3595,http://localhost:5000/api/product/newProducts/?page=1,15566,0,1026
1717757560456,15518,GetNewProducts,200,OK,Thread Group 5000 1-806,text,true,,1864,150,3679,3679,http://localhost:5000/api/product/newProducts/?page=1,15518,0,1013
1717757560451,15522,GetNewProducts,200,OK,Thread Group 5000 1-778,text,true,,1864,150,3679,3679,http://localhost:5000/api/product/newProducts/?page=1,15522,0,1018
1717757560451,15522,GetNewProducts,200,OK,Thread Group 5000 1-773,text,true,,1864,150,3679,3679,http://localhost:5000/api/product/newProducts/?page=1,15522,0,1018
1717757560453,15519,GetNewProducts,200,OK,Thread Group 5000 1-1748,text,true,,1864,150,3679,3679,http://localhost:5000/api/product/newProducts/?page=1,15519,0,1016
1717757560461,15511,GetNewProducts,200,OK,Thread Group 5000 1-839,text,true,,1864,150,3679,3679,http://localhost:5000/api/product/newProducts/?page=1,15511,0,1008
1717757560459,15512,GetNewProducts,200,OK,Thread Group 5000 1-807,text,true,,1864,150,3679,3679,http://localhost:5000/api/product/newProducts/?page=1,15512,0,1010
1717757560457,15514,GetNewProducts,200,OK,Thread Group 5000 1-809,text,true,,1864,150,3679,3679,http://localhost:5000/api/product/newProducts/?page=1,15514,0,1012
1717757560453,15517,GetNewProducts,200,OK,Thread Group 5000 1-793,text,true,,1864,150,3679,3679,http://localhost:5000/api/product/newProducts/?page=1,15517,0,1016
1717757560462,15508,GetNewProducts,200,OK,Thread Group 5000 1-864,text,true,,1864,150,3679,3679,http://localhost:5000/api/product/newProducts/?page=1,15508,0,1007
1717757560453,15516,GetNewProducts,200,OK,Thread Group 5000 1-783,text,true,,1864,150,3679,3679,http://localhost:5000/api/product/newProducts/?page=1,15516,0,1016
1717757560456,15513,GetNewProducts,200,OK,Thread Group 5000 1-1782,text,true,,1864,150,3679,3679,http://localhost:5000/api/product/newProducts/?page=1,15513,0,1013
1717757560458,15511,GetNewProducts,200,OK,Thread Group 5000 1-790,text,true,,1864,150,3679,3679,http://localhost:5000/api/product/newProducts/?page=1,15511,0,1011
1717757560435,15533,GetNewProducts,200,OK,Thread Group 5000 1-1491,text,true,,1864,150,3679,3679,http://localhost:5000/api/product/newProducts/?page=1,15533,0,1020
1717757560460,15508,GetNewProducts,200,OK,Thread Group 5000 1-1854,text,true,,1864,150,3679,3679,http://localhost:5000/api/product/newProducts/?page=1,15508,0,1009
1717757560448,15519,GetNewProducts,200,OK,Thread Group 5000 1-770,text,true,,1864,150,3679,3679,http://localhost:5000/api/product/newProducts/?page=1,15519,0,1021
1717757560438,15529,GetNewProducts,200,OK,Thread Group 5000 1-697,text,true,,1864,150,3679,3679,http://localhost:5000/api/product/newProducts/?page=1,15529,0,1017
1717757560449,15517,GetNewProducts,200,OK,Thread Group 5000 1-765,text,true,,1864,150,3679,3679,http://localhost:5000/api/product/newProducts/?page=1,15517,0,1020
1717757560428,15538,GetNewProducts,200,OK,Thread Group 5000 1-592,text,true,,1864,150,3679,3679,http://localhost:5000/api/product/newProducts/?page=1,15538,0,1027
1717757560467,15559,GetNewProducts,200,OK,Thread Group 5000 1-877,text,true,,1864,150,3574,3574,http://localhost:5000/api/product/newProducts/?page=1,15559,0,1018
1717757560437,15528,GetNewProducts,200,OK,Thread Group 5000 1-687,text,true,,1864,150,3679,3679,http://localhost:5000/api/product/newProducts/?page=1,15528,0,1018
1717757560452,15513,GetNewProducts,200,OK,Thread Group 5000 1-774,text,true,,1864,150,3679,3679,http://localhost:5000/api/product/newProducts/?page=1,15513,0,1017
1717757560431,15533,GetNewProducts,200,OK,Thread Group 5000 1-652,text,true,,1864,150,3679,3679,http://localhost:5000/api/product/newProducts/?page=1,15533,0,1024
1717757560449,15515,GetNewProducts,200,OK,Thread Group 5000 1-771,text,true,,1864,150,3679,3679,http://localhost:5000/api/product/newProducts/?page=1,15515,0,1020
1717757560433,15530,GetNewProducts,200,OK,Thread Group 5000 1-1462,text,true,,1864,150,3679,3679,http://localhost:5000/api/product/newProducts/?page=1,15530,0,1022
1717757560429,15534,GetNewProducts,200,OK,Thread Group 5000 1-607,text,true,,1864,150,3679,3679,http://localhost:5000/api/product/newProducts/?page=1,15534,0,1026
1717757560427,15535,GetNewProducts,200,OK,Thread Group 5000 1-1369,text,true,,1864,150,3679,3679,http://localhost:5000/api/product/newProducts/?page=1,15535,0,1028
1717757560437,15525,GetNewProducts,200,OK,Thread Group 5000 1-689,text,true,,1864,150,3679,3679,http://localhost:5000/api/product/newProducts/?page=1,15525,0,1018
1717757560434,15527,GetNewProducts,200,OK,Thread Group 5000 1-649,text,true,,1864,150,3679,3679,http://localhost:5000/api/product/newProducts/?page=1,15527,0,1021
1717757560436,15525,GetNewProducts,200,OK,Thread Group 5000 1-678,text,true,,1864,150,3679,3679,http://localhost:5000/api/product/newProducts/?page=1,15525,0,1019
1717757560436,15525,GetNewProducts,200,OK,Thread Group 5000 1-679,text,true,,1864,150,3679,3679,http://localhost:5000/api/product/newProducts/?page=1,15525,0,1019
1717757560432,15528,GetNewProducts,200,OK,Thread Group 5000 1-617,text,true,,1864,150,3679,3679,http://localhost:5000/api/product/newProducts/?page=1,15528,0,1023
1717757560430,15530,GetNewProducts,200,OK,Thread Group 5000 1-613,text,true,,1864,150,3679,3679,http://localhost:5000/api/product/newProducts/?page=1,15530,0,1025
1717757560437,15523,GetNewProducts,200,OK,Thread Group 5000 1-676,text,true,,1864,150,3679,3679,http://localhost:5000/api/product/newProducts/?page=1,15523,0,1018
1717757560429,15530,GetNewProducts,200,OK,Thread Group 5000 1-1396,text,true,,1864,150,3679,3679,http://localhost:5000/api/product/newProducts/?page=1,15530,0,1026
1717757560434,15525,GetNewProducts,200,OK,Thread Group 5000 1-674,text,true,,1864,150,3679,3679,http://localhost:5000/api/product/newProducts/?page=1,15525,0,1021
1717757560434,15524,GetNewProducts,200,OK,Thread Group 5000 1-669,text,true,,1864,150,3679,3679,http://localhost:5000/api/product/newProducts/?page=1,15524,0,1021
1717757560428,15530,GetNewProducts,200,OK,Thread Group 5000 1-608,text,true,,1864,150,3679,3679,http://localhost:5000/api/product/newProducts/?page=1,15530,0,1027
1717757560435,15522,GetNewProducts,200,OK,Thread Group 5000 1-663,text,true,,1864,150,3679,3679,http://localhost:5000/api/product/newProducts/?page=1,15522,0,1020
1717757560429,15528,GetNewProducts,200,OK,Thread Group 5000 1-595,text,true,,1864,150,3679,3679,http://localhost:5000/api/product/newProducts/?page=1,15528,0,1026
1717757560436,15521,GetNewProducts,200,OK,Thread Group 5000 1-671,text,true,,1864,150,3679,3679,http://localhost:5000/api/product/newProducts/?page=1,15521,0,1019
1717757560427,15529,GetNewProducts,200,OK,Thread Group 5000 1-588,text,true,,1864,150,3679,3679,http://localhost:5000/api/product/newProducts/?page=1,15529,0,1028
1717757560432,15524,GetNewProducts,200,OK,Thread Group 5000 1-635,text,true,,1864,150,3679,3679,http://localhost:5000/api/product/newProducts/?page=1,15524,0,1023
1717757560430,15526,GetNewProducts,200,OK,Thread Group 5000 1-624,text,true,,1864,150,3679,3679,http://localhost:5000/api/product/newProducts/?page=1,15526,0,1025
1717757560433,15522,GetNewProducts,200,OK,Thread Group 5000 1-1458,text,true,,1864,150,3679,3679,http://localhost:5000/api/product/newProducts/?page=1,15522,0,1022
1717757560438,15516,GetNewProducts,200,OK,Thread Group 5000 1-695,text,true,,1864,150,3679,3679,http://localhost:5000/api/product/newProducts/?page=1,15516,0,1017
1717757560437,15517,GetNewProducts,200,OK,Thread Group 5000 1-688,text,true,,1864,150,3679,3679,http://localhost:5000/api/product/newProducts/?page=1,15517,0,1018
1717757560434,15520,GetNewProducts,200,OK,Thread Group 5000 1-1470,text,true,,1864,150,3679,3679,http://localhost:5000/api/product/newProducts/?page=1,15520,0,1021
1717757560427,15526,GetNewProducts,200,OK,Thread Group 5000 1-587,text,true,,1864,150,3679,3679,http://localhost:5000/api/product/newProducts/?page=1,15526,0,1028
1717757560431,15522,GetNewProducts,200,OK,Thread Group 5000 1-634,text,true,,1864,150,3679,3679,http://localhost:5000/api/product/newProducts/?page=1,15522,0,1024
1717757560468,15558,GetNewProducts,200,OK,Thread Group 5000 1-1972,text,true,,1864,150,3551,3551,http://localhost:5000/api/product/newProducts/?page=1,15558,0,1017
1717757560435,15518,GetNewProducts,200,OK,Thread Group 5000 1-1489,text,true,,1864,150,3679,3679,http://localhost:5000/api/product/newProducts/?page=1,15518,0,1019
1717757560434,15518,GetNewProducts,200,OK,Thread Group 5000 1-656,text,true,,1864,150,3679,3679,http://localhost:5000/api/product/newProducts/?page=1,15518,0,1021
1717757560433,15519,GetNewProducts,200,OK,Thread Group 5000 1-1463,text,true,,1864,150,3679,3679,http://localhost:5000/api/product/newProducts/?page=1,15519,0,1022
1717757560438,15513,GetNewProducts,200,OK,Thread Group 5000 1-696,text,true,,1864,150,3679,3679,http://localhost:5000/api/product/newProducts/?page=1,15513,0,1017
1717757560434,15517,GetNewProducts,200,OK,Thread Group 5000 1-1479,text,true,,1864,150,3679,3679,http://localhost:5000/api/product/newProducts/?page=1,15517,0,1020
1717757560459,15569,GetNewProducts,200,OK,Thread Group 5000 1-795,text,true,,1864,150,3519,3519,http://localhost:5000/api/product/newProducts/?page=1,15569,0,1026
1717757560469,15559,GetNewProducts,200,OK,Thread Group 5000 1-888,text,true,,1864,150,3515,3515,http://localhost:5000/api/product/newProducts/?page=1,15559,0,1016
1717757560461,15568,GetNewProducts,200,OK,Thread Group 5000 1-822,text,true,,1864,150,3514,3514,http://localhost:5000/api/product/newProducts/?page=1,15568,0,1024
1717757560467,15562,GetNewProducts,200,OK,Thread Group 5000 1-908,text,true,,1864,150,3513,3513,http://localhost:5000/api/product/newProducts/?page=1,15562,0,1018
1717757560461,15569,GetNewProducts,200,OK,Thread Group 5000 1-823,text,true,,1864,150,3512,3512,http://localhost:5000/api/product/newProducts/?page=1,15569,0,1024
1717757560469,15562,GetNewProducts,200,OK,Thread Group 5000 1-901,text,true,,1864,150,3511,3511,http://localhost:5000/api/product/newProducts/?page=1,15562,0,1016
1717757560471,15561,GetNewProducts,200,OK,Thread Group 5000 1-934,text,true,,1864,150,3510,3510,http://localhost:5000/api/product/newProducts/?page=1,15561,0,1014
1717757560463,15570,GetNewProducts,200,OK,Thread Group 5000 1-857,text,true,,1864,150,3509,3509,http://localhost:5000/api/product/newProducts/?page=1,15570,0,1022
1717757560470,15563,GetNewProducts,200,OK,Thread Group 5000 1-2003,text,true,,1864,150,3508,3508,http://localhost:5000/api/product/newProducts/?page=1,15563,0,1015
1717757560466,15573,GetNewProducts,200,OK,Thread Group 5000 1-892,text,true,,1864,150,3507,3507,http://localhost:5000/api/product/newProducts/?page=1,15573,0,1019
1717757560473,15567,GetNewProducts,200,OK,Thread Group 5000 1-944,text,true,,1864,150,3506,3506,http://localhost:5000/api/product/newProducts/?page=1,15567,0,1012
1717757560472,15569,GetNewProducts,200,OK,Thread Group 5000 1-939,text,true,,1864,150,3505,3505,http://localhost:5000/api/product/newProducts/?page=1,15569,0,1013
1717757560474,15567,GetNewProducts,200,OK,Thread Group 5000 1-933,text,true,,1864,150,3504,3504,http://localhost:5000/api/product/newProducts/?page=1,15567,0,1011
1717757560477,15564,GetNewProducts,200,OK,Thread Group 5000 1-966,text,true,,1864,150,3503,3503,http://localhost:5000/api/product/newProducts/?page=1,15564,0,1008
1717757560464,15578,GetNewProducts,200,OK,Thread Group 5000 1-867,text,true,,1864,150,3502,3502,http://localhost:5000/api/product/newProducts/?page=1,15578,0,1021
1717757560474,15568,GetNewProducts,200,OK,Thread Group 5000 1-946,text,true,,1864,150,3501,3501,http://localhost:5000/api/product/newProducts/?page=1,15568,0,1011
1717757560466,15577,GetNewProducts,200,OK,Thread Group 5000 1-890,text,true,,1864,150,3500,3500,http://localhost:5000/api/product/newProducts/?page=1,15577,0,1019
1717757560469,15574,GetNewProducts,200,OK,Thread Group 5000 1-900,text,true,,1864,150,3499,3499,http://localhost:5000/api/product/newProducts/?page=1,15574,0,1016
1717757560466,15578,GetNewProducts,200,OK,Thread Group 5000 1-887,text,true,,1864,150,3498,3498,http://localhost:5000/api/product/newProducts/?page=1,15578,0,1019
1717757560467,15580,GetNewProducts,200,OK,Thread Group 5000 1-880,text,true,,1864,150,3497,3497,http://localhost:5000/api/product/newProducts/?page=1,15580,0,1018
1717757560469,15578,GetNewProducts,200,OK,Thread Group 5000 1-1985,text,true,,1864,150,3496,3496,http://localhost:5000/api/product/newProducts/?page=1,15578,0,1016
1717757560468,15579,GetNewProducts,200,OK,Thread Group 5000 1-919,text,true,,1864,150,3495,3495,http://localhost:5000/api/product/newProducts/?page=1,15579,0,1018
1717757560472,15576,GetNewProducts,200,OK,Thread Group 5000 1-937,text,true,,1864,150,3494,3494,http://localhost:5000/api/product/newProducts/?page=1,15576,0,1014
1717757560474,15574,GetNewProducts,200,OK,Thread Group 5000 1-949,text,true,,1864,150,3493,3493,http://localhost:5000/api/product/newProducts/?page=1,15574,0,1012
1717757560470,15579,GetNewProducts,200,OK,Thread Group 5000 1-929,text,true,,1864,150,3492,3492,http://localhost:5000/api/product/newProducts/?page=1,15579,0,1016
1717757560468,15581,GetNewProducts,200,OK,Thread Group 5000 1-911,text,true,,1864,150,3491,3491,http://localhost:5000/api/product/newProducts/?page=1,15581,0,1017
1717757560473,15577,GetNewProducts,200,OK,Thread Group 5000 1-943,text,true,,1864,150,3490,3490,http://localhost:5000/api/product/newProducts/?page=1,15577,0,1013
1717757560467,15583,GetNewProducts,200,OK,Thread Group 5000 1-1961,text,true,,1864,150,3489,3489,http://localhost:5000/api/product/newProducts/?page=1,15583,0,1019
1717757560463,15588,GetNewProducts,200,OK,Thread Group 5000 1-873,text,true,,1864,150,3488,3488,http://localhost:5000/api/product/newProducts/?page=1,15588,0,1022
1717757560469,15583,GetNewProducts,200,OK,Thread Group 5000 1-889,text,true,,1864,150,3487,3487,http://localhost:5000/api/product/newProducts/?page=1,15583,0,1017
1717757560478,15575,GetNewProducts,200,OK,Thread Group 5000 1-974,text,true,,1864,150,3486,3486,http://localhost:5000/api/product/newProducts/?page=1,15575,0,1007
1717757560476,15577,GetNewProducts,200,OK,Thread Group 5000 1-956,text,true,,1864,150,3485,3485,http://localhost:5000/api/product/newProducts/?page=1,15577,0,1009
1717757560468,15585,GetNewProducts,200,OK,Thread Group 5000 1-918,text,true,,1864,150,3484,3484,http://localhost:5000/api/product/newProducts/?page=1,15585,0,1018
1717757560471,15583,GetNewProducts,200,OK,Thread Group 5000 1-930,text,true,,1864,150,3483,3483,http://localhost:5000/api/product/newProducts/?page=1,15583,0,1015
1717757560467,15587,GetNewProducts,200,OK,Thread Group 5000 1-906,text,true,,1864,150,3482,3482,http://localhost:5000/api/product/newProducts/?page=1,15587,0,1019
1717757560465,15590,GetNewProducts,200,OK,Thread Group 5000 1-874,text,true,,1864,150,3481,3481,http://localhost:5000/api/product/newProducts/?page=1,15590,0,1020
1717757560471,15584,GetNewProducts,200,OK,Thread Group 5000 1-931,text,true,,1864,150,3480,3480,http://localhost:5000/api/product/newProducts/?page=1,15584,0,1015
1717757560469,15587,GetNewProducts,200,OK,Thread Group 5000 1-896,text,true,,1864,150,3479,3479,http://localhost:5000/api/product/newProducts/?page=1,15587,0,1017
1717757560468,15588,GetNewProducts,200,OK,Thread Group 5000 1-902,text,true,,1864,150,3478,3478,http://localhost:5000/api/product/newProducts/?page=1,15588,0,1018
1717757560470,15587,GetNewProducts,200,OK,Thread Group 5000 1-904,text,true,,1864,150,3477,3477,http://localhost:5000/api/product/newProducts/?page=1,15587,0,1016
1717757560472,15585,GetNewProducts,200,OK,Thread Group 5000 1-938,text,true,,1864,150,3476,3476,http://localhost:5000/api/product/newProducts/?page=1,15585,0,1014
1717757560464,15594,GetNewProducts,200,OK,Thread Group 5000 1-870,text,true,,1864,150,3475,3475,http://localhost:5000/api/product/newProducts/?page=1,15594,0,1022
1717757560472,15586,GetNewProducts,200,OK,Thread Group 5000 1-941,text,true,,1864,150,3474,3474,http://localhost:5000/api/product/newProducts/?page=1,15586,0,1014
1717757560470,15589,GetNewProducts,200,OK,Thread Group 5000 1-2006,text,true,,1864,150,3473,3473,http://localhost:5000/api/product/newProducts/?page=1,15589,0,1016
1717757560468,15591,GetNewProducts,200,OK,Thread Group 5000 1-885,text,true,,1864,150,3472,3472,http://localhost:5000/api/product/newProducts/?page=1,15591,0,1018
1717757560467,15593,GetNewProducts,200,OK,Thread Group 5000 1-909,text,true,,1864,150,3471,3471,http://localhost:5000/api/product/newProducts/?page=1,15593,0,1019
1717757560466,15595,GetNewProducts,200,OK,Thread Group 5000 1-895,text,true,,1864,150,3470,3470,http://localhost:5000/api/product/newProducts/?page=1,15595,0,1020
1717757560468,15593,GetNewProducts,200,OK,Thread Group 5000 1-422,text,true,,1864,150,3469,3469,http://localhost:5000/api/product/newProducts/?page=1,15593,0,1018
1717757560469,15593,GetNewProducts,200,OK,Thread Group 5000 1-1995,text,true,,1864,150,3468,3468,http://localhost:5000/api/product/newProducts/?page=1,15593,0,1017
1717757560472,15614,GetNewProducts,200,OK,Thread Group 5000 1-936,text,true,,1864,150,3467,3467,http://localhost:5000/api/product/newProducts/?page=1,15614,0,1014
1717757560466,15621,GetNewProducts,200,OK,Thread Group 5000 1-1928,text,true,,1864,150,3466,3466,http://localhost:5000/api/product/newProducts/?page=1,15621,0,1020
1717757560467,15622,GetNewProducts,200,OK,Thread Group 5000 1-868,text,true,,1864,150,3465,3465,http://localhost:5000/api/product/newProducts/?page=1,15622,0,1019
1717757560474,15615,GetNewProducts,200,OK,Thread Group 5000 1-2056,text,true,,1864,150,3464,3464,http://localhost:5000/api/product/newProducts/?page=1,15615,0,1012
1717757560470,15621,GetNewProducts,200,OK,Thread Group 5000 1-2010,text,true,,1864,150,3463,3463,http://localhost:5000/api/product/newProducts/?page=1,15621,0,1016
1717757560468,15624,GetNewProducts,200,OK,Thread Group 5000 1-421,text,true,,1864,150,3462,3462,http://localhost:5000/api/product/newProducts/?page=1,15624,0,1018
1717757560473,15619,GetNewProducts,200,OK,Thread Group 5000 1-945,text,true,,1864,150,3461,3461,http://localhost:5000/api/product/newProducts/?page=1,15619,0,1013
1717757560471,15622,GetNewProducts,200,OK,Thread Group 5000 1-927,text,true,,1864,150,3460,3460,http://localhost:5000/api/product/newProducts/?page=1,15622,0,1015
1717757560466,15640,GetNewProducts,200,OK,Thread Group 5000 1-886,text,true,,1864,150,3459,3459,http://localhost:5000/api/product/newProducts/?page=1,15640,0,1020
1717757560469,15640,GetNewProducts,200,OK,Thread Group 5000 1-925,text,true,,1864,150,3458,3458,http://localhost:5000/api/product/newProducts/?page=1,15640,0,1017
1717757560479,15642,GetNewProducts,200,OK,Thread Group 5000 1-983,text,true,,1864,150,3457,3457,http://localhost:5000/api/product/newProducts/?page=1,15642,0,1021
1717757560477,15648,GetNewProducts,200,OK,Thread Group 5000 1-964,text,true,,1864,150,3456,3456,http://localhost:5000/api/product/newProducts/?page=1,15648,0,1023
1717757560470,15655,GetNewProducts,200,OK,Thread Group 5000 1-912,text,true,,1864,150,3455,3455,http://localhost:5000/api/product/newProducts/?page=1,15655,0,1016
1717757560467,15659,GetNewProducts,200,OK,Thread Group 5000 1-881,text,true,,1864,150,3454,3454,http://localhost:5000/api/product/newProducts/?page=1,15659,0,1019
1717757560481,15645,GetNewProducts,200,OK,Thread Group 5000 1-1010,text,true,,1864,150,3453,3453,http://localhost:5000/api/product/newProducts/?page=1,15645,0,1020
1717757560474,15654,GetNewProducts,200,OK,Thread Group 5000 1-950,text,true,,1864,150,3452,3452,http://localhost:5000/api/product/newProducts/?page=1,15654,0,1026
1717757560472,15656,GetNewProducts,200,OK,Thread Group 5000 1-940,text,true,,1864,150,3451,3451,http://localhost:5000/api/product/newProducts/?page=1,15656,0,1014
1717757560483,15646,GetNewProducts,200,OK,Thread Group 5000 1-1029,text,true,,1864,150,3450,3450,http://localhost:5000/api/product/newProducts/?page=1,15646,0,1018
1717757560480,15649,GetNewProducts,200,OK,Thread Group 5000 1-991,text,true,,1864,150,3449,3449,http://localhost:5000/api/product/newProducts/?page=1,15649,0,1021
1717757560480,15651,GetNewProducts,200,OK,Thread Group 5000 1-994,text,true,,1864,150,3448,3448,http://localhost:5000/api/product/newProducts/?page=1,15651,0,1020
1717757560481,15674,GetNewProducts,200,OK,Thread Group 5000 1-1003,text,true,,1864,150,3447,3447,http://localhost:5000/api/product/newProducts/?page=1,15674,0,1020
1717757560486,15671,GetNewProducts,200,OK,Thread Group 5000 1-1052,text,true,,1864,150,3446,3446,http://localhost:5000/api/product/newProducts/?page=1,15671,0,1015
1717757560488,15670,GetNewProducts,200,OK,Thread Group 5000 1-1065,text,true,,1864,150,3445,3445,http://localhost:5000/api/product/newProducts/?page=1,15670,0,1013
1717757560476,15682,GetNewProducts,200,OK,Thread Group 5000 1-951,text,true,,1864,150,3444,3444,http://localhost:5000/api/product/newProducts/?page=1,15682,0,1024
1717757560476,15683,GetNewProducts,200,OK,Thread Group 5000 1-947,text,true,,1864,150,3443,3443,http://localhost:5000/api/product/newProducts/?page=1,15683,0,1025
1717757560481,15679,GetNewProducts,200,OK,Thread Group 5000 1-1000,text,true,,1864,150,3442,3442,http://localhost:5000/api/product/newProducts/?page=1,15679,0,1020
1717757560478,15683,GetNewProducts,200,OK,Thread Group 5000 1-973,text,true,,1864,150,3441,3441,http://localhost:5000/api/product/newProducts/?page=1,15683,0,1022
1717757560477,15684,GetNewProducts,200,OK,Thread Group 5000 1-2100,text,true,,1864,150,3440,3440,http://localhost:5000/api/product/newProducts/?page=1,15684,0,1023
1717757560480,15682,GetNewProducts,200,OK,Thread Group 5000 1-993,text,true,,1864,150,3439,3439,http://localhost:5000/api/product/newProducts/?page=1,15682,0,1021
1717757560476,15686,GetNewProducts,200,OK,Thread Group 5000 1-953,text,true,,1864,150,3438,3438,http://localhost:5000/api/product/newProducts/?page=1,15686,0,1024
1717757560479,15684,GetNewProducts,200,OK,Thread Group 5000 1-2123,text,true,,1864,150,3437,3437,http://localhost:5000/api/product/newProducts/?page=1,15684,0,1021
1717757560476,15687,GetNewProducts,200,OK,Thread Group 5000 1-961,text,true,,1864,150,3436,3436,http://localhost:5000/api/product/newProducts/?page=1,15687,0,1024
1717757560482,15682,GetNewProducts,200,OK,Thread Group 5000 1-1017,text,true,,1864,150,3435,3435,http://localhost:5000/api/product/newProducts/?page=1,15682,0,1019
1717757560479,15686,GetNewProducts,200,OK,Thread Group 5000 1-987,text,true,,1864,150,3434,3434,http://localhost:5000/api/product/newProducts/?page=1,15686,0,1022
1717757560482,15683,GetNewProducts,200,OK,Thread Group 5000 1-1013,text,true,,1864,150,3433,3433,http://localhost:5000/api/product/newProducts/?page=1,15683,0,1019
1717757560483,15683,GetNewProducts,200,OK,Thread Group 5000 1-1033,text,true,,1864,150,3432,3432,http://localhost:5000/api/product/newProducts/?page=1,15683,0,1018
1717757560484,15682,GetNewProducts,200,OK,Thread Group 5000 1-2200,text,true,,1864,150,3431,3431,http://localhost:5000/api/product/newProducts/?page=1,15682,0,1017
1717757560479,15688,GetNewProducts,200,OK,Thread Group 5000 1-984,text,true,,1864,150,3430,3430,http://localhost:5000/api/product/newProducts/?page=1,15688,0,1022
1717757560486,15686,GetNewProducts,200,OK,Thread Group 5000 1-1057,text,true,,1864,150,3429,3429,http://localhost:5000/api/product/newProducts/?page=1,15686,0,1015
1717757560757,15419,GetNewProducts,200,OK,Thread Group 5000 1-2971,text,true,,1864,150,3428,3428,http://localhost:5000/api/product/newProducts/?page=1,15419,0,744
1717757560476,15715,GetNewProducts,200,OK,Thread Group 5000 1-952,text,true,,1864,150,3427,3427,http://localhost:5000/api/product/newProducts/?page=1,15715,0,1025
1717757560476,15717,GetNewProducts,200,OK,Thread Group 5000 1-957,text,true,,1864,150,3426,3426,http://localhost:5000/api/product/newProducts/?page=1,15717,0,1025
1717757560479,15716,GetNewProducts,200,OK,Thread Group 5000 1-988,text,true,,1864,150,3425,3425,http://localhost:5000/api/product/newProducts/?page=1,15716,0,1022
1717757560477,15719,GetNewProducts,200,OK,Thread Group 5000 1-968,text,true,,1864,150,3424,3424,http://localhost:5000/api/product/newProducts/?page=1,15719,0,1024
1717757560478,15718,GetNewProducts,200,OK,Thread Group 5000 1-2116,text,true,,1864,150,3423,3423,http://localhost:5000/api/product/newProducts/?page=1,15718,0,1023
1717757560481,15716,GetNewProducts,200,OK,Thread Group 5000 1-1006,text,true,,1864,150,3422,3422,http://localhost:5000/api/product/newProducts/?page=1,15716,0,1020
1717757560483,15715,GetNewProducts,200,OK,Thread Group 5000 1-464,text,true,,1864,150,3421,3421,http://localhost:5000/api/product/newProducts/?page=1,15715,0,1018
1717757560481,15717,GetNewProducts,200,OK,Thread Group 5000 1-2150,text,true,,1864,150,3420,3420,http://localhost:5000/api/product/newProducts/?page=1,15717,0,1020
1717757560482,15717,GetNewProducts,200,OK,Thread Group 5000 1-1018,text,true,,1864,150,3419,3419,http://localhost:5000/api/product/newProducts/?page=1,15717,0,1019
1717757560482,15718,GetNewProducts,200,OK,Thread Group 5000 1-2161,text,true,,1864,150,3418,3418,http://localhost:5000/api/product/newProducts/?page=1,15718,0,1019
1717757560480,15721,GetNewProducts,200,OK,Thread Group 5000 1-990,text,true,,1864,150,3417,3417,http://localhost:5000/api/product/newProducts/?page=1,15721,0,1021
1717757560479,15723,GetNewProducts,200,OK,Thread Group 5000 1-982,text,true,,1864,150,3416,3416,http://localhost:5000/api/product/newProducts/?page=1,15723,0,1022
1717757560484,15718,GetNewProducts,200,OK,Thread Group 5000 1-465,text,true,,1864,150,3415,3415,http://localhost:5000/api/product/newProducts/?page=1,15718,0,1017
1717757560476,15727,GetNewProducts,200,OK,Thread Group 5000 1-954,text,true,,1864,150,3414,3414,http://localhost:5000/api/product/newProducts/?page=1,15727,0,1025
1717757560483,15720,GetNewProducts,200,OK,Thread Group 5000 1-1025,text,true,,1864,150,3413,3413,http://localhost:5000/api/product/newProducts/?page=1,15720,0,1018
1717757560481,15723,GetNewProducts,200,OK,Thread Group 5000 1-1004,text,true,,1864,150,3412,3412,http://localhost:5000/api/product/newProducts/?page=1,15723,0,1020
1717757560483,15721,GetNewProducts,200,OK,Thread Group 5000 1-1024,text,true,,1864,150,3411,3411,http://localhost:5000/api/product/newProducts/?page=1,15721,0,1018
1717757560482,15723,GetNewProducts,200,OK,Thread Group 5000 1-1019,text,true,,1864,150,3410,3410,http://localhost:5000/api/product/newProducts/?page=1,15723,0,1019
1717757560487,15720,GetNewProducts,200,OK,Thread Group 5000 1-1058,text,true,,1864,150,3409,3409,http://localhost:5000/api/product/newProducts/?page=1,15720,0,1014
1717757560484,15724,GetNewProducts,200,OK,Thread Group 5000 1-1044,text,true,,1864,150,3408,3408,http://localhost:5000/api/product/newProducts/?page=1,15724,0,1017
1717757560476,15760,GetNewProducts,200,OK,Thread Group 5000 1-955,text,true,,1864,150,3407,3407,http://localhost:5000/api/product/newProducts/?page=1,15760,0,1025
1717757560486,15751,GetNewProducts,200,OK,Thread Group 5000 1-1042,text,true,,1864,150,3406,3406,http://localhost:5000/api/product/newProducts/?page=1,15751,0,1015
1717757560486,15752,GetNewProducts,200,OK,Thread Group 5000 1-1055,text,true,,1864,150,3405,3405,http://localhost:5000/api/product/newProducts/?page=1,15752,0,1015
1717757560477,15761,GetNewProducts,200,OK,Thread Group 5000 1-958,text,true,,1864,150,3404,3404,http://localhost:5000/api/product/newProducts/?page=1,15761,0,1024
1717757560480,15759,GetNewProducts,200,OK,Thread Group 5000 1-998,text,true,,1864,150,3403,3403,http://localhost:5000/api/product/newProducts/?page=1,15759,0,1021
1717757560484,15756,GetNewProducts,200,OK,Thread Group 5000 1-2182,text,true,,1864,150,3402,3402,http://localhost:5000/api/product/newProducts/?page=1,15756,0,1017
1717757560485,15755,GetNewProducts,200,OK,Thread Group 5000 1-1047,text,true,,1864,150,3401,3401,http://localhost:5000/api/product/newProducts/?page=1,15755,0,1016
1717757560478,15763,GetNewProducts,200,OK,Thread Group 5000 1-972,text,true,,1864,150,3400,3400,http://localhost:5000/api/product/newProducts/?page=1,15763,0,1023
1717757560487,15754,GetNewProducts,200,OK,Thread Group 5000 1-2228,text,true,,1864,150,3399,3399,http://localhost:5000/api/product/newProducts/?page=1,15754,0,1014
1717757560484,15758,GetNewProducts,200,OK,Thread Group 5000 1-1038,text,true,,1864,150,3398,3398,http://localhost:5000/api/product/newProducts/?page=1,15758,0,1017
1717757560481,15761,GetNewProducts,200,OK,Thread Group 5000 1-1007,text,true,,1864,150,3397,3397,http://localhost:5000/api/product/newProducts/?page=1,15761,0,1020
1717757560479,15764,GetNewProducts,200,OK,Thread Group 5000 1-2122,text,true,,1864,150,3396,3396,http://localhost:5000/api/product/newProducts/?page=1,15764,0,1022
1717757560483,15787,GetNewProducts,200,OK,Thread Group 5000 1-1030,text,true,,1864,150,3395,3395,http://localhost:5000/api/product/newProducts/?page=1,15787,0,1018
1717757560486,15785,GetNewProducts,200,OK,Thread Group 5000 1-1053,text,true,,1864,150,3394,3394,http://localhost:5000/api/product/newProducts/?page=1,15785,0,1015
1717757560486,15786,GetNewProducts,200,OK,Thread Group 5000 1-1050,text,true,,1864,150,3393,3393,http://localhost:5000/api/product/newProducts/?page=1,15786,0,1015
1717757560476,15797,GetNewProducts,200,OK,Thread Group 5000 1-959,text,true,,1864,150,3392,3392,http://localhost:5000/api/product/newProducts/?page=1,15797,0,1025
1717757560478,15796,GetNewProducts,200,OK,Thread Group 5000 1-969,text,true,,1864,150,3391,3391,http://localhost:5000/api/product/newProducts/?page=1,15796,0,1023
1717757560478,15798,GetNewProducts,200,OK,Thread Group 5000 1-971,text,true,,1864,150,3390,3390,http://localhost:5000/api/product/newProducts/?page=1,15798,0,1023
1717757560487,15789,GetNewProducts,200,OK,Thread Group 5000 1-1064,text,true,,1864,150,3389,3389,http://localhost:5000/api/product/newProducts/?page=1,15789,0,1014
1717757560485,15792,GetNewProducts,200,OK,Thread Group 5000 1-2198,text,true,,1864,150,3388,3388,http://localhost:5000/api/product/newProducts/?page=1,15792,0,1016
1717757560479,15823,GetNewProducts,200,OK,Thread Group 5000 1-986,text,true,,1864,150,3387,3387,http://localhost:5000/api/product/newProducts/?page=1,15823,0,1022
1717757560479,15824,GetNewProducts,200,OK,Thread Group 5000 1-981,text,true,,1864,150,3386,3386,http://localhost:5000/api/product/newProducts/?page=1,15824,0,1022
1717757560480,15824,GetNewProducts,200,OK,Thread Group 5000 1-997,text,true,,1864,150,3385,3385,http://localhost:5000/api/product/newProducts/?page=1,15824,0,1021
1717757560488,15816,GetNewProducts,200,OK,Thread Group 5000 1-1067,text,true,,1864,150,3384,3384,http://localhost:5000/api/product/newProducts/?page=1,15816,0,1013
1717757560482,15823,GetNewProducts,200,OK,Thread Group 5000 1-1011,text,true,,1864,150,3383,3383,http://localhost:5000/api/product/newProducts/?page=1,15823,0,1019
1717757560488,15818,GetNewProducts,200,OK,Thread Group 5000 1-1069,text,true,,1864,150,3382,3382,http://localhost:5000/api/product/newProducts/?page=1,15818,0,1013
1717757560480,15826,GetNewProducts,200,OK,Thread Group 5000 1-992,text,true,,1864,150,3381,3381,http://localhost:5000/api/product/newProducts/?page=1,15826,0,1021
1717757560483,15824,GetNewProducts,200,OK,Thread Group 5000 1-1027,text,true,,1864,150,3380,3380,http://localhost:5000/api/product/newProducts/?page=1,15824,0,1018
1717757560488,15820,GetNewProducts,200,OK,Thread Group 5000 1-1072,text,true,,1864,150,3379,3379,http://localhost:5000/api/product/newProducts/?page=1,15820,0,1013
1717757560478,15830,GetNewProducts,200,OK,Thread Group 5000 1-976,text,true,,1864,150,3378,3378,http://localhost:5000/api/product/newProducts/?page=1,15830,0,1023
1717757560482,15827,GetNewProducts,200,OK,Thread Group 5000 1-1012,text,true,,1864,150,3377,3377,http://localhost:5000/api/product/newProducts/?page=1,15827,0,1019
1717757560486,15823,GetNewProducts,200,OK,Thread Group 5000 1-1043,text,true,,1864,150,3376,3376,http://localhost:5000/api/product/newProducts/?page=1,15823,0,1015
1717757560482,15828,GetNewProducts,200,OK,Thread Group 5000 1-1021,text,true,,1864,150,3375,3375,http://localhost:5000/api/product/newProducts/?page=1,15828,0,1019
1717757560482,15828,GetNewProducts,200,OK,Thread Group 5000 1-1015,text,true,,1864,150,3374,3374,http://localhost:5000/api/product/newProducts/?page=1,15828,0,1019
1717757560481,15830,GetNewProducts,200,OK,Thread Group 5000 1-1001,text,true,,1864,150,3373,3373,http://localhost:5000/api/product/newProducts/?page=1,15830,0,1020
1717757560486,15825,GetNewProducts,200,OK,Thread Group 5000 1-1048,text,true,,1864,150,3372,3372,http://localhost:5000/api/product/newProducts/?page=1,15825,0,1015
1717757560487,15825,GetNewProducts,200,OK,Thread Group 5000 1-1062,text,true,,1864,150,3371,3371,http://localhost:5000/api/product/newProducts/?page=1,15825,0,1014
1717757560484,15829,GetNewProducts,200,OK,Thread Group 5000 1-1040,text,true,,1864,150,3370,3370,http://localhost:5000/api/product/newProducts/?page=1,15829,0,1017
1717757560483,15830,GetNewProducts,200,OK,Thread Group 5000 1-1023,text,true,,1864,150,3369,3369,http://localhost:5000/api/product/newProducts/?page=1,15830,0,1018
1717757560480,15836,GetNewProducts,200,OK,Thread Group 5000 1-995,text,true,,1864,150,3368,3368,http://localhost:5000/api/product/newProducts/?page=1,15836,0,1021
1717757560490,15835,GetNewProducts,200,OK,Thread Group 5000 1-2274,text,true,,1864,150,3367,3367,http://localhost:5000/api/product/newProducts/?page=1,15835,0,1011
1717757560483,15843,GetNewProducts,200,OK,Thread Group 5000 1-1022,text,true,,1864,150,3366,3366,http://localhost:5000/api/product/newProducts/?page=1,15843,0,1018
1717757560486,15841,GetNewProducts,200,OK,Thread Group 5000 1-1056,text,true,,1864,150,3365,3365,http://localhost:5000/api/product/newProducts/?page=1,15841,0,1015
1717757560494,15833,GetNewProducts,200,OK,Thread Group 5000 1-1121,text,true,,1864,150,3364,3364,http://localhost:5000/api/product/newProducts/?page=1,15833,0,1007
1717757560476,15852,GetNewProducts,200,OK,Thread Group 5000 1-960,text,true,,1864,150,3363,3363,http://localhost:5000/api/product/newProducts/?page=1,15852,0,1025
1717757560487,15842,GetNewProducts,200,OK,Thread Group 5000 1-1061,text,true,,1864,150,3362,3362,http://localhost:5000/api/product/newProducts/?page=1,15842,0,1014
1717757560492,15838,GetNewProducts,200,OK,Thread Group 5000 1-1101,text,true,,1864,150,3361,3361,http://localhost:5000/api/product/newProducts/?page=1,15838,0,1009
1717757560486,15850,GetNewProducts,200,OK,Thread Group 5000 1-1049,text,true,,1864,150,3360,3360,http://localhost:5000/api/product/newProducts/?page=1,15850,0,1015
1717757560488,15850,GetNewProducts,200,OK,Thread Group 5000 1-1071,text,true,,1864,150,3359,3359,http://localhost:5000/api/product/newProducts/?page=1,15850,0,1013
1717757560488,15852,GetNewProducts,200,OK,Thread Group 5000 1-2240,text,true,,1864,150,3358,3358,http://localhost:5000/api/product/newProducts/?page=1,15852,0,1013
1717757560478,15868,GetNewProducts,200,OK,Thread Group 5000 1-970,text,true,,1864,150,3357,3357,http://localhost:5000/api/product/newProducts/?page=1,15868,0,1023
1717757560497,15850,GetNewProducts,200,OK,Thread Group 5000 1-1149,text,true,,1864,150,3356,3356,http://localhost:5000/api/product/newProducts/?page=1,15850,0,1004
1717757560488,15861,GetNewProducts,200,OK,Thread Group 5000 1-1073,text,true,,1864,150,3355,3355,http://localhost:5000/api/product/newProducts/?page=1,15861,0,1013
1717757560481,15868,GetNewProducts,200,OK,Thread Group 5000 1-2143,text,true,,1864,150,3354,3354,http://localhost:5000/api/product/newProducts/?page=1,15868,0,1020
1717757560491,15859,GetNewProducts,200,OK,Thread Group 5000 1-1094,text,true,,1864,150,3353,3353,http://localhost:5000/api/product/newProducts/?page=1,15859,0,1010
1717757560489,15862,GetNewProducts,200,OK,Thread Group 5000 1-1089,text,true,,1864,150,3352,3352,http://localhost:5000/api/product/newProducts/?page=1,15862,0,1012
1717757560496,15856,GetNewProducts,200,OK,Thread Group 5000 1-2364,text,true,,1864,150,3351,3351,http://localhost:5000/api/product/newProducts/?page=1,15856,0,1005
1717757560479,15874,GetNewProducts,200,OK,Thread Group 5000 1-980,text,true,,1864,150,3350,3350,http://localhost:5000/api/product/newProducts/?page=1,15874,0,1022
1717757560493,15861,GetNewProducts,200,OK,Thread Group 5000 1-476,text,true,,1864,150,3349,3349,http://localhost:5000/api/product/newProducts/?page=1,15861,0,1008
1717757560491,15863,GetNewProducts,200,OK,Thread Group 5000 1-1111,text,true,,1864,150,3348,3348,http://localhost:5000/api/product/newProducts/?page=1,15863,0,1010
1717757560483,15882,GetNewProducts,200,OK,Thread Group 5000 1-1028,text,true,,1864,150,3347,3347,http://localhost:5000/api/product/newProducts/?page=1,15882,0,1018
1717757560486,15881,GetNewProducts,200,OK,Thread Group 5000 1-1051,text,true,,1864,150,3346,3346,http://localhost:5000/api/product/newProducts/?page=1,15881,0,1016
1717757560482,15885,GetNewProducts,200,OK,Thread Group 5000 1-1009,text,true,,1864,150,3345,3345,http://localhost:5000/api/product/newProducts/?page=1,15885,0,1019
1717757560477,15891,GetNewProducts,200,OK,Thread Group 5000 1-967,text,true,,1864,150,3344,3344,http://localhost:5000/api/product/newProducts/?page=1,15891,0,1025
1717757560482,15888,GetNewProducts,200,OK,Thread Group 5000 1-1020,text,true,,1864,150,3343,3343,http://localhost:5000/api/product/newProducts/?page=1,15888,0,1020
1717757560488,15883,GetNewProducts,200,OK,Thread Group 5000 1-1068,text,true,,1864,150,3342,3342,http://localhost:5000/api/product/newProducts/?page=1,15883,0,1014
1717757561047,15325,GetNewProducts,200,OK,Thread Group 5000 1-3287,text,true,,1864,150,3341,3341,http://localhost:5000/api/product/newProducts/?page=1,15325,0,516
1717757561048,15324,GetNewProducts,200,OK,Thread Group 5000 1-3738,text,true,,1864,150,3340,3340,http://localhost:5000/api/product/newProducts/?page=1,15324,0,515
1717757560481,15892,GetNewProducts,200,OK,Thread Group 5000 1-1008,text,true,,1864,150,3339,3339,http://localhost:5000/api/product/newProducts/?page=1,15892,0,1021
1717757561047,15327,GetNewProducts,200,OK,Thread Group 5000 1-3331,text,true,,1864,150,3338,3338,http://localhost:5000/api/product/newProducts/?page=1,15327,0,516
1717757560483,15892,GetNewProducts,200,OK,Thread Group 5000 1-1032,text,true,,1864,150,3337,3337,http://localhost:5000/api/product/newProducts/?page=1,15892,0,1019
1717757560487,15888,GetNewProducts,200,OK,Thread Group 5000 1-1060,text,true,,1864,150,3336,3336,http://localhost:5000/api/product/newProducts/?page=1,15888,0,1015
1717757560484,15892,GetNewProducts,200,OK,Thread Group 5000 1-469,text,true,,1864,150,3335,3335,http://localhost:5000/api/product/newProducts/?page=1,15892,0,1018
1717757561047,15329,GetNewProducts,200,OK,Thread Group 5000 1-3284,text,true,,1864,150,3334,3334,http://localhost:5000/api/product/newProducts/?page=1,15329,0,516
1717757560480,15897,GetNewProducts,200,OK,Thread Group 5000 1-989,text,true,,1864,150,3333,3333,http://localhost:5000/api/product/newProducts/?page=1,15897,0,1022
1717757561047,15330,GetNewProducts,200,OK,Thread Group 5000 1-3311,text,true,,1864,150,3332,3332,http://localhost:5000/api/product/newProducts/?page=1,15330,0,516
1717757561049,15329,GetNewProducts,200,OK,Thread Group 5000 1-4243,text,true,,1864,150,3331,3331,http://localhost:5000/api/product/newProducts/?page=1,15329,0,514
1717757561049,15329,GetNewProducts,200,OK,Thread Group 5000 1-4291,text,true,,1864,150,3330,3330,http://localhost:5000/api/product/newProducts/?page=1,15329,0,514
1717757560539,15839,GetNewProducts,200,OK,Thread Group 5000 1-614,text,true,,1864,150,3329,3329,http://localhost:5000/api/product/newProducts/?page=1,15839,0,1024
1717757561048,15332,GetNewProducts,200,OK,Thread Group 5000 1-3737,text,true,,1864,150,3328,3328,http://localhost:5000/api/product/newProducts/?page=1,15332,0,515
1717757561049,15331,GetNewProducts,200,OK,Thread Group 5000 1-3719,text,true,,1864,150,3327,3327,http://localhost:5000/api/product/newProducts/?page=1,15331,0,514
1717757560539,15842,GetNewProducts,200,OK,Thread Group 5000 1-1408,text,true,,1864,150,3326,3326,http://localhost:5000/api/product/newProducts/?page=1,15842,0,1024
1717757560540,15841,GetNewProducts,200,OK,Thread Group 5000 1-1417,text,true,,1864,150,3325,3325,http://localhost:5000/api/product/newProducts/?page=1,15841,0,1023
1717757561049,15333,GetNewProducts,200,OK,Thread Group 5000 1-3733,text,true,,1864,150,3324,3324,http://localhost:5000/api/product/newProducts/?page=1,15333,0,514
1717757560541,15841,GetNewProducts,200,OK,Thread Group 5000 1-1423,text,true,,1864,150,3323,3323,http://localhost:5000/api/product/newProducts/?page=1,15841,0,1022
1717757560540,15842,GetNewProducts,200,OK,Thread Group 5000 1-1416,text,true,,1864,150,3322,3322,http://localhost:5000/api/product/newProducts/?page=1,15842,0,1023
1717757560543,15840,GetNewProducts,200,OK,Thread Group 5000 1-1443,text,true,,1864,150,3321,3321,http://localhost:5000/api/product/newProducts/?page=1,15840,0,1020
1717757560539,15844,GetNewProducts,200,OK,Thread Group 5000 1-1409,text,true,,1864,150,3320,3320,http://localhost:5000/api/product/newProducts/?page=1,15844,0,1024
1717757560541,15843,GetNewProducts,200,OK,Thread Group 5000 1-1426,text,true,,1864,150,3319,3319,http://localhost:5000/api/product/newProducts/?page=1,15843,0,1022
1717757560543,15841,GetNewProducts,200,OK,Thread Group 5000 1-3069,text,true,,1864,150,3318,3318,http://localhost:5000/api/product/newProducts/?page=1,15841,0,1020
1717757560541,15844,GetNewProducts,200,OK,Thread Group 5000 1-1433,text,true,,1864,150,3317,3317,http://localhost:5000/api/product/newProducts/?page=1,15844,0,1022
1717757561050,15335,GetNewProducts,200,OK,Thread Group 5000 1-3620,text,true,,1864,150,3316,3316,http://localhost:5000/api/product/newProducts/?page=1,15335,0,513
1717757560544,15841,GetNewProducts,200,OK,Thread Group 5000 1-1461,text,true,,1864,150,3315,3315,http://localhost:5000/api/product/newProducts/?page=1,15841,0,1019
1717757560538,15848,GetNewProducts,200,OK,Thread Group 5000 1-1400,text,true,,1864,150,3314,3314,http://localhost:5000/api/product/newProducts/?page=1,15848,0,1025
1717757560541,15846,GetNewProducts,200,OK,Thread Group 5000 1-3040,text,true,,1864,150,3313,3313,http://localhost:5000/api/product/newProducts/?page=1,15846,0,1022
1717757560543,15844,GetNewProducts,200,OK,Thread Group 5000 1-1442,text,true,,1864,150,3312,3312,http://localhost:5000/api/product/newProducts/?page=1,15844,0,1020
1717757560547,15840,GetNewProducts,200,OK,Thread Group 5000 1-3116,text,true,,1864,150,3311,3311,http://localhost:5000/api/product/newProducts/?page=1,15840,0,1016
1717757560549,15839,GetNewProducts,200,OK,Thread Group 5000 1-1510,text,true,,1864,150,3310,3310,http://localhost:5000/api/product/newProducts/?page=1,15839,0,1014
1717757560546,15842,GetNewProducts,200,OK,Thread Group 5000 1-672,text,true,,1864,150,3309,3309,http://localhost:5000/api/product/newProducts/?page=1,15842,0,1017
1717757560546,15843,GetNewProducts,200,OK,Thread Group 5000 1-1471,text,true,,1864,150,3308,3308,http://localhost:5000/api/product/newProducts/?page=1,15843,0,1017
1717757560546,15843,GetNewProducts,200,OK,Thread Group 5000 1-3094,text,true,,1864,150,3307,3307,http://localhost:5000/api/product/newProducts/?page=1,15843,0,1017
1717757560548,15842,GetNewProducts,200,OK,Thread Group 5000 1-1493,text,true,,1864,150,3306,3306,http://localhost:5000/api/product/newProducts/?page=1,15842,0,1015
1717757560544,15847,GetNewProducts,200,OK,Thread Group 5000 1-660,text,true,,1864,150,3305,3305,http://localhost:5000/api/product/newProducts/?page=1,15847,0,1019
1717757560543,15848,GetNewProducts,200,OK,Thread Group 5000 1-3068,text,true,,1864,150,3304,3304,http://localhost:5000/api/product/newProducts/?page=1,15848,0,1020
1717757560547,15845,GetNewProducts,200,OK,Thread Group 5000 1-1484,text,true,,1864,150,3303,3303,http://localhost:5000/api/product/newProducts/?page=1,15845,0,1016
1717757560547,15845,GetNewProducts,200,OK,Thread Group 5000 1-666,text,true,,1864,150,3302,3302,http://localhost:5000/api/product/newProducts/?page=1,15845,0,1016
1717757560546,15846,GetNewProducts,200,OK,Thread Group 5000 1-1477,text,true,,1864,150,3301,3301,http://localhost:5000/api/product/newProducts/?page=1,15846,0,1017
1717757560549,15844,GetNewProducts,200,OK,Thread Group 5000 1-1511,text,true,,1864,150,3300,3300,http://localhost:5000/api/product/newProducts/?page=1,15844,0,1014
1717757561051,15342,GetNewProducts,200,OK,Thread Group 5000 1-3750,text,true,,1864,150,3299,3299,http://localhost:5000/api/product/newProducts/?page=1,15342,0,512
1717757560550,15844,GetNewProducts,200,OK,Thread Group 5000 1-692,text,true,,1864,150,3298,3298,http://localhost:5000/api/product/newProducts/?page=1,15844,0,1013
1717757560548,15846,GetNewProducts,200,OK,Thread Group 5000 1-3140,text,true,,1864,150,3297,3297,http://localhost:5000/api/product/newProducts/?page=1,15846,0,1015
1717757561051,15344,GetNewProducts,200,OK,Thread Group 5000 1-3239,text,true,,1864,150,3296,3296,http://localhost:5000/api/product/newProducts/?page=1,15344,0,512
1717757561050,15346,GetNewProducts,200,OK,Thread Group 5000 1-3238,text,true,,1864,150,3295,3295,http://localhost:5000/api/product/newProducts/?page=1,15346,0,513
1717757560548,15848,GetNewProducts,200,OK,Thread Group 5000 1-1500,text,true,,1864,150,3294,3294,http://localhost:5000/api/product/newProducts/?page=1,15848,0,1015
1717757561052,15345,GetNewProducts,200,OK,Thread Group 5000 1-4131,text,true,,1864,150,3293,3293,http://localhost:5000/api/product/newProducts/?page=1,15345,0,511
1717757560550,15847,GetNewProducts,200,OK,Thread Group 5000 1-1519,text,true,,1864,150,3292,3292,http://localhost:5000/api/product/newProducts/?page=1,15847,0,1013
1717757560550,15848,GetNewProducts,200,OK,Thread Group 5000 1-1522,text,true,,1864,150,3291,3291,http://localhost:5000/api/product/newProducts/?page=1,15848,0,1013
1717757561047,15351,GetNewProducts,200,OK,Thread Group 5000 1-3324,text,true,,1864,150,3290,3290,http://localhost:5000/api/product/newProducts/?page=1,15351,0,516
1717757561052,15346,GetNewProducts,200,OK,Thread Group 5000 1-4294,text,true,,1864,150,3289,3289,http://localhost:5000/api/product/newProducts/?page=1,15346,0,511
1717757561051,15348,GetNewProducts,200,OK,Thread Group 5000 1-4947,text,true,,1864,150,3288,3288,http://localhost:5000/api/product/newProducts/?page=1,15348,0,512
1717757561052,15347,GetNewProducts,200,OK,Thread Group 5000 1-3800,text,true,,1864,150,3287,3287,http://localhost:5000/api/product/newProducts/?page=1,15347,0,511
1717757561052,15348,GetNewProducts,200,OK,Thread Group 5000 1-4313,text,true,,1864,150,3286,3286,http://localhost:5000/api/product/newProducts/?page=1,15348,0,512
1717757561050,15351,GetNewProducts,200,OK,Thread Group 5000 1-1602,text,true,,1864,150,3285,3285,http://localhost:5000/api/product/newProducts/?page=1,15351,0,513
1717757561050,15351,GetNewProducts,200,OK,Thread Group 5000 1-4194,text,true,,1864,150,3284,3284,http://localhost:5000/api/product/newProducts/?page=1,15351,0,513
1717757561054,15348,GetNewProducts,200,OK,Thread Group 5000 1-3935,text,true,,1864,150,3283,3283,http://localhost:5000/api/product/newProducts/?page=1,15348,0,510
1717757561048,15354,GetNewProducts,200,OK,Thread Group 5000 1-3354,text,true,,1864,150,3282,3282,http://localhost:5000/api/product/newProducts/?page=1,15354,0,515
1717757561053,15349,GetNewProducts,200,OK,Thread Group 5000 1-3205,text,true,,1864,150,3281,3281,http://localhost:5000/api/product/newProducts/?page=1,15349,0,511
1717757561056,15347,GetNewProducts,200,OK,Thread Group 5000 1-4063,text,true,,1864,150,3280,3280,http://localhost:5000/api/product/newProducts/?page=1,15347,0,508
1717757561053,15350,GetNewProducts,200,OK,Thread Group 5000 1-4307,text,true,,1864,150,3279,3279,http://localhost:5000/api/product/newProducts/?page=1,15350,0,511
1717757561050,15353,GetNewProducts,200,OK,Thread Group 5000 1-4154,text,true,,1864,150,3278,3278,http://localhost:5000/api/product/newProducts/?page=1,15353,0,513
1717757561051,15353,GetNewProducts,200,OK,Thread Group 5000 1-4158,text,true,,1864,150,3277,3277,http://localhost:5000/api/product/newProducts/?page=1,15353,0,512
1717757561047,15358,GetNewProducts,200,OK,Thread Group 5000 1-3677,text,true,,1864,150,3276,3276,http://localhost:5000/api/product/newProducts/?page=1,15358,0,516
1717757560540,15865,GetNewProducts,200,OK,Thread Group 5000 1-627,text,true,,1864,150,3275,3275,http://localhost:5000/api/product/newProducts/?page=1,15865,0,1023
1717757561051,15355,GetNewProducts,200,OK,Thread Group 5000 1-4295,text,true,,1864,150,3274,3274,http://localhost:5000/api/product/newProducts/?page=1,15355,0,512
1717757561049,15357,GetNewProducts,200,OK,Thread Group 5000 1-4306,text,true,,1864,150,3273,3273,http://localhost:5000/api/product/newProducts/?page=1,15357,0,514
1717757561048,15359,GetNewProducts,200,OK,Thread Group 5000 1-3314,text,true,,1864,150,3272,3272,http://localhost:5000/api/product/newProducts/?page=1,15359,0,515
1717757560539,15868,GetNewProducts,200,OK,Thread Group 5000 1-1407,text,true,,1864,150,3271,3271,http://localhost:5000/api/product/newProducts/?page=1,15868,0,1024
1717757560538,15869,GetNewProducts,200,OK,Thread Group 5000 1-1398,text,true,,1864,150,3270,3270,http://localhost:5000/api/product/newProducts/?page=1,15869,0,1025
1717757561049,15359,GetNewProducts,200,OK,Thread Group 5000 1-3272,text,true,,1864,150,3269,3269,http://localhost:5000/api/product/newProducts/?page=1,15359,0,514
1717757561050,15358,GetNewProducts,200,OK,Thread Group 5000 1-2049,text,true,,1864,150,3268,3268,http://localhost:5000/api/product/newProducts/?page=1,15358,0,513
1717757560540,15869,GetNewProducts,200,OK,Thread Group 5000 1-3017,text,true,,1864,150,3267,3267,http://localhost:5000/api/product/newProducts/?page=1,15869,0,1023
1717757561050,15360,GetNewProducts,200,OK,Thread Group 5000 1-3762,text,true,,1864,150,3266,3266,http://localhost:5000/api/product/newProducts/?page=1,15360,0,513
1717757561053,15357,GetNewProducts,200,OK,Thread Group 5000 1-4062,text,true,,1864,150,3265,3265,http://localhost:5000/api/product/newProducts/?page=1,15357,0,511
1717757560543,15868,GetNewProducts,200,OK,Thread Group 5000 1-642,text,true,,1864,150,3264,3264,http://localhost:5000/api/product/newProducts/?page=1,15868,0,1020
1717757561052,15359,GetNewProducts,200,OK,Thread Group 5000 1-4130,text,true,,1864,150,3263,3263,http://localhost:5000/api/product/newProducts/?page=1,15359,0,511
1717757561051,15361,GetNewProducts,200,OK,Thread Group 5000 1-3742,text,true,,1864,150,3262,3262,http://localhost:5000/api/product/newProducts/?page=1,15361,0,512
1717757560538,15874,GetNewProducts,200,OK,Thread Group 5000 1-611,text,true,,1864,150,3261,3261,http://localhost:5000/api/product/newProducts/?page=1,15874,0,1025
1717757561054,15358,GetNewProducts,200,OK,Thread Group 5000 1-3185,text,true,,1864,150,3260,3260,http://localhost:5000/api/product/newProducts/?page=1,15358,0,510
1717757560540,15873,GetNewProducts,200,OK,Thread Group 5000 1-1414,text,true,,1864,150,3259,3259,http://localhost:5000/api/product/newProducts/?page=1,15873,0,1023
1717757560540,15873,GetNewProducts,200,OK,Thread Group 5000 1-1421,text,true,,1864,150,3258,3258,http://localhost:5000/api/product/newProducts/?page=1,15873,0,1023
1717757560542,15872,GetNewProducts,200,OK,Thread Group 5000 1-1437,text,true,,1864,150,3257,3257,http://localhost:5000/api/product/newProducts/?page=1,15872,0,1021
1717757560539,15876,GetNewProducts,200,OK,Thread Group 5000 1-1406,text,true,,1864,150,3256,3256,http://localhost:5000/api/product/newProducts/?page=1,15876,0,1024
1717757560541,15874,GetNewProducts,200,OK,Thread Group 5000 1-1429,text,true,,1864,150,3255,3255,http://localhost:5000/api/product/newProducts/?page=1,15874,0,1022
1717757560544,15872,GetNewProducts,200,OK,Thread Group 5000 1-1455,text,true,,1864,150,3254,3254,http://localhost:5000/api/product/newProducts/?page=1,15872,0,1019
1717757560545,15871,GetNewProducts,200,OK,Thread Group 5000 1-1466,text,true,,1864,150,3253,3253,http://localhost:5000/api/product/newProducts/?page=1,15871,0,1018
1717757560542,15874,GetNewProducts,200,OK,Thread Group 5000 1-1436,text,true,,1864,150,3252,3252,http://localhost:5000/api/product/newProducts/?page=1,15874,0,1021
1717757561054,15363,GetNewProducts,200,OK,Thread Group 5000 1-4011,text,true,,1864,150,3251,3251,http://localhost:5000/api/product/newProducts/?page=1,15363,0,510
1717757560544,15873,GetNewProducts,200,OK,Thread Group 5000 1-1459,text,true,,1864,150,3250,3250,http://localhost:5000/api/product/newProducts/?page=1,15873,0,1019
1717757560543,15875,GetNewProducts,200,OK,Thread Group 5000 1-1444,text,true,,1864,150,3249,3249,http://localhost:5000/api/product/newProducts/?page=1,15875,0,1020
1717757560548,15870,GetNewProducts,200,OK,Thread Group 5000 1-1497,text,true,,1864,150,3248,3248,http://localhost:5000/api/product/newProducts/?page=1,15870,0,1015
1717757560544,15875,GetNewProducts,200,OK,Thread Group 5000 1-1454,text,true,,1864,150,3247,3247,http://localhost:5000/api/product/newProducts/?page=1,15875,0,1019
1717757560546,15874,GetNewProducts,200,OK,Thread Group 5000 1-1473,text,true,,1864,150,3246,3246,http://localhost:5000/api/product/newProducts/?page=1,15874,0,1017
1717757560541,15879,GetNewProducts,200,OK,Thread Group 5000 1-1428,text,true,,1864,150,3245,3245,http://localhost:5000/api/product/newProducts/?page=1,15879,0,1022
1717757560549,15872,GetNewProducts,200,OK,Thread Group 5000 1-3150,text,true,,1864,150,3244,3244,http://localhost:5000/api/product/newProducts/?page=1,15872,0,1014
1717757560546,15875,GetNewProducts,200,OK,Thread Group 5000 1-3106,text,true,,1864,150,3243,3243,http://localhost:5000/api/product/newProducts/?page=1,15875,0,1017
1717757560547,15875,GetNewProducts,200,OK,Thread Group 5000 1-1488,text,true,,1864,150,3242,3242,http://localhost:5000/api/product/newProducts/?page=1,15875,0,1016
1717757561056,15366,GetNewProducts,200,OK,Thread Group 5000 1-3801,text,true,,1864,150,3241,3241,http://localhost:5000/api/product/newProducts/?page=1,15366,0,508
1717757560551,15872,GetNewProducts,200,OK,Thread Group 5000 1-1535,text,true,,1864,150,3240,3240,http://localhost:5000/api/product/newProducts/?page=1,15872,0,1012
1717757560547,15876,GetNewProducts,200,OK,Thread Group 5000 1-651,text,true,,1864,150,3239,3239,http://localhost:5000/api/product/newProducts/?page=1,15876,0,1016
1717757560547,15876,GetNewProducts,200,OK,Thread Group 5000 1-1480,text,true,,1864,150,3238,3238,http://localhost:5000/api/product/newProducts/?page=1,15876,0,1016
1717757560545,15879,GetNewProducts,200,OK,Thread Group 5000 1-1467,text,true,,1864,150,3237,3237,http://localhost:5000/api/product/newProducts/?page=1,15879,0,1018
1717757560549,15876,GetNewProducts,200,OK,Thread Group 5000 1-3159,text,true,,1864,150,3236,3236,http://localhost:5000/api/product/newProducts/?page=1,15876,0,1014
1717757561053,15372,GetNewProducts,200,OK,Thread Group 5000 1-3191,text,true,,1864,150,3235,3235,http://localhost:5000/api/product/newProducts/?page=1,15372,0,511
1717757560546,15880,GetNewProducts,200,OK,Thread Group 5000 1-3096,text,true,,1864,150,3234,3234,http://localhost:5000/api/product/newProducts/?page=1,15880,0,1017
1717757560551,15875,GetNewProducts,200,OK,Thread Group 5000 1-1526,text,true,,1864,150,3233,3233,http://localhost:5000/api/product/newProducts/?page=1,15875,0,1012
1717757560544,15883,GetNewProducts,200,OK,Thread Group 5000 1-1457,text,true,,1864,150,3232,3232,http://localhost:5000/api/product/newProducts/?page=1,15883,0,1019
1717757560550,15877,GetNewProducts,200,OK,Thread Group 5000 1-1513,text,true,,1864,150,3231,3231,http://localhost:5000/api/product/newProducts/?page=1,15877,0,1014
1717757560549,15879,GetNewProducts,200,OK,Thread Group 5000 1-1503,text,true,,1864,150,3230,3230,http://localhost:5000/api/product/newProducts/?page=1,15879,0,1014
1717757561057,15371,GetNewProducts,200,OK,Thread Group 5000 1-3120,text,true,,1864,150,3229,3229,http://localhost:5000/api/product/newProducts/?page=1,15371,0,507
1717757560551,15878,GetNewProducts,200,OK,Thread Group 5000 1-3188,text,true,,1864,150,3228,3228,http://localhost:5000/api/product/newProducts/?page=1,15878,0,1013
1717757560548,15881,GetNewProducts,200,OK,Thread Group 5000 1-1496,text,true,,1864,150,3227,3227,http://localhost:5000/api/product/newProducts/?page=1,15881,0,1016
1717757561052,15378,GetNewProducts,200,OK,Thread Group 5000 1-3799,text,true,,1864,150,3226,3226,http://localhost:5000/api/product/newProducts/?page=1,15378,0,512
1717757560552,15878,GetNewProducts,200,OK,Thread Group 5000 1-1548,text,true,,1864,150,3225,3225,http://localhost:5000/api/product/newProducts/?page=1,15878,0,1011
1717757560552,15879,GetNewProducts,200,OK,Thread Group 5000 1-1541,text,true,,1864,150,3224,3224,http://localhost:5000/api/product/newProducts/?page=1,15879,0,1012
1717757561058,15373,GetNewProducts,200,OK,Thread Group 5000 1-3815,text,true,,1864,150,3223,3223,http://localhost:5000/api/product/newProducts/?page=1,15373,0,507
1717757560551,15881,GetNewProducts,200,OK,Thread Group 5000 1-1528,text,true,,1864,150,3222,3222,http://localhost:5000/api/product/newProducts/?page=1,15881,0,1013
1717757561051,15381,GetNewProducts,200,OK,Thread Group 5000 1-3263,text,true,,1864,150,3221,3221,http://localhost:5000/api/product/newProducts/?page=1,15381,0,513
1717757561053,15380,GetNewProducts,200,OK,Thread Group 5000 1-4027,text,true,,1864,150,3220,3220,http://localhost:5000/api/product/newProducts/?page=1,15380,0,511
1717757560551,15882,GetNewProducts,200,OK,Thread Group 5000 1-1530,text,true,,1864,150,3219,3219,http://localhost:5000/api/product/newProducts/?page=1,15882,0,1014
1717757560552,15882,GetNewProducts,200,OK,Thread Group 5000 1-1540,text,true,,1864,150,3218,3218,http://localhost:5000/api/product/newProducts/?page=1,15882,0,1012
1717757561054,15380,GetNewProducts,200,OK,Thread Group 5000 1-3171,text,true,,1864,150,3217,3217,http://localhost:5000/api/product/newProducts/?page=1,15380,0,510
1717757561053,15382,GetNewProducts,200,OK,Thread Group 5000 1-4023,text,true,,1864,150,3216,3216,http://localhost:5000/api/product/newProducts/?page=1,15382,0,511
1717757561054,15382,GetNewProducts,200,OK,Thread Group 5000 1-1943,text,true,,1864,150,3215,3215,http://localhost:5000/api/product/newProducts/?page=1,15382,0,510
1717757560550,15886,GetNewProducts,200,OK,Thread Group 5000 1-1523,text,true,,1864,150,3214,3214,http://localhost:5000/api/product/newProducts/?page=1,15886,0,1014
1717757560551,15889,GetNewProducts,200,OK,Thread Group 5000 1-1536,text,true,,1864,150,3213,3213,http://localhost:5000/api/product/newProducts/?page=1,15889,0,1014
1717757560553,15887,GetNewProducts,200,OK,Thread Group 5000 1-1552,text,true,,1864,150,3212,3212,http://localhost:5000/api/product/newProducts/?page=1,15887,0,1012
1717757560552,15888,GetNewProducts,200,OK,Thread Group 5000 1-1545,text,true,,1864,150,3211,3211,http://localhost:5000/api/product/newProducts/?page=1,15888,0,1013
1717757561059,15382,GetNewProducts,200,OK,Thread Group 5000 1-3829,text,true,,1864,150,3210,3210,http://localhost:5000/api/product/newProducts/?page=1,15382,0,506
1717757561061,15380,GetNewProducts,200,OK,Thread Group 5000 1-3845,text,true,,1864,150,3209,3209,http://localhost:5000/api/product/newProducts/?page=1,15380,0,504
1717757561057,15385,GetNewProducts,200,OK,Thread Group 5000 1-3156,text,true,,1864,150,3208,3208,http://localhost:5000/api/product/newProducts/?page=1,15385,0,507
1717757561061,15381,GetNewProducts,200,OK,Thread Group 5000 1-3630,text,true,,1864,150,3207,3207,http://localhost:5000/api/product/newProducts/?page=1,15381,0,504
1717757560552,15891,GetNewProducts,200,OK,Thread Group 5000 1-1549,text,true,,1864,150,3206,3206,http://localhost:5000/api/product/newProducts/?page=1,15891,0,1012
1717757561060,15383,GetNewProducts,200,OK,Thread Group 5000 1-3942,text,true,,1864,150,3205,3205,http://localhost:5000/api/product/newProducts/?page=1,15383,0,505
1717757561060,15384,GetNewProducts,200,OK,Thread Group 5000 1-3440,text,true,,1864,150,3204,3204,http://localhost:5000/api/product/newProducts/?page=1,15384,0,505
1717757560554,15890,GetNewProducts,200,OK,Thread Group 5000 1-1569,text,true,,1864,150,3203,3203,http://localhost:5000/api/product/newProducts/?page=1,15890,0,1011
1717757561062,15383,GetNewProducts,200,OK,Thread Group 5000 1-4938,text,true,,1864,150,3202,3202,http://localhost:5000/api/product/newProducts/?page=1,15383,0,503
1717757561058,15387,GetNewProducts,200,OK,Thread Group 5000 1-3493,text,true,,1864,150,3201,3201,http://localhost:5000/api/product/newProducts/?page=1,15387,0,507
1717757561060,15386,GetNewProducts,200,OK,Thread Group 5000 1-3838,text,true,,1864,150,3200,3200,http://localhost:5000/api/product/newProducts/?page=1,15386,0,505
1717757561057,15389,GetNewProducts,200,OK,Thread Group 5000 1-1512,text,true,,1864,150,3199,3199,http://localhost:5000/api/product/newProducts/?page=1,15389,0,508
1717757561061,15386,GetNewProducts,200,OK,Thread Group 5000 1-3639,text,true,,1864,150,3198,3198,http://localhost:5000/api/product/newProducts/?page=1,15386,0,504
1717757561056,15391,GetNewProducts,200,OK,Thread Group 5000 1-3807,text,true,,1864,150,3197,3197,http://localhost:5000/api/product/newProducts/?page=1,15391,0,508
1717757561057,15391,GetNewProducts,200,OK,Thread Group 5000 1-3336,text,true,,1864,150,3196,3196,http://localhost:5000/api/product/newProducts/?page=1,15391,0,508
1717757560539,15909,GetNewProducts,200,OK,Thread Group 5000 1-1410,text,true,,1864,150,3195,3195,http://localhost:5000/api/product/newProducts/?page=1,15909,0,1027
1717757561062,15387,GetNewProducts,200,OK,Thread Group 5000 1-3109,text,true,,1864,150,3194,3194,http://localhost:5000/api/product/newProducts/?page=1,15387,0,503
1717757561055,15394,GetNewProducts,200,OK,Thread Group 5000 1-3835,text,true,,1864,150,3193,3193,http://localhost:5000/api/product/newProducts/?page=1,15394,0,509
1717757560556,15894,GetNewProducts,200,OK,Thread Group 5000 1-1577,text,true,,1864,150,3192,3192,http://localhost:5000/api/product/newProducts/?page=1,15894,0,1009
1717757560553,15897,GetNewProducts,200,OK,Thread Group 5000 1-1557,text,true,,1864,150,3191,3191,http://localhost:5000/api/product/newProducts/?page=1,15897,0,1011
1717757560553,15898,GetNewProducts,200,OK,Thread Group 5000 1-3220,text,true,,1864,150,3190,3190,http://localhost:5000/api/product/newProducts/?page=1,15898,0,1012
1717757560542,15909,GetNewProducts,200,OK,Thread Group 5000 1-1434,text,true,,1864,150,3189,3189,http://localhost:5000/api/product/newProducts/?page=1,15909,0,1024
1717757561048,15404,GetNewProducts,200,OK,Thread Group 5000 1-3327,text,true,,1864,150,3188,3188,http://localhost:5000/api/product/newProducts/?page=1,15404,0,518
1717757561053,15400,GetNewProducts,200,OK,Thread Group 5000 1-1547,text,true,,1864,150,3187,3187,http://localhost:5000/api/product/newProducts/?page=1,15400,0,511
1717757561059,15394,GetNewProducts,200,OK,Thread Group 5000 1-3457,text,true,,1864,150,3186,3186,http://localhost:5000/api/product/newProducts/?page=1,15394,0,506
1717757561056,15397,GetNewProducts,200,OK,Thread Group 5000 1-3831,text,true,,1864,150,3185,3185,http://localhost:5000/api/product/newProducts/?page=1,15397,0,509
1717757560543,15911,GetNewProducts,200,OK,Thread Group 5000 1-1448,text,true,,1864,150,3184,3184,http://localhost:5000/api/product/newProducts/?page=1,15911,0,1023
1717757561056,15466,GetNewProducts,200,OK,Thread Group 5000 1-3798,text,true,,1864,150,3183,3183,http://localhost:5000/api/product/newProducts/?page=1,15466,0,511
1717757561055,15466,GetNewProducts,200,OK,Thread Group 5000 1-3834,text,true,,1864,150,3183,3183,http://localhost:5000/api/product/newProducts/?page=1,15466,0,512
1717757561051,15470,GetNewProducts,200,OK,Thread Group 5000 1-3747,text,true,,1864,150,3183,3183,http://localhost:5000/api/product/newProducts/?page=1,15470,0,516
1717757561053,15467,GetNewProducts,200,OK,Thread Group 5000 1-3190,text,true,,1864,150,3183,3183,http://localhost:5000/api/product/newProducts/?page=1,15467,0,514
1717757561061,15459,GetNewProducts,200,OK,Thread Group 5000 1-3651,text,true,,1864,150,3183,3183,http://localhost:5000/api/product/newProducts/?page=1,15459,0,506
1717757560540,15980,GetNewProducts,200,OK,Thread Group 5000 1-1413,text,true,,1864,150,3183,3183,http://localhost:5000/api/product/newProducts/?page=1,15980,0,1026
1717757561059,15460,GetNewProducts,200,OK,Thread Group 5000 1-3824,text,true,,1864,150,3183,3183,http://localhost:5000/api/product/newProducts/?page=1,15460,0,507
1717757560542,15977,GetNewProducts,200,OK,Thread Group 5000 1-1439,text,true,,1864,150,3183,3183,http://localhost:5000/api/product/newProducts/?page=1,15977,0,1024
1717757560543,15975,GetNewProducts,200,OK,Thread Group 5000 1-1452,text,true,,1864,150,3183,3183,http://localhost:5000/api/product/newProducts/?page=1,15975,0,1024
1717757561052,15470,GetNewProducts,200,OK,Thread Group 5000 1-3817,text,true,,1864,150,3183,3183,http://localhost:5000/api/product/newProducts/?page=1,15470,0,515
1717757561058,15460,GetNewProducts,200,OK,Thread Group 5000 1-3281,text,true,,1864,150,3183,3183,http://localhost:5000/api/product/newProducts/?page=1,15460,0,508
1717757560547,15971,GetNewProducts,200,OK,Thread Group 5000 1-3124,text,true,,1864,150,3183,3183,http://localhost:5000/api/product/newProducts/?page=1,15971,0,1020
1717757560556,15961,GetNewProducts,200,OK,Thread Group 5000 1-1584,text,true,,1864,150,3183,3183,http://localhost:5000/api/product/newProducts/?page=1,15961,0,1010
1717757560547,15970,GetNewProducts,200,OK,Thread Group 5000 1-3111,text,true,,1864,150,3183,3183,http://localhost:5000/api/product/newProducts/?page=1,15970,0,1020
1717757560545,15972,GetNewProducts,200,OK,Thread Group 5000 1-640,text,true,,1864,150,3183,3183,http://localhost:5000/api/product/newProducts/?page=1,15972,0,1022
1717757560551,15965,GetNewProducts,200,OK,Thread Group 5000 1-1534,text,true,,1864,150,3183,3183,http://localhost:5000/api/product/newProducts/?page=1,15965,0,1015
1717757560552,15964,GetNewProducts,200,OK,Thread Group 5000 1-1550,text,true,,1864,150,3183,3183,http://localhost:5000/api/product/newProducts/?page=1,15964,0,1014
1717757560555,15960,GetNewProducts,200,OK,Thread Group 5000 1-1572,text,true,,1864,150,3183,3183,http://localhost:5000/api/product/newProducts/?page=1,15960,0,1011
1717757560538,15977,GetNewProducts,200,OK,Thread Group 5000 1-602,text,true,,1864,150,3183,3183,http://localhost:5000/api/product/newProducts/?page=1,15977,0,1028
1717757560553,15961,GetNewProducts,200,OK,Thread Group 5000 1-722,text,true,,1864,150,3183,3183,http://localhost:5000/api/product/newProducts/?page=1,15961,0,1013
1717757561049,15465,GetNewProducts,200,OK,Thread Group 5000 1-3289,text,true,,1864,150,3183,3183,http://localhost:5000/api/product/newProducts/?page=1,15465,0,517
1717757561062,15451,GetNewProducts,200,OK,Thread Group 5000 1-4508,text,true,,1864,150,3183,3183,http://localhost:5000/api/product/newProducts/?page=1,15451,0,504
1717757561058,15455,GetNewProducts,200,OK,Thread Group 5000 1-3119,text,true,,1864,150,3183,3183,http://localhost:5000/api/product/newProducts/?page=1,15455,0,508
1717757561048,15465,GetNewProducts,200,OK,Thread Group 5000 1-4351,text,true,,1864,150,3183,3183,http://localhost:5000/api/product/newProducts/?page=1,15465,0,518
1717757561057,15455,GetNewProducts,200,OK,Thread Group 5000 1-4337,text,true,,1864,150,3183,3183,http://localhost:5000/api/product/newProducts/?page=1,15455,0,509
1717757561051,15461,GetNewProducts,200,OK,Thread Group 5000 1-4155,text,true,,1864,150,3183,3183,http://localhost:5000/api/product/newProducts/?page=1,15461,0,515
1717757561059,15453,GetNewProducts,200,OK,Thread Group 5000 1-3770,text,true,,1864,150,3183,3183,http://localhost:5000/api/product/newProducts/?page=1,15453,0,507
1717757561060,15451,GetNewProducts,200,OK,Thread Group 5000 1-4465,text,true,,1864,150,3183,3183,http://localhost:5000/api/product/newProducts/?page=1,15451,0,506
1717757561053,15458,GetNewProducts,200,OK,Thread Group 5000 1-4358,text,true,,1864,150,3183,3183,http://localhost:5000/api/product/newProducts/?page=1,15458,0,513
1717757561054,15457,GetNewProducts,200,OK,Thread Group 5000 1-3843,text,true,,1864,150,3183,3183,http://localhost:5000/api/product/newProducts/?page=1,15457,0,512
1717757561054,15456,GetNewProducts,200,OK,Thread Group 5000 1-3927,text,true,,1864,150,3183,3183,http://localhost:5000/api/product/newProducts/?page=1,15456,0,512
1717757561050,15460,GetNewProducts,200,OK,Thread Group 5000 1-4298,text,true,,1864,150,3183,3183,http://localhost:5000/api/product/newProducts/?page=1,15460,0,516
1717757561053,15456,GetNewProducts,200,OK,Thread Group 5000 1-3784,text,true,,1864,150,3183,3183,http://localhost:5000/api/product/newProducts/?page=1,15456,0,513
1717757561050,15459,GetNewProducts,200,OK,Thread Group 5000 1-3759,text,true,,1864,150,3183,3183,http://localhost:5000/api/product/newProducts/?page=1,15459,0,516
1717757561057,15452,GetNewProducts,200,OK,Thread Group 5000 1-3128,text,true,,1864,150,3183,3183,http://localhost:5000/api/product/newProducts/?page=1,15452,0,509
1717757560548,15960,GetNewProducts,200,OK,Thread Group 5000 1-1499,text,true,,1864,150,3183,3183,http://localhost:5000/api/product/newProducts/?page=1,15960,0,1018
1717757561050,15458,GetNewProducts,200,OK,Thread Group 5000 1-3244,text,true,,1864,150,3183,3183,http://localhost:5000/api/product/newProducts/?page=1,15458,0,516
1717757561051,15457,GetNewProducts,200,OK,Thread Group 5000 1-3741,text,true,,1864,150,3183,3183,http://localhost:5000/api/product/newProducts/?page=1,15457,0,515
1717757560546,15961,GetNewProducts,200,OK,Thread Group 5000 1-1474,text,true,,1864,150,3183,3183,http://localhost:5000/api/product/newProducts/?page=1,15961,0,1020
1717757561050,15457,GetNewProducts,200,OK,Thread Group 5000 1-3257,text,true,,1864,150,3183,3183,http://localhost:5000/api/product/newProducts/?page=1,15457,0,516
1717757560549,15958,GetNewProducts,200,OK,Thread Group 5000 1-1515,text,true,,1864,150,3183,3183,http://localhost:5000/api/product/newProducts/?page=1,15958,0,1017
1717757560546,15960,GetNewProducts,200,OK,Thread Group 5000 1-1475,text,true,,1864,150,3183,3183,http://localhost:5000/api/product/newProducts/?page=1,15960,0,1020
1717757560544,15962,GetNewProducts,200,OK,Thread Group 5000 1-632,text,true,,1864,150,3183,3183,http://localhost:5000/api/product/newProducts/?page=1,15962,0,1022
1717757560549,15957,GetNewProducts,200,OK,Thread Group 5000 1-1514,text,true,,1864,150,3183,3183,http://localhost:5000/api/product/newProducts/?page=1,15957,0,1017
1717757560544,15961,GetNewProducts,200,OK,Thread Group 5000 1-1456,text,true,,1864,150,3183,3183,http://localhost:5000/api/product/newProducts/?page=1,15961,0,1022
1717757560541,15964,GetNewProducts,200,OK,Thread Group 5000 1-1430,text,true,,1864,150,3183,3183,http://localhost:5000/api/product/newProducts/?page=1,15964,0,1025
1717757560548,15956,GetNewProducts,200,OK,Thread Group 5000 1-1498,text,true,,1864,150,3183,3183,http://localhost:5000/api/product/newProducts/?page=1,15956,0,1018
1717757560543,15961,GetNewProducts,200,OK,Thread Group 5000 1-1447,text,true,,1864,150,3183,3183,http://localhost:5000/api/product/newProducts/?page=1,15961,0,1023
1717757560541,15962,GetNewProducts,200,OK,Thread Group 5000 1-1422,text,true,,1864,150,3183,3183,http://localhost:5000/api/product/newProducts/?page=1,15962,0,1025
1717757560541,15962,GetNewProducts,200,OK,Thread Group 5000 1-1432,text,true,,1864,150,3183,3183,http://localhost:5000/api/product/newProducts/?page=1,15962,0,1025
1717757560539,15963,GetNewProducts,200,OK,Thread Group 5000 1-3012,text,true,,1864,150,3183,3183,http://localhost:5000/api/product/newProducts/?page=1,15963,0,1027
1717757560539,15963,GetNewProducts,200,OK,Thread Group 5000 1-1405,text,true,,1864,150,3183,3183,http://localhost:5000/api/product/newProducts/?page=1,15963,0,1027
1717757560543,15959,GetNewProducts,200,OK,Thread Group 5000 1-1446,text,true,,1864,150,3183,3183,http://localhost:5000/api/product/newProducts/?page=1,15959,0,1023
1717757560541,15960,GetNewProducts,200,OK,Thread Group 5000 1-1424,text,true,,1864,150,3183,3183,http://localhost:5000/api/product/newProducts/?page=1,15960,0,1025
1717757561060,15441,GetNewProducts,200,OK,Thread Group 5000 1-3707,text,true,,1864,150,3183,3183,http://localhost:5000/api/product/newProducts/?page=1,15441,0,506
1717757561058,15442,GetNewProducts,200,OK,Thread Group 5000 1-3301,text,true,,1864,150,3183,3183,http://localhost:5000/api/product/newProducts/?page=1,15442,0,508
1717757561048,15452,GetNewProducts,200,OK,Thread Group 5000 1-4290,text,true,,1864,150,3183,3183,http://localhost:5000/api/product/newProducts/?page=1,15452,0,518
1717757561059,15441,GetNewProducts,200,OK,Thread Group 5000 1-3795,text,true,,1864,150,3183,3183,http://localhost:5000/api/product/newProducts/?page=1,15441,0,507
1717757561048,15451,GetNewProducts,200,OK,Thread Group 5000 1-4338,text,true,,1864,150,3183,3183,http://localhost:5000/api/product/newProducts/?page=1,15451,0,518
1717757561056,15443,GetNewProducts,200,OK,Thread Group 5000 1-3211,text,true,,1864,150,3183,3183,http://localhost:5000/api/product/newProducts/?page=1,15443,0,511
1717757561060,15439,GetNewProducts,200,OK,Thread Group 5000 1-3861,text,true,,1864,150,3183,3183,http://localhost:5000/api/product/newProducts/?page=1,15439,0,507
1717757561049,15449,GetNewProducts,200,OK,Thread Group 5000 1-1626,text,true,,1864,150,3183,3183,http://localhost:5000/api/product/newProducts/?page=1,15449,0,518
1717757561052,15446,GetNewProducts,200,OK,Thread Group 5000 1-3207,text,true,,1864,150,3183,3183,http://localhost:5000/api/product/newProducts/?page=1,15446,0,515
1717757561061,15437,GetNewProducts,200,OK,Thread Group 5000 1-4072,text,true,,1864,150,3183,3183,http://localhost:5000/api/product/newProducts/?page=1,15437,0,505
1717757561055,15442,GetNewProducts,200,OK,Thread Group 5000 1-3915,text,true,,1864,150,3183,3183,http://localhost:5000/api/product/newProducts/?page=1,15442,0,512
1717757561053,15444,GetNewProducts,200,OK,Thread Group 5000 1-4054,text,true,,1864,150,3183,3183,http://localhost:5000/api/product/newProducts/?page=1,15444,0,514
1717757560548,15948,GetNewProducts,200,OK,Thread Group 5000 1-670,text,true,,1864,150,3183,3183,http://localhost:5000/api/product/newProducts/?page=1,15948,0,1019
1717757561059,15437,GetNewProducts,200,OK,Thread Group 5000 1-3821,text,true,,1864,150,3183,3183,http://localhost:5000/api/product/newProducts/?page=1,15437,0,508
1717757561057,15439,GetNewProducts,200,OK,Thread Group 5000 1-3123,text,true,,1864,150,3183,3183,http://localhost:5000/api/product/newProducts/?page=1,15439,0,510
1717757560550,15945,GetNewProducts,200,OK,Thread Group 5000 1-3170,text,true,,1864,150,3183,3183,http://localhost:5000/api/product/newProducts/?page=1,15945,0,1017
1717757560542,15952,GetNewProducts,200,OK,Thread Group 5000 1-1435,text,true,,1864,150,3183,3183,http://localhost:5000/api/product/newProducts/?page=1,15952,0,1025
1717757561051,15443,GetNewProducts,200,OK,Thread Group 5000 1-3739,text,true,,1864,150,3183,3183,http://localhost:5000/api/product/newProducts/?page=1,15443,0,516
1717757561055,15439,GetNewProducts,200,OK,Thread Group 5000 1-3810,text,true,,1864,150,3183,3183,http://localhost:5000/api/product/newProducts/?page=1,15439,0,511
1717757560545,15948,GetNewProducts,200,OK,Thread Group 5000 1-648,text,true,,1864,150,3183,3183,http://localhost:5000/api/product/newProducts/?page=1,15948,0,1022
1717757560549,15944,GetNewProducts,200,OK,Thread Group 5000 1-1509,text,true,,1864,150,3183,3183,http://localhost:5000/api/product/newProducts/?page=1,15944,0,1018
1717757561056,15436,GetNewProducts,200,OK,Thread Group 5000 1-3158,text,true,,1864,150,3183,3183,http://localhost:5000/api/product/newProducts/?page=1,15436,0,510
1717757560547,15945,GetNewProducts,200,OK,Thread Group 5000 1-1486,text,true,,1864,150,3183,3183,http://localhost:5000/api/product/newProducts/?page=1,15945,0,1020
1717757560539,15952,GetNewProducts,200,OK,Thread Group 5000 1-1411,text,true,,1864,150,3183,3183,http://localhost:5000/api/product/newProducts/?page=1,15952,0,1027
1717757560543,15949,GetNewProducts,200,OK,Thread Group 5000 1-1445,text,true,,1864,150,3183,3183,http://localhost:5000/api/product/newProducts/?page=1,15949,0,1024
1717757561052,15439,GetNewProducts,200,OK,Thread Group 5000 1-4103,text,true,,1864,150,3183,3183,http://localhost:5000/api/product/newProducts/?page=1,15439,0,514
1717757560547,15944,GetNewProducts,200,OK,Thread Group 5000 1-1483,text,true,,1864,150,3183,3183,http://localhost:5000/api/product/newProducts/?page=1,15944,0,1019
1717757560544,15946,GetNewProducts,200,OK,Thread Group 5000 1-1464,text,true,,1864,150,3183,3183,http://localhost:5000/api/product/newProducts/?page=1,15946,0,1022
1717757560549,15941,GetNewProducts,200,OK,Thread Group 5000 1-1504,text,true,,1864,150,3183,3183,http://localhost:5000/api/product/newProducts/?page=1,15941,0,1017
1717757561053,15436,GetNewProducts,200,OK,Thread Group 5000 1-4042,text,true,,1864,150,3183,3183,http://localhost:5000/api/product/newProducts/?page=1,15436,0,513
1717757560547,15942,GetNewProducts,200,OK,Thread Group 5000 1-360,text,true,,1864,150,3183,3183,http://localhost:5000/api/product/newProducts/?page=1,15942,0,1019
1717757561061,15428,GetNewProducts,200,OK,Thread Group 5000 1-3385,text,true,,1864,150,3183,3183,http://localhost:5000/api/product/newProducts/?page=1,15428,0,505
1717757561051,15437,GetNewProducts,200,OK,Thread Group 5000 1-4166,text,true,,1864,150,3183,3183,http://localhost:5000/api/product/newProducts/?page=1,15437,0,515
1717757560543,15945,GetNewProducts,200,OK,Thread Group 5000 1-620,text,true,,1864,150,3183,3183,http://localhost:5000/api/product/newProducts/?page=1,15945,0,1023
1717757561048,15440,GetNewProducts,200,OK,Thread Group 5000 1-3712,text,true,,1864,150,3183,3183,http://localhost:5000/api/product/newProducts/?page=1,15440,0,518
1717757561062,15425,GetNewProducts,200,OK,Thread Group 5000 1-3104,text,true,,1864,150,3183,3183,http://localhost:5000/api/product/newProducts/?page=1,15425,0,504
1717757560542,15945,GetNewProducts,200,OK,Thread Group 5000 1-1438,text,true,,1864,150,3183,3183,http://localhost:5000/api/product/newProducts/?page=1,15945,0,1024
1717757561052,15434,GetNewProducts,200,OK,Thread Group 5000 1-4334,text,true,,1864,150,3183,3183,http://localhost:5000/api/product/newProducts/?page=1,15434,0,514
1717757561058,15429,GetNewProducts,200,OK,Thread Group 5000 1-3899,text,true,,1864,150,3183,3183,http://localhost:5000/api/product/newProducts/?page=1,15429,0,508
1717757561052,15434,GetNewProducts,200,OK,Thread Group 5000 1-4203,text,true,,1864,150,3183,3183,http://localhost:5000/api/product/newProducts/?page=1,15434,0,514
1717757561057,15428,GetNewProducts,200,OK,Thread Group 5000 1-1495,text,true,,1864,150,3183,3183,http://localhost:5000/api/product/newProducts/?page=1,15428,0,509
1717757561059,15427,GetNewProducts,200,OK,Thread Group 5000 1-3836,text,true,,1864,150,3183,3183,http://localhost:5000/api/product/newProducts/?page=1,15427,0,507
1717757561054,15430,GetNewProducts,200,OK,Thread Group 5000 1-3781,text,true,,1864,150,3183,3183,http://localhost:5000/api/product/newProducts/?page=1,15430,0,512
1717757561057,15427,GetNewProducts,200,OK,Thread Group 5000 1-3237,text,true,,1864,150,3183,3183,http://localhost:5000/api/product/newProducts/?page=1,15427,0,509
1717757560540,15943,GetNewProducts,200,OK,Thread Group 5000 1-1415,text,true,,1864,150,3183,3183,http://localhost:5000/api/product/newProducts/?page=1,15943,0,1026
1717757561061,15422,GetNewProducts,200,OK,Thread Group 5000 1-3870,text,true,,1864,150,3183,3183,http://localhost:5000/api/product/newProducts/?page=1,15422,0,505
1717757561061,15421,GetNewProducts,200,OK,Thread Group 5000 1-1766,text,true,,1864,150,3183,3183,http://localhost:5000/api/product/newProducts/?page=1,15421,0,504
1717757561059,15423,GetNewProducts,200,OK,Thread Group 5000 1-3832,text,true,,1864,150,3183,3183,http://localhost:5000/api/product/newProducts/?page=1,15423,0,507
1717757561049,15433,GetNewProducts,200,OK,Thread Group 5000 1-4934,text,true,,1864,150,3183,3183,http://localhost:5000/api/product/newProducts/?page=1,15433,0,516
1717757560538,15943,GetNewProducts,200,OK,Thread Group 5000 1-1397,text,true,,1864,150,3183,3183,http://localhost:5000/api/product/newProducts/?page=1,15943,0,1028
1717757561050,15431,GetNewProducts,200,OK,Thread Group 5000 1-4167,text,true,,1864,150,3183,3183,http://localhost:5000/api/product/newProducts/?page=1,15431,0,516
1717757561058,15423,GetNewProducts,200,OK,Thread Group 5000 1-3268,text,true,,1864,150,3183,3183,http://localhost:5000/api/product/newProducts/?page=1,15423,0,508
1717757561051,15429,GetNewProducts,200,OK,Thread Group 5000 1-3243,text,true,,1864,150,3183,3183,http://localhost:5000/api/product/newProducts/?page=1,15429,0,515
1717757561051,15429,GetNewProducts,200,OK,Thread Group 5000 1-4127,text,true,,1864,150,3183,3183,http://localhost:5000/api/product/newProducts/?page=1,15429,0,515
1717757561050,15429,GetNewProducts,200,OK,Thread Group 5000 1-4263,text,true,,1864,150,3183,3183,http://localhost:5000/api/product/newProducts/?page=1,15429,0,516
1717757561054,15425,GetNewProducts,200,OK,Thread Group 5000 1-3187,text,true,,1864,150,3183,3183,http://localhost:5000/api/product/newProducts/?page=1,15425,0,512
1717757561052,15427,GetNewProducts,200,OK,Thread Group 5000 1-3206,text,true,,1864,150,3183,3183,http://localhost:5000/api/product/newProducts/?page=1,15427,0,514
1717757561047,15431,GetNewProducts,200,OK,Thread Group 5000 1-3279,text,true,,1864,150,3183,3183,http://localhost:5000/api/product/newProducts/?page=1,15431,0,518
1717757561062,15416,GetNewProducts,200,OK,Thread Group 5000 1-3671,text,true,,1864,150,3183,3183,http://localhost:5000/api/product/newProducts/?page=1,15416,0,503
1717757561059,15419,GetNewProducts,200,OK,Thread Group 5000 1-4389,text,true,,1864,150,3183,3183,http://localhost:5000/api/product/newProducts/?page=1,15419,0,506
1717757561060,15417,GetNewProducts,200,OK,Thread Group 5000 1-1700,text,true,,1864,150,3183,3183,http://localhost:5000/api/product/newProducts/?page=1,15417,0,505
1717757561051,15426,GetNewProducts,200,OK,Thread Group 5000 1-4254,text,true,,1864,150,3183,3183,http://localhost:5000/api/product/newProducts/?page=1,15426,0,515
1717757561058,15418,GetNewProducts,200,OK,Thread Group 5000 1-3167,text,true,,1864,150,3183,3183,http://localhost:5000/api/product/newProducts/?page=1,15418,0,507
1717757560549,15976,GetNewProducts,200,OK,Thread Group 5000 1-1507,text,true,,1864,150,3112,3112,http://localhost:5000/api/product/newProducts/?page=1,15976,0,1018
1717757560550,15926,GetNewProducts,200,OK,Thread Group 5000 1-3164,text,true,,1864,150,3183,3183,http://localhost:5000/api/product/newProducts/?page=1,15926,0,1016
1717757560549,15927,GetNewProducts,200,OK,Thread Group 5000 1-1505,text,true,,1864,150,3183,3183,http://localhost:5000/api/product/newProducts/?page=1,15927,0,1017
1717757561060,15414,GetNewProducts,200,OK,Thread Group 5000 1-4931,text,true,,1864,150,3183,3183,http://localhost:5000/api/product/newProducts/?page=1,15414,0,505
1717757561056,15418,GetNewProducts,200,OK,Thread Group 5000 1-3222,text,true,,1864,150,3183,3183,http://localhost:5000/api/product/newProducts/?page=1,15418,0,509
1717757560546,15927,GetNewProducts,200,OK,Thread Group 5000 1-1476,text,true,,1864,150,3183,3183,http://localhost:5000/api/product/newProducts/?page=1,15927,0,1020
1717757561059,15413,GetNewProducts,200,OK,Thread Group 5000 1-3947,text,true,,1864,150,3183,3183,http://localhost:5000/api/product/newProducts/?page=1,15413,0,506
1717757560550,15922,GetNewProducts,200,OK,Thread Group 5000 1-1517,text,true,,1864,150,3183,3183,http://localhost:5000/api/product/newProducts/?page=1,15922,0,1016
1717757560548,15923,GetNewProducts,200,OK,Thread Group 5000 1-1501,text,true,,1864,150,3183,3183,http://localhost:5000/api/product/newProducts/?page=1,15923,0,1018
1717757560546,15925,GetNewProducts,200,OK,Thread Group 5000 1-673,text,true,,1864,150,3183,3183,http://localhost:5000/api/product/newProducts/?page=1,15925,0,1020
1717757561055,15416,GetNewProducts,200,OK,Thread Group 5000 1-4340,text,true,,1864,150,3183,3183,http://localhost:5000/api/product/newProducts/?page=1,15416,0,510
1717757560542,15928,GetNewProducts,200,OK,Thread Group 5000 1-1441,text,true,,1864,150,3183,3183,http://localhost:5000/api/product/newProducts/?page=1,15928,0,1024
1717757560544,15926,GetNewProducts,200,OK,Thread Group 5000 1-636,text,true,,1864,150,3183,3183,http://localhost:5000/api/product/newProducts/?page=1,15926,0,1022
1717757560541,15928,GetNewProducts,200,OK,Thread Group 5000 1-1427,text,true,,1864,150,3183,3183,http://localhost:5000/api/product/newProducts/?page=1,15928,0,1025
1717757560541,15928,GetNewProducts,200,OK,Thread Group 5000 1-1425,text,true,,1864,150,3183,3183,http://localhost:5000/api/product/newProducts/?page=1,15928,0,1025
1717757560544,15925,GetNewProducts,200,OK,Thread Group 5000 1-1460,text,true,,1864,150,3183,3183,http://localhost:5000/api/product/newProducts/?page=1,15925,0,1022
1717757561063,15405,GetNewProducts,200,OK,Thread Group 5000 1-3944,text,true,,1864,150,3183,3183,http://localhost:5000/api/product/newProducts/?page=1,15405,0,503
1717757561058,15410,GetNewProducts,200,OK,Thread Group 5000 1-4376,text,true,,1864,150,3183,3183,http://localhost:5000/api/product/newProducts/?page=1,15410,0,507
1717757560542,15926,GetNewProducts,200,OK,Thread Group 5000 1-1440,text,true,,1864,150,3183,3183,http://localhost:5000/api/product/newProducts/?page=1,15926,0,1024
1717757560540,15927,GetNewProducts,200,OK,Thread Group 5000 1-1418,text,true,,1864,150,3183,3183,http://localhost:5000/api/product/newProducts/?page=1,15927,0,1026
1717757561048,15419,GetNewProducts,200,OK,Thread Group 5000 1-3734,text,true,,1864,150,3183,3183,http://localhost:5000/api/product/newProducts/?page=1,15419,0,518
1717757560538,15928,GetNewProducts,200,OK,Thread Group 5000 1-1399,text,true,,1864,150,3183,3183,http://localhost:5000/api/product/newProducts/?page=1,15928,0,1028
1717757561049,15417,GetNewProducts,200,OK,Thread Group 5000 1-4255,text,true,,1864,150,3183,3183,http://localhost:5000/api/product/newProducts/?page=1,15417,0,517
1717757561057,15409,GetNewProducts,200,OK,Thread Group 5000 1-3125,text,true,,1864,150,3183,3183,http://localhost:5000/api/product/newProducts/?page=1,15409,0,509
1717757560540,15925,GetNewProducts,200,OK,Thread Group 5000 1-1419,text,true,,1864,150,3183,3183,http://localhost:5000/api/product/newProducts/?page=1,15925,0,1026
1717757561062,15403,GetNewProducts,200,OK,Thread Group 5000 1-4581,text,true,,1864,150,3183,3183,http://localhost:5000/api/product/newProducts/?page=1,15403,0,504
1717757561056,15408,GetNewProducts,200,OK,Thread Group 5000 1-3874,text,true,,1864,150,3183,3183,http://localhost:5000/api/product/newProducts/?page=1,15408,0,510
1717757560538,15927,GetNewProducts,200,OK,Thread Group 5000 1-1402,text,true,,1864,150,3183,3183,http://localhost:5000/api/product/newProducts/?page=1,15927,0,1028
1717757561059,15405,GetNewProducts,200,OK,Thread Group 5000 1-3444,text,true,,1864,150,3183,3183,http://localhost:5000/api/product/newProducts/?page=1,15405,0,506
1717757561060,15403,GetNewProducts,200,OK,Thread Group 5000 1-1909,text,true,,1864,150,3183,3183,http://localhost:5000/api/product/newProducts/?page=1,15403,0,505
1717757561047,15416,GetNewProducts,200,OK,Thread Group 5000 1-3652,text,true,,1864,150,3183,3183,http://localhost:5000/api/product/newProducts/?page=1,15416,0,519
1717757561055,15408,GetNewProducts,200,OK,Thread Group 5000 1-4079,text,true,,1864,150,3183,3183,http://localhost:5000/api/product/newProducts/?page=1,15408,0,511
1717757561059,15403,GetNewProducts,200,OK,Thread Group 5000 1-3782,text,true,,1864,150,3183,3183,http://localhost:5000/api/product/newProducts/?page=1,15403,0,507
1717757561060,15402,GetNewProducts,200,OK,Thread Group 5000 1-3663,text,true,,1864,150,3183,3183,http://localhost:5000/api/product/newProducts/?page=1,15402,0,506
1717757561060,15402,GetNewProducts,200,OK,Thread Group 5000 1-4492,text,true,,1864,150,3183,3183,http://localhost:5000/api/product/newProducts/?page=1,15402,0,505
1717757561051,15410,GetNewProducts,200,OK,Thread Group 5000 1-3231,text,true,,1864,150,3183,3183,http://localhost:5000/api/product/newProducts/?page=1,15410,0,515
1717757561058,15403,GetNewProducts,200,OK,Thread Group 5000 1-3121,text,true,,1864,150,3183,3183,http://localhost:5000/api/product/newProducts/?page=1,15403,0,507
1717757560545,15915,GetNewProducts,200,OK,Thread Group 5000 1-1469,text,true,,1864,150,3183,3183,http://localhost:5000/api/product/newProducts/?page=1,15915,0,1021
1717757561049,15411,GetNewProducts,200,OK,Thread Group 5000 1-3308,text,true,,1864,150,3183,3183,http://localhost:5000/api/product/newProducts/?page=1,15411,0,517
1717757561053,15407,GetNewProducts,200,OK,Thread Group 5000 1-3790,text,true,,1864,150,3183,3183,http://localhost:5000/api/product/newProducts/?page=1,15407,0,513
1717757561052,15407,GetNewProducts,200,OK,Thread Group 5000 1-3210,text,true,,1864,150,3183,3183,http://localhost:5000/api/product/newProducts/?page=1,15407,0,514
1717757561058,15401,GetNewProducts,200,OK,Thread Group 5000 1-3145,text,true,,1864,150,3183,3183,http://localhost:5000/api/product/newProducts/?page=1,15401,0,507
1717757561057,15402,GetNewProducts,200,OK,Thread Group 5000 1-3826,text,true,,1864,150,3183,3183,http://localhost:5000/api/product/newProducts/?page=1,15402,0,508
1717757561053,15405,GetNewProducts,200,OK,Thread Group 5000 1-4331,text,true,,1864,150,3183,3183,http://localhost:5000/api/product/newProducts/?page=1,15405,0,512
1717757561054,15404,GetNewProducts,200,OK,Thread Group 5000 1-3196,text,true,,1864,150,3183,3183,http://localhost:5000/api/product/newProducts/?page=1,15404,0,511
1717757560549,15908,GetNewProducts,200,OK,Thread Group 5000 1-1508,text,true,,1864,150,3183,3183,http://localhost:5000/api/product/newProducts/?page=1,15908,0,1017
1717757561061,15396,GetNewProducts,200,OK,Thread Group 5000 1-3787,text,true,,1864,150,3183,3183,http://localhost:5000/api/product/newProducts/?page=1,15396,0,504
1717757560548,15908,GetNewProducts,200,OK,Thread Group 5000 1-3132,text,true,,1864,150,3183,3183,http://localhost:5000/api/product/newProducts/?page=1,15908,0,1018
1717757560550,15906,GetNewProducts,200,OK,Thread Group 5000 1-1521,text,true,,1864,150,3183,3183,http://localhost:5000/api/product/newProducts/?page=1,15906,0,1016
1717757561059,15397,GetNewProducts,200,OK,Thread Group 5000 1-3138,text,true,,1864,150,3183,3183,http://localhost:5000/api/product/newProducts/?page=1,15397,0,506
1717757560547,15908,GetNewProducts,200,OK,Thread Group 5000 1-647,text,true,,1864,150,3183,3183,http://localhost:5000/api/product/newProducts/?page=1,15908,0,1019
1717757561060,15395,GetNewProducts,200,OK,Thread Group 5000 1-3857,text,true,,1864,150,3183,3183,http://localhost:5000/api/product/newProducts/?page=1,15395,0,505
1717757561061,15393,GetNewProducts,200,OK,Thread Group 5000 1-3570,text,true,,1864,150,3183,3183,http://localhost:5000/api/product/newProducts/?page=1,15393,0,504
1717757560552,15975,GetNewProducts,200,OK,Thread Group 5000 1-1543,text,true,,1864,150,3068,3068,http://localhost:5000/api/product/newProducts/?page=1,15975,0,1015
1717757560550,15978,GetNewProducts,200,OK,Thread Group 5000 1-3176,text,true,,1864,150,3023,3023,http://localhost:5000/api/product/newProducts/?page=1,15978,0,1017
1717757560554,15975,GetNewProducts,200,OK,Thread Group 5000 1-3230,text,true,,1864,150,3011,3011,http://localhost:5000/api/product/newProducts/?page=1,15975,0,1013
1717757560558,15972,GetNewProducts,200,OK,Thread Group 5000 1-1591,text,true,,1864,150,3010,3010,http://localhost:5000/api/product/newProducts/?page=1,15972,0,1009
1717757560556,15974,GetNewProducts,200,OK,Thread Group 5000 1-1582,text,true,,1864,150,3009,3009,http://localhost:5000/api/product/newProducts/?page=1,15974,0,1011
1717757561060,15471,GetNewProducts,200,OK,Thread Group 5000 1-3424,text,true,,1864,150,3008,3008,http://localhost:5000/api/product/newProducts/?page=1,15471,0,507
1717757561061,15471,GetNewProducts,200,OK,Thread Group 5000 1-3778,text,true,,1864,150,3007,3007,http://localhost:5000/api/product/newProducts/?page=1,15471,0,506
1717757560722,15810,GetNewProducts,200,OK,Thread Group 5000 1-2738,text,true,,1864,150,3006,3006,http://localhost:5000/api/product/newProducts/?page=1,15810,0,1026
1717757560722,15811,GetNewProducts,200,OK,Thread Group 5000 1-2743,text,true,,1864,150,3005,3005,http://localhost:5000/api/product/newProducts/?page=1,15811,0,1026
1717757561058,15476,GetNewProducts,200,OK,Thread Group 5000 1-3148,text,true,,1864,150,3004,3004,http://localhost:5000/api/product/newProducts/?page=1,15476,0,509
1717757561059,15475,GetNewProducts,200,OK,Thread Group 5000 1-4381,text,true,,1864,150,3003,3003,http://localhost:5000/api/product/newProducts/?page=1,15475,0,508
1717757560723,15813,GetNewProducts,200,OK,Thread Group 5000 1-534,text,true,,1864,150,3002,3002,http://localhost:5000/api/product/newProducts/?page=1,15813,0,1025
1717757560721,15819,GetNewProducts,200,OK,Thread Group 5000 1-2735,text,true,,1864,150,3001,3001,http://localhost:5000/api/product/newProducts/?page=1,15819,0,1027
1717757560722,15818,GetNewProducts,200,OK,Thread Group 5000 1-2746,text,true,,1864,150,3000,3000,http://localhost:5000/api/product/newProducts/?page=1,15818,0,1026
1717757560722,15819,GetNewProducts,200,OK,Thread Group 5000 1-2745,text,true,,1864,150,2999,2999,http://localhost:5000/api/product/newProducts/?page=1,15819,0,1026
1717757560725,15816,GetNewProducts,200,OK,Thread Group 5000 1-2766,text,true,,1864,150,2998,2998,http://localhost:5000/api/product/newProducts/?page=1,15816,0,1023
1717757560726,15816,GetNewProducts,200,OK,Thread Group 5000 1-2771,text,true,,1864,150,2997,2997,http://localhost:5000/api/product/newProducts/?page=1,15816,0,1022
1717757560727,15815,GetNewProducts,200,OK,Thread Group 5000 1-2780,text,true,,1864,150,2996,2996,http://localhost:5000/api/product/newProducts/?page=1,15815,0,1021
1717757560725,15818,GetNewProducts,200,OK,Thread Group 5000 1-2767,text,true,,1864,150,2995,2995,http://localhost:5000/api/product/newProducts/?page=1,15818,0,1023
1717757560721,15822,GetNewProducts,200,OK,Thread Group 5000 1-2741,text,true,,1864,150,2994,2994,http://localhost:5000/api/product/newProducts/?page=1,15822,0,1027
1717757560727,15817,GetNewProducts,200,OK,Thread Group 5000 1-2775,text,true,,1864,150,2993,2993,http://localhost:5000/api/product/newProducts/?page=1,15817,0,1021
1717757560728,15816,GetNewProducts,200,OK,Thread Group 5000 1-2788,text,true,,1864,150,2992,2992,http://localhost:5000/api/product/newProducts/?page=1,15816,0,1020
1717757560731,15819,GetNewProducts,200,OK,Thread Group 5000 1-1318,text,true,,1864,150,2991,2991,http://localhost:5000/api/product/newProducts/?page=1,15819,0,1017
1717757560727,15823,GetNewProducts,200,OK,Thread Group 5000 1-2776,text,true,,1864,150,2990,2990,http://localhost:5000/api/product/newProducts/?page=1,15823,0,1021
1717757560727,15824,GetNewProducts,200,OK,Thread Group 5000 1-2786,text,true,,1864,150,2989,2989,http://localhost:5000/api/product/newProducts/?page=1,15824,0,1021
1717757560727,15824,GetNewProducts,200,OK,Thread Group 5000 1-2784,text,true,,1864,150,2988,2988,http://localhost:5000/api/product/newProducts/?page=1,15824,0,1021
1717757560728,15823,GetNewProducts,200,OK,Thread Group 5000 1-2794,text,true,,1864,150,2987,2987,http://localhost:5000/api/product/newProducts/?page=1,15823,0,1020
1717757560729,15823,GetNewProducts,200,OK,Thread Group 5000 1-2792,text,true,,1864,150,2986,2986,http://localhost:5000/api/product/newProducts/?page=1,15823,0,1019
1717757560723,15829,GetNewProducts,200,OK,Thread Group 5000 1-2752,text,true,,1864,150,2985,2985,http://localhost:5000/api/product/newProducts/?page=1,15829,0,1025
1717757560724,15829,GetNewProducts,200,OK,Thread Group 5000 1-2759,text,true,,1864,150,2984,2984,http://localhost:5000/api/product/newProducts/?page=1,15829,0,1024
1717757560732,15821,GetNewProducts,200,OK,Thread Group 5000 1-2809,text,true,,1864,150,2983,2983,http://localhost:5000/api/product/newProducts/?page=1,15821,0,1016
1717757560722,15831,GetNewProducts,200,OK,Thread Group 5000 1-2744,text,true,,1864,150,2982,2982,http://localhost:5000/api/product/newProducts/?page=1,15831,0,1026
1717757560721,15833,GetNewProducts,200,OK,Thread Group 5000 1-2737,text,true,,1864,150,2981,2981,http://localhost:5000/api/product/newProducts/?page=1,15833,0,1027
1717757560736,15819,GetNewProducts,200,OK,Thread Group 5000 1-2818,text,true,,1864,150,2980,2980,http://localhost:5000/api/product/newProducts/?page=1,15819,0,1012
1717757560724,15832,GetNewProducts,200,OK,Thread Group 5000 1-2761,text,true,,1864,150,2979,2979,http://localhost:5000/api/product/newProducts/?page=1,15832,0,1024
1717757560722,15834,GetNewProducts,200,OK,Thread Group 5000 1-2748,text,true,,1864,150,2978,2978,http://localhost:5000/api/product/newProducts/?page=1,15834,0,1026
1717757560726,15830,GetNewProducts,200,OK,Thread Group 5000 1-2769,text,true,,1864,150,2977,2977,http://localhost:5000/api/product/newProducts/?page=1,15830,0,1022
1717757560723,15834,GetNewProducts,200,OK,Thread Group 5000 1-2757,text,true,,1864,150,2976,2976,http://localhost:5000/api/product/newProducts/?page=1,15834,0,1025
1717757560726,15831,GetNewProducts,200,OK,Thread Group 5000 1-2770,text,true,,1864,150,2975,2975,http://localhost:5000/api/product/newProducts/?page=1,15831,0,1022
1717757560727,15831,GetNewProducts,200,OK,Thread Group 5000 1-2777,text,true,,1864,150,2974,2974,http://localhost:5000/api/product/newProducts/?page=1,15831,0,1021
1717757560722,15836,GetNewProducts,200,OK,Thread Group 5000 1-2742,text,true,,1864,150,2973,2973,http://localhost:5000/api/product/newProducts/?page=1,15836,0,1026
1717757560723,15835,GetNewProducts,200,OK,Thread Group 5000 1-2747,text,true,,1864,150,2972,2972,http://localhost:5000/api/product/newProducts/?page=1,15835,0,1025
1717757560722,15837,GetNewProducts,200,OK,Thread Group 5000 1-2739,text,true,,1864,150,2971,2971,http://localhost:5000/api/product/newProducts/?page=1,15837,0,1026
1717757560724,15836,GetNewProducts,200,OK,Thread Group 5000 1-2755,text,true,,1864,150,2970,2970,http://localhost:5000/api/product/newProducts/?page=1,15836,0,1024
1717757560725,15836,GetNewProducts,200,OK,Thread Group 5000 1-2762,text,true,,1864,150,2969,2969,http://localhost:5000/api/product/newProducts/?page=1,15836,0,1023
1717757560725,15836,GetNewProducts,200,OK,Thread Group 5000 1-2763,text,true,,1864,150,2968,2968,http://localhost:5000/api/product/newProducts/?page=1,15836,0,1023
1717757560729,15832,GetNewProducts,200,OK,Thread Group 5000 1-2795,text,true,,1864,150,2967,2967,http://localhost:5000/api/product/newProducts/?page=1,15832,0,1019
1717757560728,15834,GetNewProducts,200,OK,Thread Group 5000 1-2782,text,true,,1864,150,2966,2966,http://localhost:5000/api/product/newProducts/?page=1,15834,0,1020
1717757560726,15836,GetNewProducts,200,OK,Thread Group 5000 1-2774,text,true,,1864,150,2965,2965,http://localhost:5000/api/product/newProducts/?page=1,15836,0,1022
1717757560727,15835,GetNewProducts,200,OK,Thread Group 5000 1-2785,text,true,,1864,150,2964,2964,http://localhost:5000/api/product/newProducts/?page=1,15835,0,1021
1717757560731,15832,GetNewProducts,200,OK,Thread Group 5000 1-2804,text,true,,1864,150,2963,2963,http://localhost:5000/api/product/newProducts/?page=1,15832,0,1017
1717757560728,15836,GetNewProducts,200,OK,Thread Group 5000 1-2789,text,true,,1864,150,2962,2962,http://localhost:5000/api/product/newProducts/?page=1,15836,0,1020
1717757560729,15835,GetNewProducts,200,OK,Thread Group 5000 1-2793,text,true,,1864,150,2961,2961,http://localhost:5000/api/product/newProducts/?page=1,15835,0,1019
1717757560733,15832,GetNewProducts,200,OK,Thread Group 5000 1-2812,text,true,,1864,150,2960,2960,http://localhost:5000/api/product/newProducts/?page=1,15832,0,1015
1717757560736,15830,GetNewProducts,200,OK,Thread Group 5000 1-2819,text,true,,1864,150,2959,2959,http://localhost:5000/api/product/newProducts/?page=1,15830,0,1012
1717757560727,15839,GetNewProducts,200,OK,Thread Group 5000 1-2783,text,true,,1864,150,2958,2958,http://localhost:5000/api/product/newProducts/?page=1,15839,0,1021
1717757560730,15837,GetNewProducts,200,OK,Thread Group 5000 1-2799,text,true,,1864,150,2957,2957,http://localhost:5000/api/product/newProducts/?page=1,15837,0,1018
1717757560729,15838,GetNewProducts,200,OK,Thread Group 5000 1-2797,text,true,,1864,150,2956,2956,http://localhost:5000/api/product/newProducts/?page=1,15838,0,1019
1717757560732,15836,GetNewProducts,200,OK,Thread Group 5000 1-2807,text,true,,1864,150,2955,2955,http://localhost:5000/api/product/newProducts/?page=1,15836,0,1016
1717757560732,15836,GetNewProducts,200,OK,Thread Group 5000 1-2808,text,true,,1864,150,2954,2954,http://localhost:5000/api/product/newProducts/?page=1,15836,0,1016
1717757560734,15835,GetNewProducts,200,OK,Thread Group 5000 1-1325,text,true,,1864,150,2953,2953,http://localhost:5000/api/product/newProducts/?page=1,15835,0,1014
1717757560734,15835,GetNewProducts,200,OK,Thread Group 5000 1-2814,text,true,,1864,150,2952,2952,http://localhost:5000/api/product/newProducts/?page=1,15835,0,1014
1717757560724,15846,GetNewProducts,200,OK,Thread Group 5000 1-2754,text,true,,1864,150,2951,2951,http://localhost:5000/api/product/newProducts/?page=1,15846,0,1025
1717757560736,15834,GetNewProducts,200,OK,Thread Group 5000 1-2820,text,true,,1864,150,2950,2950,http://localhost:5000/api/product/newProducts/?page=1,15834,0,1012
1717757560732,15839,GetNewProducts,200,OK,Thread Group 5000 1-2806,text,true,,1864,150,2949,2949,http://localhost:5000/api/product/newProducts/?page=1,15839,0,1016
1717757560730,15841,GetNewProducts,200,OK,Thread Group 5000 1-2798,text,true,,1864,150,2948,2948,http://localhost:5000/api/product/newProducts/?page=1,15841,0,1019
1717757560723,15849,GetNewProducts,200,OK,Thread Group 5000 1-2753,text,true,,1864,150,2947,2947,http://localhost:5000/api/product/newProducts/?page=1,15849,0,1026
1717757560723,15849,GetNewProducts,200,OK,Thread Group 5000 1-2749,text,true,,1864,150,2946,2946,http://localhost:5000/api/product/newProducts/?page=1,15849,0,1026
1717757560727,15846,GetNewProducts,200,OK,Thread Group 5000 1-2781,text,true,,1864,150,2945,2945,http://localhost:5000/api/product/newProducts/?page=1,15846,0,1022
1717757560728,15846,GetNewProducts,200,OK,Thread Group 5000 1-2787,text,true,,1864,150,2944,2944,http://localhost:5000/api/product/newProducts/?page=1,15846,0,1021
1717757560733,15842,GetNewProducts,200,OK,Thread Group 5000 1-2811,text,true,,1864,150,2943,2943,http://localhost:5000/api/product/newProducts/?page=1,15842,0,1016
1717757560726,15849,GetNewProducts,200,OK,Thread Group 5000 1-2768,text,true,,1864,150,2942,2942,http://localhost:5000/api/product/newProducts/?page=1,15849,0,1023
1717757560723,15853,GetNewProducts,200,OK,Thread Group 5000 1-2751,text,true,,1864,150,2941,2941,http://localhost:5000/api/product/newProducts/?page=1,15853,0,1026
1717757560732,15844,GetNewProducts,200,OK,Thread Group 5000 1-2805,text,true,,1864,150,2940,2940,http://localhost:5000/api/product/newProducts/?page=1,15844,0,1017
1717757560729,15848,GetNewProducts,200,OK,Thread Group 5000 1-2796,text,true,,1864,150,2939,2939,http://localhost:5000/api/product/newProducts/?page=1,15848,0,1020
1717757560728,15849,GetNewProducts,200,OK,Thread Group 5000 1-2791,text,true,,1864,150,2938,2938,http://localhost:5000/api/product/newProducts/?page=1,15849,0,1021
1717757560724,15854,GetNewProducts,200,OK,Thread Group 5000 1-2760,text,true,,1864,150,2937,2937,http://localhost:5000/api/product/newProducts/?page=1,15854,0,1025
1717757560727,15851,GetNewProducts,200,OK,Thread Group 5000 1-2778,text,true,,1864,150,2936,2936,http://localhost:5000/api/product/newProducts/?page=1,15851,0,1022
1717757560726,15852,GetNewProducts,200,OK,Thread Group 5000 1-1297,text,true,,1864,150,2935,2935,http://localhost:5000/api/product/newProducts/?page=1,15852,0,1023
1717757560725,15854,GetNewProducts,200,OK,Thread Group 5000 1-2765,text,true,,1864,150,2934,2934,http://localhost:5000/api/product/newProducts/?page=1,15854,0,1024
1717757560731,15849,GetNewProducts,200,OK,Thread Group 5000 1-2802,text,true,,1864,150,2933,2933,http://localhost:5000/api/product/newProducts/?page=1,15849,0,1018
1717757560735,15845,GetNewProducts,200,OK,Thread Group 5000 1-2815,text,true,,1864,150,2932,2932,http://localhost:5000/api/product/newProducts/?page=1,15845,0,1014
1717757560723,15858,GetNewProducts,200,OK,Thread Group 5000 1-2750,text,true,,1864,150,2931,2931,http://localhost:5000/api/product/newProducts/?page=1,15858,0,1026
1717757560725,15856,GetNewProducts,200,OK,Thread Group 5000 1-1295,text,true,,1864,150,2930,2930,http://localhost:5000/api/product/newProducts/?page=1,15856,0,1024
1717757560724,15858,GetNewProducts,200,OK,Thread Group 5000 1-2758,text,true,,1864,150,2929,2929,http://localhost:5000/api/product/newProducts/?page=1,15858,0,1025
1717757560722,15860,GetNewProducts,200,OK,Thread Group 5000 1-2740,text,true,,1864,150,2928,2928,http://localhost:5000/api/product/newProducts/?page=1,15860,0,1027
1717757560736,15846,GetNewProducts,200,OK,Thread Group 5000 1-2817,text,true,,1864,150,2927,2927,http://localhost:5000/api/product/newProducts/?page=1,15846,0,1013
1717757560726,15857,GetNewProducts,200,OK,Thread Group 5000 1-2773,text,true,,1864,150,2926,2926,http://localhost:5000/api/product/newProducts/?page=1,15857,0,1023
1717757560727,15856,GetNewProducts,200,OK,Thread Group 5000 1-2779,text,true,,1864,150,2925,2925,http://localhost:5000/api/product/newProducts/?page=1,15856,0,1022
1717757560731,15853,GetNewProducts,200,OK,Thread Group 5000 1-2803,text,true,,1864,150,2924,2924,http://localhost:5000/api/product/newProducts/?page=1,15853,0,1018
1717757560730,15855,GetNewProducts,200,OK,Thread Group 5000 1-2800,text,true,,1864,150,2923,2923,http://localhost:5000/api/product/newProducts/?page=1,15855,0,1019
1717757560736,15849,GetNewProducts,200,OK,Thread Group 5000 1-2816,text,true,,1864,150,2922,2922,http://localhost:5000/api/product/newProducts/?page=1,15849,0,1013
1717757560728,15858,GetNewProducts,200,OK,Thread Group 5000 1-2790,text,true,,1864,150,2921,2921,http://localhost:5000/api/product/newProducts/?page=1,15858,0,1021
1717757560753,15833,GetNewProducts,200,OK,Thread Group 5000 1-2943,text,true,,1864,150,2920,2920,http://localhost:5000/api/product/newProducts/?page=1,15833,0,1026
1717757560753,15833,GetNewProducts,200,OK,Thread Group 5000 1-2940,text,true,,1864,150,2919,2919,http://localhost:5000/api/product/newProducts/?page=1,15833,0,1026
1717757560733,15854,GetNewProducts,200,OK,Thread Group 5000 1-1321,text,true,,1864,150,2918,2918,http://localhost:5000/api/product/newProducts/?page=1,15854,0,1016
1717757560753,15834,GetNewProducts,200,OK,Thread Group 5000 1-2947,text,true,,1864,150,2917,2917,http://localhost:5000/api/product/newProducts/?page=1,15834,0,1026
1717757560753,15835,GetNewProducts,200,OK,Thread Group 5000 1-2941,text,true,,1864,150,2916,2916,http://localhost:5000/api/product/newProducts/?page=1,15835,0,1026
1717757560753,15835,GetNewProducts,200,OK,Thread Group 5000 1-2939,text,true,,1864,150,2915,2915,http://localhost:5000/api/product/newProducts/?page=1,15835,0,1026
1717757560753,15837,GetNewProducts,200,OK,Thread Group 5000 1-2938,text,true,,1864,150,2914,2914,http://localhost:5000/api/product/newProducts/?page=1,15837,0,1026
1717757560753,15837,GetNewProducts,200,OK,Thread Group 5000 1-2948,text,true,,1864,150,2913,2913,http://localhost:5000/api/product/newProducts/?page=1,15837,0,1026
1717757560753,15838,GetNewProducts,200,OK,Thread Group 5000 1-2945,text,true,,1864,150,2912,2912,http://localhost:5000/api/product/newProducts/?page=1,15838,0,1026
1717757560753,15838,GetNewProducts,200,OK,Thread Group 5000 1-2942,text,true,,1864,150,2911,2911,http://localhost:5000/api/product/newProducts/?page=1,15838,0,1026
1717757560753,15839,GetNewProducts,200,OK,Thread Group 5000 1-2944,text,true,,1864,150,2910,2910,http://localhost:5000/api/product/newProducts/?page=1,15839,0,1026
1717757560752,15840,GetNewProducts,200,OK,Thread Group 5000 1-2937,text,true,,1864,150,2909,2909,http://localhost:5000/api/product/newProducts/?page=1,15840,0,1027
1717757560753,15840,GetNewProducts,200,OK,Thread Group 5000 1-2946,text,true,,1864,150,2908,2908,http://localhost:5000/api/product/newProducts/?page=1,15840,0,1026
1717757560483,16288,GetNewProducts,200,OK,Thread Group 5000 1-2176,text,true,,1864,150,2907,2907,http://localhost:5000/api/product/newProducts/?page=1,16288,0,1528
1717757560477,16295,GetNewProducts,200,OK,Thread Group 5000 1-962,text,true,,1864,150,2906,2906,http://localhost:5000/api/product/newProducts/?page=1,16295,0,1534
1717757560480,16293,GetNewProducts,200,OK,Thread Group 5000 1-996,text,true,,1864,150,2905,2905,http://localhost:5000/api/product/newProducts/?page=1,16293,0,1531
1717757560481,16293,GetNewProducts,200,OK,Thread Group 5000 1-1002,text,true,,1864,150,2904,2904,http://localhost:5000/api/product/newProducts/?page=1,16293,0,1531
1717757560482,16292,GetNewProducts,200,OK,Thread Group 5000 1-1014,text,true,,1864,150,2903,2903,http://localhost:5000/api/product/newProducts/?page=1,16292,0,1529
1717757560478,16297,GetNewProducts,200,OK,Thread Group 5000 1-2118,text,true,,1864,150,2902,2902,http://localhost:5000/api/product/newProducts/?page=1,16297,0,1533
1717757560486,16290,GetNewProducts,200,OK,Thread Group 5000 1-1054,text,true,,1864,150,2901,2901,http://localhost:5000/api/product/newProducts/?page=1,16290,0,1526
1717757560484,16293,GetNewProducts,200,OK,Thread Group 5000 1-1037,text,true,,1864,150,2900,2900,http://localhost:5000/api/product/newProducts/?page=1,16293,0,1528
1717757560485,16292,GetNewProducts,200,OK,Thread Group 5000 1-1035,text,true,,1864,150,2899,2899,http://localhost:5000/api/product/newProducts/?page=1,16292,0,1527
1717757560483,16295,GetNewProducts,200,OK,Thread Group 5000 1-1026,text,true,,1864,150,2898,2898,http://localhost:5000/api/product/newProducts/?page=1,16295,0,1529
1717757560479,16299,GetNewProducts,200,OK,Thread Group 5000 1-985,text,true,,1864,150,2897,2897,http://localhost:5000/api/product/newProducts/?page=1,16299,0,1533
1717757560487,16292,GetNewProducts,200,OK,Thread Group 5000 1-1059,text,true,,1864,150,2896,2896,http://localhost:5000/api/product/newProducts/?page=1,16292,0,1525
1717757560488,16291,GetNewProducts,200,OK,Thread Group 5000 1-1076,text,true,,1864,150,2895,2895,http://localhost:5000/api/product/newProducts/?page=1,16291,0,1524
1717757560478,16302,GetNewProducts,200,OK,Thread Group 5000 1-965,text,true,,1864,150,2894,2894,http://localhost:5000/api/product/newProducts/?page=1,16302,0,1533
1717757560488,16292,GetNewProducts,200,OK,Thread Group 5000 1-1070,text,true,,1864,150,2893,2893,http://localhost:5000/api/product/newProducts/?page=1,16292,0,1524
1717757560489,16291,GetNewProducts,200,OK,Thread Group 5000 1-1081,text,true,,1864,150,2892,2892,http://localhost:5000/api/product/newProducts/?page=1,16291,0,1538
1717757560490,16291,GetNewProducts,200,OK,Thread Group 5000 1-1086,text,true,,1864,150,2891,2891,http://localhost:5000/api/product/newProducts/?page=1,16291,0,1537
1717757560497,16285,GetNewProducts,200,OK,Thread Group 5000 1-1141,text,true,,1864,150,2890,2890,http://localhost:5000/api/product/newProducts/?page=1,16285,0,1530
1717757560504,16278,GetNewProducts,200,OK,Thread Group 5000 1-1188,text,true,,1864,150,2889,2889,http://localhost:5000/api/product/newProducts/?page=1,16278,0,1524
1717757560490,16293,GetNewProducts,200,OK,Thread Group 5000 1-1075,text,true,,1864,150,2888,2888,http://localhost:5000/api/product/newProducts/?page=1,16293,0,1538
1717757560492,16291,GetNewProducts,200,OK,Thread Group 5000 1-1105,text,true,,1864,150,2887,2887,http://localhost:5000/api/product/newProducts/?page=1,16291,0,1535
1717757560499,16285,GetNewProducts,200,OK,Thread Group 5000 1-1158,text,true,,1864,150,2886,2886,http://localhost:5000/api/product/newProducts/?page=1,16285,0,1528
1717757560490,16294,GetNewProducts,200,OK,Thread Group 5000 1-2281,text,true,,1864,150,2885,2885,http://localhost:5000/api/product/newProducts/?page=1,16294,0,1538
1717757560495,16290,GetNewProducts,200,OK,Thread Group 5000 1-2344,text,true,,1864,150,2884,2884,http://localhost:5000/api/product/newProducts/?page=1,16290,0,1532
1717757560489,16296,GetNewProducts,200,OK,Thread Group 5000 1-1077,text,true,,1864,150,2883,2883,http://localhost:5000/api/product/newProducts/?page=1,16296,0,1538
1717757560492,16294,GetNewProducts,200,OK,Thread Group 5000 1-1127,text,true,,1864,150,2882,2882,http://localhost:5000/api/product/newProducts/?page=1,16294,0,1536
1717757560498,16289,GetNewProducts,200,OK,Thread Group 5000 1-1155,text,true,,1864,150,2881,2881,http://localhost:5000/api/product/newProducts/?page=1,16289,0,1530
1717757560489,16298,GetNewProducts,200,OK,Thread Group 5000 1-1097,text,true,,1864,150,2880,2880,http://localhost:5000/api/product/newProducts/?page=1,16298,0,1538
1717757560494,16294,GetNewProducts,200,OK,Thread Group 5000 1-2335,text,true,,1864,150,2879,2879,http://localhost:5000/api/product/newProducts/?page=1,16294,0,1534
1717757560501,16287,GetNewProducts,200,OK,Thread Group 5000 1-1167,text,true,,1864,150,2878,2878,http://localhost:5000/api/product/newProducts/?page=1,16287,0,1527
1717757560497,16292,GetNewProducts,200,OK,Thread Group 5000 1-1145,text,true,,1864,150,2877,2877,http://localhost:5000/api/product/newProducts/?page=1,16292,0,1531
1717757560493,16296,GetNewProducts,200,OK,Thread Group 5000 1-1109,text,true,,1864,150,2876,2876,http://localhost:5000/api/product/newProducts/?page=1,16296,0,1535
1717757560491,16298,GetNewProducts,200,OK,Thread Group 5000 1-1114,text,true,,1864,150,2875,2875,http://localhost:5000/api/product/newProducts/?page=1,16298,0,1537
1717757560491,16299,GetNewProducts,200,OK,Thread Group 5000 1-1103,text,true,,1864,150,2874,2874,http://localhost:5000/api/product/newProducts/?page=1,16299,0,1536
1717757560503,16287,GetNewProducts,200,OK,Thread Group 5000 1-1177,text,true,,1864,150,2873,2873,http://localhost:5000/api/product/newProducts/?page=1,16287,0,1525
1717757560492,16299,GetNewProducts,200,OK,Thread Group 5000 1-1125,text,true,,1864,150,2872,2872,http://localhost:5000/api/product/newProducts/?page=1,16299,0,1535
1717757560489,16302,GetNewProducts,200,OK,Thread Group 5000 1-2262,text,true,,1864,150,2871,2871,http://localhost:5000/api/product/newProducts/?page=1,16302,0,1539
1717757560490,16302,GetNewProducts,200,OK,Thread Group 5000 1-2269,text,true,,1864,150,2870,2870,http://localhost:5000/api/product/newProducts/?page=1,16302,0,1538
1717757560493,16299,GetNewProducts,200,OK,Thread Group 5000 1-1113,text,true,,1864,150,2869,2869,http://localhost:5000/api/product/newProducts/?page=1,16299,0,1534
1717757560496,16297,GetNewProducts,200,OK,Thread Group 5000 1-2341,text,true,,1864,150,2868,2868,http://localhost:5000/api/product/newProducts/?page=1,16297,0,1531
1717757560488,16305,GetNewProducts,200,OK,Thread Group 5000 1-2250,text,true,,1864,150,2867,2867,http://localhost:5000/api/product/newProducts/?page=1,16305,0,1540
1717757560490,16304,GetNewProducts,200,OK,Thread Group 5000 1-1090,text,true,,1864,150,2866,2866,http://localhost:5000/api/product/newProducts/?page=1,16304,0,1538
1717757560489,16305,GetNewProducts,200,OK,Thread Group 5000 1-2263,text,true,,1864,150,2865,2865,http://localhost:5000/api/product/newProducts/?page=1,16305,0,1539
1717757560501,16293,GetNewProducts,200,OK,Thread Group 5000 1-2442,text,true,,1864,150,2864,2864,http://localhost:5000/api/product/newProducts/?page=1,16293,0,1527
1717757560498,16297,GetNewProducts,200,OK,Thread Group 5000 1-1160,text,true,,1864,150,2863,2863,http://localhost:5000/api/product/newProducts/?page=1,16297,0,1530
1717757560498,16298,GetNewProducts,200,OK,Thread Group 5000 1-1157,text,true,,1864,150,2862,2862,http://localhost:5000/api/product/newProducts/?page=1,16298,0,1530
1717757560491,16306,GetNewProducts,200,OK,Thread Group 5000 1-2291,text,true,,1864,150,2861,2861,http://localhost:5000/api/product/newProducts/?page=1,16306,0,1537
1717757560489,16308,GetNewProducts,200,OK,Thread Group 5000 1-1100,text,true,,1864,150,2860,2860,http://localhost:5000/api/product/newProducts/?page=1,16308,0,1539
1717757560504,16294,GetNewProducts,200,OK,Thread Group 5000 1-1189,text,true,,1864,150,2859,2859,http://localhost:5000/api/product/newProducts/?page=1,16294,0,1524
1717757560491,16307,GetNewProducts,200,OK,Thread Group 5000 1-1099,text,true,,1864,150,2858,2858,http://localhost:5000/api/product/newProducts/?page=1,16307,0,1537
1717757560504,16294,GetNewProducts,200,OK,Thread Group 5000 1-1174,text,true,,1864,150,2857,2857,http://localhost:5000/api/product/newProducts/?page=1,16294,0,1524
1717757560502,16297,GetNewProducts,200,OK,Thread Group 5000 1-1169,text,true,,1864,150,2856,2856,http://localhost:5000/api/product/newProducts/?page=1,16297,0,1526
1717757560502,16297,GetNewProducts,200,OK,Thread Group 5000 1-1172,text,true,,1864,150,2855,2855,http://localhost:5000/api/product/newProducts/?page=1,16297,0,1526
1717757560498,16302,GetNewProducts,200,OK,Thread Group 5000 1-1159,text,true,,1864,150,2854,2854,http://localhost:5000/api/product/newProducts/?page=1,16302,0,1530
1717757560492,16308,GetNewProducts,200,OK,Thread Group 5000 1-1126,text,true,,1864,150,2853,2853,http://localhost:5000/api/product/newProducts/?page=1,16308,0,1536
1717757560496,16305,GetNewProducts,200,OK,Thread Group 5000 1-2360,text,true,,1864,150,2852,2852,http://localhost:5000/api/product/newProducts/?page=1,16305,0,1532
1717757560501,16301,GetNewProducts,200,OK,Thread Group 5000 1-1156,text,true,,1864,150,2851,2851,http://localhost:5000/api/product/newProducts/?page=1,16301,0,1527
1717757560494,16308,GetNewProducts,200,OK,Thread Group 5000 1-1120,text,true,,1864,150,2850,2850,http://localhost:5000/api/product/newProducts/?page=1,16308,0,1534
1717757560492,16311,GetNewProducts,200,OK,Thread Group 5000 1-1118,text,true,,1864,150,2849,2849,http://localhost:5000/api/product/newProducts/?page=1,16311,0,1536
1717757560489,16314,GetNewProducts,200,OK,Thread Group 5000 1-1084,text,true,,1864,150,2848,2848,http://localhost:5000/api/product/newProducts/?page=1,16314,0,1539
1717757560489,16314,GetNewProducts,200,OK,Thread Group 5000 1-1085,text,true,,1864,150,2847,2847,http://localhost:5000/api/product/newProducts/?page=1,16314,0,1539
1717757560493,16311,GetNewProducts,200,OK,Thread Group 5000 1-1112,text,true,,1864,150,2846,2846,http://localhost:5000/api/product/newProducts/?page=1,16311,0,1535
1717757560503,16301,GetNewProducts,200,OK,Thread Group 5000 1-1184,text,true,,1864,150,2845,2845,http://localhost:5000/api/product/newProducts/?page=1,16301,0,1525
1717757560492,16313,GetNewProducts,200,OK,Thread Group 5000 1-1122,text,true,,1864,150,2844,2844,http://localhost:5000/api/product/newProducts/?page=1,16313,0,1536
1717757560496,16309,GetNewProducts,200,OK,Thread Group 5000 1-1133,text,true,,1864,150,2843,2843,http://localhost:5000/api/product/newProducts/?page=1,16309,0,1532
1717757560490,16316,GetNewProducts,200,OK,Thread Group 5000 1-1078,text,true,,1864,150,2842,2842,http://localhost:5000/api/product/newProducts/?page=1,16316,0,1538
1717757560503,16304,GetNewProducts,200,OK,Thread Group 5000 1-1181,text,true,,1864,150,2841,2841,http://localhost:5000/api/product/newProducts/?page=1,16304,0,1525
1717757560494,16313,GetNewProducts,200,OK,Thread Group 5000 1-1131,text,true,,1864,150,2840,2840,http://localhost:5000/api/product/newProducts/?page=1,16313,0,1534
1717757560490,16318,GetNewProducts,200,OK,Thread Group 5000 1-1082,text,true,,1864,150,2839,2839,http://localhost:5000/api/product/newProducts/?page=1,16318,0,1538
1717757560497,16311,GetNewProducts,200,OK,Thread Group 5000 1-1146,text,true,,1864,150,2838,2838,http://localhost:5000/api/product/newProducts/?page=1,16311,0,1531
1717757560496,16313,GetNewProducts,200,OK,Thread Group 5000 1-1140,text,true,,1864,150,2837,2837,http://localhost:5000/api/product/newProducts/?page=1,16313,0,1532
1717757560497,16312,GetNewProducts,200,OK,Thread Group 5000 1-1150,text,true,,1864,150,2836,2836,http://localhost:5000/api/product/newProducts/?page=1,16312,0,1531
1717757560501,16309,GetNewProducts,200,OK,Thread Group 5000 1-2443,text,true,,1864,150,2835,2835,http://localhost:5000/api/product/newProducts/?page=1,16309,0,1527
1717757560502,16308,GetNewProducts,200,OK,Thread Group 5000 1-2450,text,true,,1864,150,2834,2834,http://localhost:5000/api/product/newProducts/?page=1,16308,0,1526
1717757560494,16317,GetNewProducts,200,OK,Thread Group 5000 1-1130,text,true,,1864,150,2833,2833,http://localhost:5000/api/product/newProducts/?page=1,16317,0,1534
1717757560503,16309,GetNewProducts,200,OK,Thread Group 5000 1-2469,text,true,,1864,150,2832,2832,http://localhost:5000/api/product/newProducts/?page=1,16309,0,1525
1717757560500,16312,GetNewProducts,200,OK,Thread Group 5000 1-2396,text,true,,1864,150,2831,2831,http://localhost:5000/api/product/newProducts/?page=1,16312,0,1528
1717757560499,16314,GetNewProducts,200,OK,Thread Group 5000 1-1162,text,true,,1864,150,2830,2830,http://localhost:5000/api/product/newProducts/?page=1,16314,0,1529
1717757560492,16321,GetNewProducts,200,OK,Thread Group 5000 1-1119,text,true,,1864,150,2829,2829,http://localhost:5000/api/product/newProducts/?page=1,16321,0,1536
1717757560504,16310,GetNewProducts,200,OK,Thread Group 5000 1-2487,text,true,,1864,150,2828,2828,http://localhost:5000/api/product/newProducts/?page=1,16310,0,1525
1717757560492,16322,GetNewProducts,200,OK,Thread Group 5000 1-1123,text,true,,1864,150,2827,2827,http://localhost:5000/api/product/newProducts/?page=1,16322,0,1536
1717757560497,16318,GetNewProducts,200,OK,Thread Group 5000 1-1148,text,true,,1864,150,2826,2826,http://localhost:5000/api/product/newProducts/?page=1,16318,0,1531
1717757560503,16312,GetNewProducts,200,OK,Thread Group 5000 1-1180,text,true,,1864,150,2825,2825,http://localhost:5000/api/product/newProducts/?page=1,16312,0,1526
1717757560490,16326,GetNewProducts,200,OK,Thread Group 5000 1-1083,text,true,,1864,150,2824,2824,http://localhost:5000/api/product/newProducts/?page=1,16326,0,1538
1717757560489,16327,GetNewProducts,200,OK,Thread Group 5000 1-1088,text,true,,1864,150,2823,2823,http://localhost:5000/api/product/newProducts/?page=1,16327,0,1540
1717757560502,16315,GetNewProducts,200,OK,Thread Group 5000 1-1170,text,true,,1864,150,2822,2822,http://localhost:5000/api/product/newProducts/?page=1,16315,0,1527
1717757560496,16322,GetNewProducts,200,OK,Thread Group 5000 1-1132,text,true,,1864,150,2821,2821,http://localhost:5000/api/product/newProducts/?page=1,16322,0,1532
1717757560491,16327,GetNewProducts,200,OK,Thread Group 5000 1-1095,text,true,,1864,150,2820,2820,http://localhost:5000/api/product/newProducts/?page=1,16327,0,1538
1717757560497,16321,GetNewProducts,200,OK,Thread Group 5000 1-1147,text,true,,1864,150,2819,2819,http://localhost:5000/api/product/newProducts/?page=1,16321,0,1531
1717757560499,16320,GetNewProducts,200,OK,Thread Group 5000 1-2389,text,true,,1864,150,2818,2818,http://localhost:5000/api/product/newProducts/?page=1,16320,0,1529
1717757560491,16328,GetNewProducts,200,OK,Thread Group 5000 1-1107,text,true,,1864,150,2817,2817,http://localhost:5000/api/product/newProducts/?page=1,16328,0,1538
1717757560493,16327,GetNewProducts,200,OK,Thread Group 5000 1-2312,text,true,,1864,150,2816,2816,http://localhost:5000/api/product/newProducts/?page=1,16327,0,1536
1717757560499,16321,GetNewProducts,200,OK,Thread Group 5000 1-1154,text,true,,1864,150,2815,2815,http://localhost:5000/api/product/newProducts/?page=1,16321,0,1530
1717757560502,16319,GetNewProducts,200,OK,Thread Group 5000 1-1176,text,true,,1864,150,2814,2814,http://localhost:5000/api/product/newProducts/?page=1,16319,0,1526
1717757560489,16332,GetNewProducts,200,OK,Thread Group 5000 1-1110,text,true,,1864,150,2813,2813,http://localhost:5000/api/product/newProducts/?page=1,16332,0,1539
1717757560493,16329,GetNewProducts,200,OK,Thread Group 5000 1-1117,text,true,,1864,150,2812,2812,http://localhost:5000/api/product/newProducts/?page=1,16329,0,1535
1717757560491,16332,GetNewProducts,200,OK,Thread Group 5000 1-1098,text,true,,1864,150,2811,2811,http://localhost:5000/api/product/newProducts/?page=1,16332,0,1537
1717757560491,16332,GetNewProducts,200,OK,Thread Group 5000 1-2288,text,true,,1864,150,2810,2810,http://localhost:5000/api/product/newProducts/?page=1,16332,0,1538
1717757560496,16328,GetNewProducts,200,OK,Thread Group 5000 1-2365,text,true,,1864,150,2809,2809,http://localhost:5000/api/product/newProducts/?page=1,16328,0,1533
1717757560504,16320,GetNewProducts,200,OK,Thread Group 5000 1-1190,text,true,,1864,150,2808,2808,http://localhost:5000/api/product/newProducts/?page=1,16320,0,1525
1717757560496,16329,GetNewProducts,200,OK,Thread Group 5000 1-1138,text,true,,1864,150,2807,2807,http://localhost:5000/api/product/newProducts/?page=1,16329,0,1533
1717757560491,16334,GetNewProducts,200,OK,Thread Group 5000 1-1115,text,true,,1864,150,2806,2806,http://localhost:5000/api/product/newProducts/?page=1,16334,0,1537
1717757560498,16327,GetNewProducts,200,OK,Thread Group 5000 1-2390,text,true,,1864,150,2805,2805,http://localhost:5000/api/product/newProducts/?page=1,16327,0,1531
1717757560498,16328,GetNewProducts,200,OK,Thread Group 5000 1-1151,text,true,,1864,150,2804,2804,http://localhost:5000/api/product/newProducts/?page=1,16328,0,1531
1717757560492,16334,GetNewProducts,200,OK,Thread Group 5000 1-1124,text,true,,1864,150,2803,2803,http://localhost:5000/api/product/newProducts/?page=1,16334,0,1537
1717757560489,16338,GetNewProducts,200,OK,Thread Group 5000 1-1096,text,true,,1864,150,2802,2802,http://localhost:5000/api/product/newProducts/?page=1,16338,0,1539
1717757560493,16335,GetNewProducts,200,OK,Thread Group 5000 1-1116,text,true,,1864,150,2801,2801,http://localhost:5000/api/product/newProducts/?page=1,16335,0,1536
1717757560503,16325,GetNewProducts,200,OK,Thread Group 5000 1-1185,text,true,,1864,150,2800,2800,http://localhost:5000/api/product/newProducts/?page=1,16325,0,1526
1717757560496,16333,GetNewProducts,200,OK,Thread Group 5000 1-1136,text,true,,1864,150,2799,2799,http://localhost:5000/api/product/newProducts/?page=1,16333,0,1533
1717757560504,16325,GetNewProducts,200,OK,Thread Group 5000 1-1171,text,true,,1864,150,2798,2798,http://localhost:5000/api/product/newProducts/?page=1,16325,0,1525
1717757560490,16340,GetNewProducts,200,OK,Thread Group 5000 1-1087,text,true,,1864,150,2797,2797,http://localhost:5000/api/product/newProducts/?page=1,16340,0,1539
1717757560513,16317,GetNewProducts,200,OK,Thread Group 5000 1-1224,text,true,,1864,150,2796,2796,http://localhost:5000/api/product/newProducts/?page=1,16317,0,1529
1717757560493,16338,GetNewProducts,200,OK,Thread Group 5000 1-2311,text,true,,1864,150,2795,2795,http://localhost:5000/api/product/newProducts/?page=1,16338,0,1536
1717757560506,16325,GetNewProducts,200,OK,Thread Group 5000 1-1182,text,true,,1864,150,2794,2794,http://localhost:5000/api/product/newProducts/?page=1,16325,0,1536
1717757560505,16327,GetNewProducts,200,OK,Thread Group 5000 1-1186,text,true,,1864,150,2793,2793,http://localhost:5000/api/product/newProducts/?page=1,16327,0,1537
1717757560518,16314,GetNewProducts,200,OK,Thread Group 5000 1-1261,text,true,,1864,150,2792,2792,http://localhost:5000/api/product/newProducts/?page=1,16314,0,1524
1717757560502,16331,GetNewProducts,200,OK,Thread Group 5000 1-1168,text,true,,1864,150,2791,2791,http://localhost:5000/api/product/newProducts/?page=1,16331,0,1527
1717757560509,16324,GetNewProducts,200,OK,Thread Group 5000 1-1199,text,true,,1864,150,2790,2790,http://localhost:5000/api/product/newProducts/?page=1,16324,0,1533
1717757560497,16337,GetNewProducts,200,OK,Thread Group 5000 1-1144,text,true,,1864,150,2789,2789,http://localhost:5000/api/product/newProducts/?page=1,16337,0,1532
1717757560500,16334,GetNewProducts,200,OK,Thread Group 5000 1-1153,text,true,,1864,150,2788,2788,http://localhost:5000/api/product/newProducts/?page=1,16334,0,1529
1717757560504,16331,GetNewProducts,200,OK,Thread Group 5000 1-1178,text,true,,1864,150,2787,2787,http://localhost:5000/api/product/newProducts/?page=1,16331,0,1525
1717757560495,16340,GetNewProducts,200,OK,Thread Group 5000 1-1134,text,true,,1864,150,2786,2786,http://localhost:5000/api/product/newProducts/?page=1,16340,0,1534
1717757560512,16323,GetNewProducts,200,OK,Thread Group 5000 1-2625,text,true,,1864,150,2785,2785,http://localhost:5000/api/product/newProducts/?page=1,16323,0,1530
1717757560516,16320,GetNewProducts,200,OK,Thread Group 5000 1-1239,text,true,,1864,150,2784,2784,http://localhost:5000/api/product/newProducts/?page=1,16320,0,1527
1717757560511,16325,GetNewProducts,200,OK,Thread Group 5000 1-1204,text,true,,1864,150,2783,2783,http://localhost:5000/api/product/newProducts/?page=1,16325,0,1531
1717757560519,16319,GetNewProducts,200,OK,Thread Group 5000 1-1280,text,true,,1864,150,2782,2782,http://localhost:5000/api/product/newProducts/?page=1,16319,0,1523
1717757560516,16322,GetNewProducts,200,OK,Thread Group 5000 1-1246,text,true,,1864,150,2781,2781,http://localhost:5000/api/product/newProducts/?page=1,16322,0,1526
1717757560518,16321,GetNewProducts,200,OK,Thread Group 5000 1-1269,text,true,,1864,150,2780,2780,http://localhost:5000/api/product/newProducts/?page=1,16321,0,1525
1717757560517,16322,GetNewProducts,200,OK,Thread Group 5000 1-1258,text,true,,1864,150,2779,2779,http://localhost:5000/api/product/newProducts/?page=1,16322,0,1525
1717757560518,16321,GetNewProducts,200,OK,Thread Group 5000 1-1272,text,true,,1864,150,2778,2778,http://localhost:5000/api/product/newProducts/?page=1,16321,0,1524
1717757560505,16335,GetNewProducts,200,OK,Thread Group 5000 1-1183,text,true,,1864,150,2777,2777,http://localhost:5000/api/product/newProducts/?page=1,16335,0,1538
1717757560517,16323,GetNewProducts,200,OK,Thread Group 5000 1-2699,text,true,,1864,150,2776,2776,http://localhost:5000/api/product/newProducts/?page=1,16323,0,1526
1717757560512,16328,GetNewProducts,200,OK,Thread Group 5000 1-1215,text,true,,1864,150,2775,2775,http://localhost:5000/api/product/newProducts/?page=1,16328,0,1531
1717757560506,16335,GetNewProducts,200,OK,Thread Group 5000 1-1200,text,true,,1864,150,2774,2774,http://localhost:5000/api/product/newProducts/?page=1,16335,0,1537
1717757560514,16327,GetNewProducts,200,OK,Thread Group 5000 1-1234,text,true,,1864,150,2773,2773,http://localhost:5000/api/product/newProducts/?page=1,16327,0,1529
1717757560520,16323,GetNewProducts,200,OK,Thread Group 5000 1-535,text,true,,1864,150,2772,2772,http://localhost:5000/api/product/newProducts/?page=1,16323,0,1523
1717757560506,16337,GetNewProducts,200,OK,Thread Group 5000 1-1194,text,true,,1864,150,2771,2771,http://localhost:5000/api/product/newProducts/?page=1,16337,0,1537
1717757560513,16331,GetNewProducts,200,OK,Thread Group 5000 1-1221,text,true,,1864,150,2770,2770,http://localhost:5000/api/product/newProducts/?page=1,16331,0,1530
1717757560514,16330,GetNewProducts,200,OK,Thread Group 5000 1-1232,text,true,,1864,150,2769,2769,http://localhost:5000/api/product/newProducts/?page=1,16330,0,1529
1717757560512,16333,GetNewProducts,200,OK,Thread Group 5000 1-1209,text,true,,1864,150,2768,2768,http://localhost:5000/api/product/newProducts/?page=1,16333,0,1531
1717757560515,16330,GetNewProducts,200,OK,Thread Group 5000 1-515,text,true,,1864,150,2767,2767,http://localhost:5000/api/product/newProducts/?page=1,16330,0,1528
1717757560506,16340,GetNewProducts,200,OK,Thread Group 5000 1-2518,text,true,,1864,150,2766,2766,http://localhost:5000/api/product/newProducts/?page=1,16340,0,1537
1717757560517,16329,GetNewProducts,200,OK,Thread Group 5000 1-514,text,true,,1864,150,2765,2765,http://localhost:5000/api/product/newProducts/?page=1,16329,0,1526
1717757560511,16335,GetNewProducts,200,OK,Thread Group 5000 1-2604,text,true,,1864,150,2764,2764,http://localhost:5000/api/product/newProducts/?page=1,16335,0,1532
1717757560504,16343,GetNewProducts,200,OK,Thread Group 5000 1-1191,text,true,,1864,150,2763,2763,http://localhost:5000/api/product/newProducts/?page=1,16343,0,1539
1717757560512,16339,GetNewProducts,200,OK,Thread Group 5000 1-1213,text,true,,1864,150,2762,2762,http://localhost:5000/api/product/newProducts/?page=1,16339,0,1531
1717757560510,16341,GetNewProducts,200,OK,Thread Group 5000 1-1205,text,true,,1864,150,2761,2761,http://localhost:5000/api/product/newProducts/?page=1,16341,0,1533
1717757560518,16334,GetNewProducts,200,OK,Thread Group 5000 1-1265,text,true,,1864,150,2760,2760,http://localhost:5000/api/product/newProducts/?page=1,16334,0,1525
1717757560506,16346,GetNewProducts,200,OK,Thread Group 5000 1-1201,text,true,,1864,150,2759,2759,http://localhost:5000/api/product/newProducts/?page=1,16346,0,1537
1717757560514,16339,GetNewProducts,200,OK,Thread Group 5000 1-1235,text,true,,1864,150,2758,2758,http://localhost:5000/api/product/newProducts/?page=1,16339,0,1529
1717757560512,16341,GetNewProducts,200,OK,Thread Group 5000 1-2632,text,true,,1864,150,2757,2757,http://localhost:5000/api/product/newProducts/?page=1,16341,0,1531
1717757560517,16337,GetNewProducts,200,OK,Thread Group 5000 1-2698,text,true,,1864,150,2756,2756,http://localhost:5000/api/product/newProducts/?page=1,16337,0,1526
1717757560513,16341,GetNewProducts,200,OK,Thread Group 5000 1-2642,text,true,,1864,150,2755,2755,http://localhost:5000/api/product/newProducts/?page=1,16341,0,1530
1717757560516,16338,GetNewProducts,200,OK,Thread Group 5000 1-1244,text,true,,1864,150,2754,2754,http://localhost:5000/api/product/newProducts/?page=1,16338,0,1527
1717757560512,16343,GetNewProducts,200,OK,Thread Group 5000 1-1218,text,true,,1864,150,2753,2753,http://localhost:5000/api/product/newProducts/?page=1,16343,0,1531
1717757560512,16344,GetNewProducts,200,OK,Thread Group 5000 1-1214,text,true,,1864,150,2752,2752,http://localhost:5000/api/product/newProducts/?page=1,16344,0,1531
1717757560514,16342,GetNewProducts,200,OK,Thread Group 5000 1-1229,text,true,,1864,150,2751,2751,http://localhost:5000/api/product/newProducts/?page=1,16342,0,1529
1717757560518,16339,GetNewProducts,200,OK,Thread Group 5000 1-2725,text,true,,1864,150,2750,2750,http://localhost:5000/api/product/newProducts/?page=1,16339,0,1525
1717757560517,16340,GetNewProducts,200,OK,Thread Group 5000 1-2709,text,true,,1864,150,2749,2749,http://localhost:5000/api/product/newProducts/?page=1,16340,0,1526
1717757560505,16353,GetNewProducts,200,OK,Thread Group 5000 1-1179,text,true,,1864,150,2748,2748,http://localhost:5000/api/product/newProducts/?page=1,16353,0,1538
1717757560519,16339,GetNewProducts,200,OK,Thread Group 5000 1-2734,text,true,,1864,150,2747,2747,http://localhost:5000/api/product/newProducts/?page=1,16339,0,1524
1717757560512,16347,GetNewProducts,200,OK,Thread Group 5000 1-502,text,true,,1864,150,2746,2746,http://localhost:5000/api/product/newProducts/?page=1,16347,0,1531
1717757560511,16348,GetNewProducts,200,OK,Thread Group 5000 1-1212,text,true,,1864,150,2745,2745,http://localhost:5000/api/product/newProducts/?page=1,16348,0,1532
1717757560508,16351,GetNewProducts,200,OK,Thread Group 5000 1-1198,text,true,,1864,150,2744,2744,http://localhost:5000/api/product/newProducts/?page=1,16351,0,1535
1717757560515,16345,GetNewProducts,200,OK,Thread Group 5000 1-511,text,true,,1864,150,2743,2743,http://localhost:5000/api/product/newProducts/?page=1,16345,0,1528
1717757560516,16345,GetNewProducts,200,OK,Thread Group 5000 1-1238,text,true,,1864,150,2742,2742,http://localhost:5000/api/product/newProducts/?page=1,16345,0,1527
1717757560517,16344,GetNewProducts,200,OK,Thread Group 5000 1-512,text,true,,1864,150,2741,2741,http://localhost:5000/api/product/newProducts/?page=1,16344,0,1526
1717757560516,16346,GetNewProducts,200,OK,Thread Group 5000 1-1242,text,true,,1864,150,2740,2740,http://localhost:5000/api/product/newProducts/?page=1,16346,0,1527
1717757560517,16345,GetNewProducts,200,OK,Thread Group 5000 1-2712,text,true,,1864,150,2739,2739,http://localhost:5000/api/product/newProducts/?page=1,16345,0,1526
1717757560506,16356,GetNewProducts,200,OK,Thread Group 5000 1-1196,text,true,,1864,150,2738,2738,http://localhost:5000/api/product/newProducts/?page=1,16356,0,1537
1717757560519,16344,GetNewProducts,200,OK,Thread Group 5000 1-1277,text,true,,1864,150,2737,2737,http://localhost:5000/api/product/newProducts/?page=1,16344,0,1524
1717757560519,16344,GetNewProducts,200,OK,Thread Group 5000 1-1274,text,true,,1864,150,2736,2736,http://localhost:5000/api/product/newProducts/?page=1,16344,0,1524
1717757560513,16351,GetNewProducts,200,OK,Thread Group 5000 1-1227,text,true,,1864,150,2735,2735,http://localhost:5000/api/product/newProducts/?page=1,16351,0,1530
1717757560518,16346,GetNewProducts,200,OK,Thread Group 5000 1-1263,text,true,,1864,150,2734,2734,http://localhost:5000/api/product/newProducts/?page=1,16346,0,1525
1717757560517,16348,GetNewProducts,200,OK,Thread Group 5000 1-1254,text,true,,1864,150,2733,2733,http://localhost:5000/api/product/newProducts/?page=1,16348,0,1526
1717757560518,16348,GetNewProducts,200,OK,Thread Group 5000 1-1268,text,true,,1864,150,2732,2732,http://localhost:5000/api/product/newProducts/?page=1,16348,0,1526
1717757560518,16348,GetNewProducts,200,OK,Thread Group 5000 1-1267,text,true,,1864,150,2731,2731,http://localhost:5000/api/product/newProducts/?page=1,16348,0,1525
1717757560511,16356,GetNewProducts,200,OK,Thread Group 5000 1-1206,text,true,,1864,150,2730,2730,http://localhost:5000/api/product/newProducts/?page=1,16356,0,1533
1717757560514,16353,GetNewProducts,200,OK,Thread Group 5000 1-1231,text,true,,1864,150,2729,2729,http://localhost:5000/api/product/newProducts/?page=1,16353,0,1529
1717757560519,16349,GetNewProducts,200,OK,Thread Group 5000 1-1281,text,true,,1864,150,2728,2728,http://localhost:5000/api/product/newProducts/?page=1,16349,0,1524
1717757560514,16354,GetNewProducts,200,OK,Thread Group 5000 1-2654,text,true,,1864,150,2727,2727,http://localhost:5000/api/product/newProducts/?page=1,16354,0,1530
1717757560506,16362,GetNewProducts,200,OK,Thread Group 5000 1-1197,text,true,,1864,150,2726,2726,http://localhost:5000/api/product/newProducts/?page=1,16362,0,1538
1717757560513,16356,GetNewProducts,200,OK,Thread Group 5000 1-1226,text,true,,1864,150,2725,2725,http://localhost:5000/api/product/newProducts/?page=1,16356,0,1531
1717757560505,16364,GetNewProducts,200,OK,Thread Group 5000 1-1193,text,true,,1864,150,2724,2724,http://localhost:5000/api/product/newProducts/?page=1,16364,0,1539
1717757560516,16354,GetNewProducts,200,OK,Thread Group 5000 1-1247,text,true,,1864,150,2723,2723,http://localhost:5000/api/product/newProducts/?page=1,16354,0,1528
1717757560518,16353,GetNewProducts,200,OK,Thread Group 5000 1-1270,text,true,,1864,150,2722,2722,http://localhost:5000/api/product/newProducts/?page=1,16353,0,1526
1717757560508,16363,GetNewProducts,200,OK,Thread Group 5000 1-1203,text,true,,1864,150,2721,2721,http://localhost:5000/api/product/newProducts/?page=1,16363,0,1536
1717757560517,16355,GetNewProducts,200,OK,Thread Group 5000 1-1255,text,true,,1864,150,2720,2720,http://localhost:5000/api/product/newProducts/?page=1,16355,0,1527
1717757560504,16368,GetNewProducts,200,OK,Thread Group 5000 1-1192,text,true,,1864,150,2719,2719,http://localhost:5000/api/product/newProducts/?page=1,16368,0,1539
1717757560516,16357,GetNewProducts,200,OK,Thread Group 5000 1-1243,text,true,,1864,150,2718,2718,http://localhost:5000/api/product/newProducts/?page=1,16357,0,1528
1717757560519,16354,GetNewProducts,200,OK,Thread Group 5000 1-1279,text,true,,1864,150,2717,2717,http://localhost:5000/api/product/newProducts/?page=1,16354,0,1525
1717757560506,16367,GetNewProducts,200,OK,Thread Group 5000 1-2517,text,true,,1864,150,2716,2716,http://localhost:5000/api/product/newProducts/?page=1,16367,0,1538
1717757560518,16356,GetNewProducts,200,OK,Thread Group 5000 1-1260,text,true,,1864,150,2715,2715,http://localhost:5000/api/product/newProducts/?page=1,16356,0,1525
1717757560511,16363,GetNewProducts,200,OK,Thread Group 5000 1-2605,text,true,,1864,150,2714,2714,http://localhost:5000/api/product/newProducts/?page=1,16363,0,1532
1717757560512,16362,GetNewProducts,200,OK,Thread Group 5000 1-1219,text,true,,1864,150,2713,2713,http://localhost:5000/api/product/newProducts/?page=1,16362,0,1532
1717757560512,16363,GetNewProducts,200,OK,Thread Group 5000 1-2621,text,true,,1864,150,2712,2712,http://localhost:5000/api/product/newProducts/?page=1,16363,0,1532
1717757560514,16362,GetNewProducts,200,OK,Thread Group 5000 1-1230,text,true,,1864,150,2711,2711,http://localhost:5000/api/product/newProducts/?page=1,16362,0,1530
1717757560512,16364,GetNewProducts,200,OK,Thread Group 5000 1-1210,text,true,,1864,150,2710,2710,http://localhost:5000/api/product/newProducts/?page=1,16364,0,1532
1717757560515,16362,GetNewProducts,200,OK,Thread Group 5000 1-1241,text,true,,1864,150,2709,2709,http://localhost:5000/api/product/newProducts/?page=1,16362,0,1529
1717757560516,16361,GetNewProducts,200,OK,Thread Group 5000 1-1245,text,true,,1864,150,2708,2708,http://localhost:5000/api/product/newProducts/?page=1,16361,0,1527
1717757560513,16365,GetNewProducts,200,OK,Thread Group 5000 1-1217,text,true,,1864,150,2707,2707,http://localhost:5000/api/product/newProducts/?page=1,16365,0,1530
1717757560513,16365,GetNewProducts,200,OK,Thread Group 5000 1-1228,text,true,,1864,150,2706,2706,http://localhost:5000/api/product/newProducts/?page=1,16365,0,1531
1717757560519,16360,GetNewProducts,200,OK,Thread Group 5000 1-1278,text,true,,1864,150,2705,2705,http://localhost:5000/api/product/newProducts/?page=1,16360,0,1525
1717757560518,16361,GetNewProducts,200,OK,Thread Group 5000 1-1264,text,true,,1864,150,2704,2704,http://localhost:5000/api/product/newProducts/?page=1,16361,0,1526
1717757560517,16363,GetNewProducts,200,OK,Thread Group 5000 1-1253,text,true,,1864,150,2703,2703,http://localhost:5000/api/product/newProducts/?page=1,16363,0,1527
1717757560520,16361,GetNewProducts,200,OK,Thread Group 5000 1-1283,text,true,,1864,150,2702,2702,http://localhost:5000/api/product/newProducts/?page=1,16361,0,1524
1717757560514,16367,GetNewProducts,200,OK,Thread Group 5000 1-1237,text,true,,1864,150,2701,2701,http://localhost:5000/api/product/newProducts/?page=1,16367,0,1530
1717757560517,16365,GetNewProducts,200,OK,Thread Group 5000 1-1256,text,true,,1864,150,2700,2700,http://localhost:5000/api/product/newProducts/?page=1,16365,0,1527
1717757560518,16364,GetNewProducts,200,OK,Thread Group 5000 1-1266,text,true,,1864,150,2699,2699,http://localhost:5000/api/product/newProducts/?page=1,16364,0,1526
1717757560516,16366,GetNewProducts,200,OK,Thread Group 5000 1-2691,text,true,,1864,150,2698,2698,http://localhost:5000/api/product/newProducts/?page=1,16366,0,1528
1717757560513,16370,GetNewProducts,200,OK,Thread Group 5000 1-1220,text,true,,1864,150,2697,2697,http://localhost:5000/api/product/newProducts/?page=1,16370,0,1531
1717757560511,16373,GetNewProducts,200,OK,Thread Group 5000 1-1207,text,true,,1864,150,2696,2696,http://localhost:5000/api/product/newProducts/?page=1,16373,0,1533
1717757560518,16366,GetNewProducts,200,OK,Thread Group 5000 1-1273,text,true,,1864,150,2695,2695,http://localhost:5000/api/product/newProducts/?page=1,16366,0,1526
1717757560518,16366,GetNewProducts,200,OK,Thread Group 5000 1-1262,text,true,,1864,150,2694,2694,http://localhost:5000/api/product/newProducts/?page=1,16366,0,1526
1717757560520,16365,GetNewProducts,200,OK,Thread Group 5000 1-1290,text,true,,1864,150,2693,2693,http://localhost:5000/api/product/newProducts/?page=1,16365,0,1524
1717757561034,15852,GetNewProducts,200,OK,Thread Group 5000 1-4548,text,true,,1864,150,2692,2692,http://localhost:5000/api/product/newProducts/?page=1,15852,0,1026
1717757560521,16366,GetNewProducts,200,OK,Thread Group 5000 1-1299,text,true,,1864,150,2691,2691,http://localhost:5000/api/product/newProducts/?page=1,16366,0,1539
1717757560519,16368,GetNewProducts,200,OK,Thread Group 5000 1-1282,text,true,,1864,150,2690,2690,http://localhost:5000/api/product/newProducts/?page=1,16368,0,1541
1717757560519,16368,GetNewProducts,200,OK,Thread Group 5000 1-1275,text,true,,1864,150,2689,2689,http://localhost:5000/api/product/newProducts/?page=1,16368,0,1541
1717757561034,15854,GetNewProducts,200,OK,Thread Group 5000 1-3519,text,true,,1864,150,2688,2688,http://localhost:5000/api/product/newProducts/?page=1,15854,0,1026
1717757560521,16367,GetNewProducts,200,OK,Thread Group 5000 1-1298,text,true,,1864,150,2687,2687,http://localhost:5000/api/product/newProducts/?page=1,16367,0,1539
1717757561037,15852,GetNewProducts,200,OK,Thread Group 5000 1-3500,text,true,,1864,150,2686,2686,http://localhost:5000/api/product/newProducts/?page=1,15852,0,1023
1717757561035,15854,GetNewProducts,200,OK,Thread Group 5000 1-4811,text,true,,1864,150,2685,2685,http://localhost:5000/api/product/newProducts/?page=1,15854,0,1025
1717757561038,15851,GetNewProducts,200,OK,Thread Group 5000 1-3566,text,true,,1864,150,2684,2684,http://localhost:5000/api/product/newProducts/?page=1,15851,0,1022
1717757561034,15856,GetNewProducts,200,OK,Thread Group 5000 1-3525,text,true,,1864,150,2683,2683,http://localhost:5000/api/product/newProducts/?page=1,15856,0,1026
1717757560522,16369,GetNewProducts,200,OK,Thread Group 5000 1-1306,text,true,,1864,150,2682,2682,http://localhost:5000/api/product/newProducts/?page=1,16369,0,1538
1717757560520,16371,GetNewProducts,200,OK,Thread Group 5000 1-1291,text,true,,1864,150,2681,2681,http://localhost:5000/api/product/newProducts/?page=1,16371,0,1540
1717757560523,16369,GetNewProducts,200,OK,Thread Group 5000 1-1313,text,true,,1864,150,2680,2680,http://localhost:5000/api/product/newProducts/?page=1,16369,0,1537
1717757561037,15855,GetNewProducts,200,OK,Thread Group 5000 1-3403,text,true,,1864,150,2679,2679,http://localhost:5000/api/product/newProducts/?page=1,15855,0,1023
1717757561034,15859,GetNewProducts,200,OK,Thread Group 5000 1-4534,text,true,,1864,150,2678,2678,http://localhost:5000/api/product/newProducts/?page=1,15859,0,1026
1717757560522,16371,GetNewProducts,200,OK,Thread Group 5000 1-1314,text,true,,1864,150,2677,2677,http://localhost:5000/api/product/newProducts/?page=1,16371,0,1538
1717757561039,15855,GetNewProducts,200,OK,Thread Group 5000 1-4648,text,true,,1864,150,2676,2676,http://localhost:5000/api/product/newProducts/?page=1,15855,0,1021
1717757561036,15858,GetNewProducts,200,OK,Thread Group 5000 1-3541,text,true,,1864,150,2675,2675,http://localhost:5000/api/product/newProducts/?page=1,15858,0,1024
1717757561035,15860,GetNewProducts,200,OK,Thread Group 5000 1-4703,text,true,,1864,150,2674,2674,http://localhost:5000/api/product/newProducts/?page=1,15860,0,1025
1717757561039,15856,GetNewProducts,200,OK,Thread Group 5000 1-4053,text,true,,1864,150,2673,2673,http://localhost:5000/api/product/newProducts/?page=1,15856,0,1021
1717757561035,15861,GetNewProducts,200,OK,Thread Group 5000 1-3437,text,true,,1864,150,2672,2672,http://localhost:5000/api/product/newProducts/?page=1,15861,0,1025
1717757560523,16373,GetNewProducts,200,OK,Thread Group 5000 1-1322,text,true,,1864,150,2671,2671,http://localhost:5000/api/product/newProducts/?page=1,16373,0,1537
1717757561041,15856,GetNewProducts,200,OK,Thread Group 5000 1-4801,text,true,,1864,150,2670,2670,http://localhost:5000/api/product/newProducts/?page=1,15856,0,1019
1717757561036,15861,GetNewProducts,200,OK,Thread Group 5000 1-3436,text,true,,1864,150,2669,2669,http://localhost:5000/api/product/newProducts/?page=1,15861,0,1024
1717757560520,16378,GetNewProducts,200,OK,Thread Group 5000 1-1289,text,true,,1864,150,2668,2668,http://localhost:5000/api/product/newProducts/?page=1,16378,0,1540
1717757561039,15859,GetNewProducts,200,OK,Thread Group 5000 1-1981,text,true,,1864,150,2667,2667,http://localhost:5000/api/product/newProducts/?page=1,15859,0,1021
1717757561042,15857,GetNewProducts,200,OK,Thread Group 5000 1-3796,text,true,,1864,150,2666,2666,http://localhost:5000/api/product/newProducts/?page=1,15857,0,1018
1717757560522,16377,GetNewProducts,200,OK,Thread Group 5000 1-1305,text,true,,1864,150,2665,2665,http://localhost:5000/api/product/newProducts/?page=1,16377,0,1538
1717757561046,15853,GetNewProducts,200,OK,Thread Group 5000 1-3548,text,true,,1864,150,2664,2664,http://localhost:5000/api/product/newProducts/?page=1,15853,0,1015
1717757561043,15857,GetNewProducts,200,OK,Thread Group 5000 1-4281,text,true,,1864,150,2663,2663,http://localhost:5000/api/product/newProducts/?page=1,15857,0,1017
1717757561038,15863,GetNewProducts,200,OK,Thread Group 5000 1-3427,text,true,,1864,150,2662,2662,http://localhost:5000/api/product/newProducts/?page=1,15863,0,1022
1717757560520,16381,GetNewProducts,200,OK,Thread Group 5000 1-1287,text,true,,1864,150,2661,2661,http://localhost:5000/api/product/newProducts/?page=1,16381,0,1540
1717757561042,15860,GetNewProducts,200,OK,Thread Group 5000 1-3904,text,true,,1864,150,2660,2660,http://localhost:5000/api/product/newProducts/?page=1,15860,0,1018
1717757561041,15861,GetNewProducts,200,OK,Thread Group 5000 1-3949,text,true,,1864,150,2659,2659,http://localhost:5000/api/product/newProducts/?page=1,15861,0,1019
1717757560524,16378,GetNewProducts,200,OK,Thread Group 5000 1-1323,text,true,,1864,150,2658,2658,http://localhost:5000/api/product/newProducts/?page=1,16378,0,1536
1717757561043,15860,GetNewProducts,200,OK,Thread Group 5000 1-3672,text,true,,1864,150,2657,2657,http://localhost:5000/api/product/newProducts/?page=1,15860,0,1018
1717757561046,15857,GetNewProducts,200,OK,Thread Group 5000 1-3749,text,true,,1864,150,2656,2656,http://localhost:5000/api/product/newProducts/?page=1,15857,0,1015
1717757560524,16380,GetNewProducts,200,OK,Thread Group 5000 1-2810,text,true,,1864,150,2655,2655,http://localhost:5000/api/product/newProducts/?page=1,16380,0,1536
1717757561036,15868,GetNewProducts,200,OK,Thread Group 5000 1-4120,text,true,,1864,150,2654,2654,http://localhost:5000/api/product/newProducts/?page=1,15868,0,1025
1717757560523,16382,GetNewProducts,200,OK,Thread Group 5000 1-1316,text,true,,1864,150,2653,2653,http://localhost:5000/api/product/newProducts/?page=1,16382,0,1537
1717757561042,15864,GetNewProducts,200,OK,Thread Group 5000 1-3623,text,true,,1864,150,2652,2652,http://localhost:5000/api/product/newProducts/?page=1,15864,0,1019
1717757561034,15872,GetNewProducts,200,OK,Thread Group 5000 1-4461,text,true,,1864,150,2651,2651,http://localhost:5000/api/product/newProducts/?page=1,15872,0,1026
1717757561040,15867,GetNewProducts,200,OK,Thread Group 5000 1-4869,text,true,,1864,150,2650,2650,http://localhost:5000/api/product/newProducts/?page=1,15867,0,1021
1717757561042,15865,GetNewProducts,200,OK,Thread Group 5000 1-3626,text,true,,1864,150,2649,2649,http://localhost:5000/api/product/newProducts/?page=1,15865,0,1019
1717757560521,16387,GetNewProducts,200,OK,Thread Group 5000 1-1301,text,true,,1864,150,2648,2648,http://localhost:5000/api/product/newProducts/?page=1,16387,0,1539
1717757561038,15870,GetNewProducts,200,OK,Thread Group 5000 1-4865,text,true,,1864,150,2647,2647,http://localhost:5000/api/product/newProducts/?page=1,15870,0,1023
1717757561034,15875,GetNewProducts,200,OK,Thread Group 5000 1-3528,text,true,,1864,150,2646,2646,http://localhost:5000/api/product/newProducts/?page=1,15875,0,1026
1717757561044,15865,GetNewProducts,200,OK,Thread Group 5000 1-3360,text,true,,1864,150,2645,2645,http://localhost:5000/api/product/newProducts/?page=1,15865,0,1017
1717757560522,16387,GetNewProducts,200,OK,Thread Group 5000 1-554,text,true,,1864,150,2644,2644,http://localhost:5000/api/product/newProducts/?page=1,16387,0,1538
1717757561042,15868,GetNewProducts,200,OK,Thread Group 5000 1-3352,text,true,,1864,150,2643,2643,http://localhost:5000/api/product/newProducts/?page=1,15868,0,1019
1717757560521,16390,GetNewProducts,200,OK,Thread Group 5000 1-1293,text,true,,1864,150,2642,2642,http://localhost:5000/api/product/newProducts/?page=1,16390,0,1539
1717757561034,15877,GetNewProducts,200,OK,Thread Group 5000 1-3454,text,true,,1864,150,2641,2641,http://localhost:5000/api/product/newProducts/?page=1,15877,0,1027
1717757561045,15867,GetNewProducts,200,OK,Thread Group 5000 1-3513,text,true,,1864,150,2640,2640,http://localhost:5000/api/product/newProducts/?page=1,15867,0,1016
1717757561040,15872,GetNewProducts,200,OK,Thread Group 5000 1-4009,text,true,,1864,150,2639,2639,http://localhost:5000/api/product/newProducts/?page=1,15872,0,1021
1717757561034,15879,GetNewProducts,200,OK,Thread Group 5000 1-4862,text,true,,1864,150,2638,2638,http://localhost:5000/api/product/newProducts/?page=1,15879,0,1026
1717757560524,16389,GetNewProducts,200,OK,Thread Group 5000 1-1328,text,true,,1864,150,2637,2637,http://localhost:5000/api/product/newProducts/?page=1,16389,0,1536
1717757560522,16391,GetNewProducts,200,OK,Thread Group 5000 1-1310,text,true,,1864,150,2636,2636,http://localhost:5000/api/product/newProducts/?page=1,16391,0,1538
1717757560521,16393,GetNewProducts,200,OK,Thread Group 5000 1-2764,text,true,,1864,150,2635,2635,http://localhost:5000/api/product/newProducts/?page=1,16393,0,1540
1717757560522,16392,GetNewProducts,200,OK,Thread Group 5000 1-1309,text,true,,1864,150,2634,2634,http://localhost:5000/api/product/newProducts/?page=1,16392,0,1538
1717757561046,15869,GetNewProducts,200,OK,Thread Group 5000 1-1796,text,true,,1864,150,2633,2633,http://localhost:5000/api/product/newProducts/?page=1,15869,0,1015
1717757560524,16392,GetNewProducts,200,OK,Thread Group 5000 1-1326,text,true,,1864,150,2632,2632,http://localhost:5000/api/product/newProducts/?page=1,16392,0,1536
1717757560520,16396,GetNewProducts,200,OK,Thread Group 5000 1-2756,text,true,,1864,150,2631,2631,http://localhost:5000/api/product/newProducts/?page=1,16396,0,1540
1717757560521,16396,GetNewProducts,200,OK,Thread Group 5000 1-1294,text,true,,1864,150,2630,2630,http://localhost:5000/api/product/newProducts/?page=1,16396,0,1539
1717757561042,15875,GetNewProducts,200,OK,Thread Group 5000 1-3768,text,true,,1864,150,2629,2629,http://localhost:5000/api/product/newProducts/?page=1,15875,0,1019
1717757561034,15884,GetNewProducts,200,OK,Thread Group 5000 1-3471,text,true,,1864,150,2628,2628,http://localhost:5000/api/product/newProducts/?page=1,15884,0,1026
1717757560520,16398,GetNewProducts,200,OK,Thread Group 5000 1-1286,text,true,,1864,150,2627,2627,http://localhost:5000/api/product/newProducts/?page=1,16398,0,1540
1717757560522,16397,GetNewProducts,200,OK,Thread Group 5000 1-1307,text,true,,1864,150,2626,2626,http://localhost:5000/api/product/newProducts/?page=1,16397,0,1538
1717757561044,15875,GetNewProducts,200,OK,Thread Group 5000 1-3319,text,true,,1864,150,2625,2625,http://localhost:5000/api/product/newProducts/?page=1,15875,0,1017
1717757561038,15887,GetNewProducts,200,OK,Thread Group 5000 1-4830,text,true,,1864,150,2624,2624,http://localhost:5000/api/product/newProducts/?page=1,15887,0,1022
1717757560524,16401,GetNewProducts,200,OK,Thread Group 5000 1-557,text,true,,1864,150,2624,2624,http://localhost:5000/api/product/newProducts/?page=1,16401,0,1536
1717757561043,15882,GetNewProducts,200,OK,Thread Group 5000 1-3329,text,true,,1864,150,2624,2624,http://localhost:5000/api/product/newProducts/?page=1,15882,0,1018
1717757561035,15890,GetNewProducts,200,OK,Thread Group 5000 1-4815,text,true,,1864,150,2624,2624,http://localhost:5000/api/product/newProducts/?page=1,15890,0,1025
1717757561038,15887,GetNewProducts,200,OK,Thread Group 5000 1-4124,text,true,,1864,150,2624,2624,http://localhost:5000/api/product/newProducts/?page=1,15887,0,1023
1717757561042,15883,GetNewProducts,200,OK,Thread Group 5000 1-3809,text,true,,1864,150,2623,2623,http://localhost:5000/api/product/newProducts/?page=1,15883,0,1019
1717757561036,15889,GetNewProducts,200,OK,Thread Group 5000 1-4762,text,true,,1864,150,2623,2623,http://localhost:5000/api/product/newProducts/?page=1,15889,0,1024
1717757561037,15888,GetNewProducts,200,OK,Thread Group 5000 1-3413,text,true,,1864,150,2617,2617,http://localhost:5000/api/product/newProducts/?page=1,15888,0,1024
1717757561037,15888,GetNewProducts,200,OK,Thread Group 5000 1-3550,text,true,,1864,150,2617,2617,http://localhost:5000/api/product/newProducts/?page=1,15888,0,1023
1717757560520,16405,GetNewProducts,200,OK,Thread Group 5000 1-1284,text,true,,1864,150,2615,2615,http://localhost:5000/api/product/newProducts/?page=1,16405,0,1540
1717757561035,15890,GetNewProducts,200,OK,Thread Group 5000 1-4129,text,true,,1864,150,2614,2614,http://localhost:5000/api/product/newProducts/?page=1,15890,0,1026
1717757560523,16402,GetNewProducts,200,OK,Thread Group 5000 1-1315,text,true,,1864,150,2613,2613,http://localhost:5000/api/product/newProducts/?page=1,16402,0,1538
1717757561046,15879,GetNewProducts,200,OK,Thread Group 5000 1-4228,text,true,,1864,150,2612,2612,http://localhost:5000/api/product/newProducts/?page=1,15879,0,1015
1717757561036,15890,GetNewProducts,200,OK,Thread Group 5000 1-3421,text,true,,1864,150,2611,2611,http://localhost:5000/api/product/newProducts/?page=1,15890,0,1026
1717757561038,15888,GetNewProducts,200,OK,Thread Group 5000 1-3393,text,true,,1864,150,2610,2610,http://localhost:5000/api/product/newProducts/?page=1,15888,0,1024
1717757561041,15886,GetNewProducts,200,OK,Thread Group 5000 1-3590,text,true,,1864,150,2609,2609,http://localhost:5000/api/product/newProducts/?page=1,15886,0,1020
1717757561040,15887,GetNewProducts,200,OK,Thread Group 5000 1-4060,text,true,,1864,150,2608,2608,http://localhost:5000/api/product/newProducts/?page=1,15887,0,1021
1717757561037,15891,GetNewProducts,200,OK,Thread Group 5000 1-3405,text,true,,1864,150,2607,2607,http://localhost:5000/api/product/newProducts/?page=1,15891,0,1025
1717757561045,15883,GetNewProducts,200,OK,Thread Group 5000 1-3683,text,true,,1864,150,2606,2606,http://localhost:5000/api/product/newProducts/?page=1,15883,0,1016
1717757560521,16408,GetNewProducts,200,OK,Thread Group 5000 1-2772,text,true,,1864,150,2605,2605,http://localhost:5000/api/product/newProducts/?page=1,16408,0,1539
1717757561043,15886,GetNewProducts,200,OK,Thread Group 5000 1-3335,text,true,,1864,150,2604,2604,http://localhost:5000/api/product/newProducts/?page=1,15886,0,1018
1717757560523,16407,GetNewProducts,200,OK,Thread Group 5000 1-1317,text,true,,1864,150,2603,2603,http://localhost:5000/api/product/newProducts/?page=1,16407,0,1537
1717757561042,15888,GetNewProducts,200,OK,Thread Group 5000 1-4308,text,true,,1864,150,2602,2602,http://localhost:5000/api/product/newProducts/?page=1,15888,0,1020
1717757561039,15891,GetNewProducts,200,OK,Thread Group 5000 1-4653,text,true,,1864,150,2601,2601,http://localhost:5000/api/product/newProducts/?page=1,15891,0,1023
1717757560524,16407,GetNewProducts,200,OK,Thread Group 5000 1-2813,text,true,,1864,150,2600,2600,http://localhost:5000/api/product/newProducts/?page=1,16407,0,1536
1717757561039,15892,GetNewProducts,200,OK,Thread Group 5000 1-4045,text,true,,1864,150,2599,2599,http://localhost:5000/api/product/newProducts/?page=1,15892,0,1021
1717757561035,15897,GetNewProducts,200,OK,Thread Group 5000 1-3434,text,true,,1864,150,2598,2598,http://localhost:5000/api/product/newProducts/?page=1,15897,0,1025
1717757561036,15896,GetNewProducts,200,OK,Thread Group 5000 1-4698,text,true,,1864,150,2597,2597,http://localhost:5000/api/product/newProducts/?page=1,15896,0,1024
1717757561035,15898,GetNewProducts,200,OK,Thread Group 5000 1-3532,text,true,,1864,150,2596,2596,http://localhost:5000/api/product/newProducts/?page=1,15898,0,1025
1717757561040,15893,GetNewProducts,200,OK,Thread Group 5000 1-4663,text,true,,1864,150,2595,2595,http://localhost:5000/api/product/newProducts/?page=1,15893,0,1020
1717757560522,16412,GetNewProducts,200,OK,Thread Group 5000 1-551,text,true,,1864,150,2594,2594,http://localhost:5000/api/product/newProducts/?page=1,16412,0,1538
1717757561042,15893,GetNewProducts,200,OK,Thread Group 5000 1-3729,text,true,,1864,150,2593,2593,http://localhost:5000/api/product/newProducts/?page=1,15893,0,1020
1717757561037,15898,GetNewProducts,200,OK,Thread Group 5000 1-4105,text,true,,1864,150,2592,2592,http://localhost:5000/api/product/newProducts/?page=1,15898,0,1023
1717757561037,15899,GetNewProducts,200,OK,Thread Group 5000 1-4970,text,true,,1864,150,2591,2591,http://localhost:5000/api/product/newProducts/?page=1,15899,0,1023
1717757561043,15893,GetNewProducts,200,OK,Thread Group 5000 1-3661,text,true,,1864,150,2590,2590,http://localhost:5000/api/product/newProducts/?page=1,15893,0,1019
1717757561042,15894,GetNewProducts,200,OK,Thread Group 5000 1-3896,text,true,,1864,150,2589,2589,http://localhost:5000/api/product/newProducts/?page=1,15894,0,1019
1717757561043,15894,GetNewProducts,200,OK,Thread Group 5000 1-1641,text,true,,1864,150,2588,2588,http://localhost:5000/api/product/newProducts/?page=1,15894,0,1018
1717757561036,15901,GetNewProducts,200,OK,Thread Group 5000 1-4825,text,true,,1864,150,2587,2587,http://localhost:5000/api/product/newProducts/?page=1,15901,0,1025
1717757561039,15899,GetNewProducts,200,OK,Thread Group 5000 1-4021,text,true,,1864,150,2586,2586,http://localhost:5000/api/product/newProducts/?page=1,15899,0,1022
1717757561036,15902,GetNewProducts,200,OK,Thread Group 5000 1-3416,text,true,,1864,150,2585,2585,http://localhost:5000/api/product/newProducts/?page=1,15902,0,1025
1717757561046,15893,GetNewProducts,200,OK,Thread Group 5000 1-3288,text,true,,1864,150,2584,2584,http://localhost:5000/api/product/newProducts/?page=1,15893,0,1016
1717757561034,15905,GetNewProducts,200,OK,Thread Group 5000 1-4860,text,true,,1864,150,2583,2583,http://localhost:5000/api/product/newProducts/?page=1,15905,0,1027
1717757560523,16417,GetNewProducts,200,OK,Thread Group 5000 1-2801,text,true,,1864,150,2582,2582,http://localhost:5000/api/product/newProducts/?page=1,16417,0,1538
1717757560524,16416,GetNewProducts,200,OK,Thread Group 5000 1-1329,text,true,,1864,150,2581,2581,http://localhost:5000/api/product/newProducts/?page=1,16416,0,1537
1717757561045,15896,GetNewProducts,200,OK,Thread Group 5000 1-3481,text,true,,1864,150,2580,2580,http://localhost:5000/api/product/newProducts/?page=1,15896,0,1017
1717757561035,15906,GetNewProducts,200,OK,Thread Group 5000 1-3439,text,true,,1864,150,2579,2579,http://localhost:5000/api/product/newProducts/?page=1,15906,0,1026
1717757560522,16419,GetNewProducts,200,OK,Thread Group 5000 1-1308,text,true,,1864,150,2578,2578,http://localhost:5000/api/product/newProducts/?page=1,16419,0,1540
1717757561036,15906,GetNewProducts,200,OK,Thread Group 5000 1-4699,text,true,,1864,150,2577,2577,http://localhost:5000/api/product/newProducts/?page=1,15906,0,1025
1717757560523,16419,GetNewProducts,200,OK,Thread Group 5000 1-1320,text,true,,1864,150,2576,2576,http://localhost:5000/api/product/newProducts/?page=1,16419,0,1539
1717757561037,15906,GetNewProducts,200,OK,Thread Group 5000 1-4645,text,true,,1864,150,2575,2575,http://localhost:5000/api/product/newProducts/?page=1,15906,0,1024
1717757561037,15907,GetNewProducts,200,OK,Thread Group 5000 1-4822,text,true,,1864,150,2574,2574,http://localhost:5000/api/product/newProducts/?page=1,15907,0,1024
1717757561039,15905,GetNewProducts,200,OK,Thread Group 5000 1-3571,text,true,,1864,150,2573,2573,http://localhost:5000/api/product/newProducts/?page=1,15905,0,1022
1717757561035,15909,GetNewProducts,200,OK,Thread Group 5000 1-3533,text,true,,1864,150,2572,2572,http://localhost:5000/api/product/newProducts/?page=1,15909,0,1027
1717757561036,15909,GetNewProducts,200,OK,Thread Group 5000 1-3419,text,true,,1864,150,2571,2571,http://localhost:5000/api/product/newProducts/?page=1,15909,0,1025
1717757561038,15907,GetNewProducts,200,OK,Thread Group 5000 1-3578,text,true,,1864,150,2570,2570,http://localhost:5000/api/product/newProducts/?page=1,15907,0,1024
1717757560524,16422,GetNewProducts,200,OK,Thread Group 5000 1-1332,text,true,,1864,150,2569,2569,http://localhost:5000/api/product/newProducts/?page=1,16422,0,1537
1717757561036,15910,GetNewProducts,200,OK,Thread Group 5000 1-4697,text,true,,1864,150,2568,2568,http://localhost:5000/api/product/newProducts/?page=1,15910,0,1026
1717757561040,15907,GetNewProducts,200,OK,Thread Group 5000 1-4037,text,true,,1864,150,2567,2567,http://localhost:5000/api/product/newProducts/?page=1,15907,0,1022
1717757561041,15906,GetNewProducts,200,OK,Thread Group 5000 1-3631,text,true,,1864,150,2566,2566,http://localhost:5000/api/product/newProducts/?page=1,15906,0,1021
1717757561042,15906,GetNewProducts,200,OK,Thread Group 5000 1-3732,text,true,,1864,150,2565,2565,http://localhost:5000/api/product/newProducts/?page=1,15906,0,1020
1717757561043,15905,GetNewProducts,200,OK,Thread Group 5000 1-3692,text,true,,1864,150,2564,2564,http://localhost:5000/api/product/newProducts/?page=1,15905,0,1018
1717757561040,15909,GetNewProducts,200,OK,Thread Group 5000 1-3388,text,true,,1864,150,2563,2563,http://localhost:5000/api/product/newProducts/?page=1,15909,0,1021
1717757561045,15904,GetNewProducts,200,OK,Thread Group 5000 1-3549,text,true,,1864,150,2562,2562,http://localhost:5000/api/product/newProducts/?page=1,15904,0,1017
1717757561040,15910,GetNewProducts,200,OK,Thread Group 5000 1-4656,text,true,,1864,150,2561,2561,http://localhost:5000/api/product/newProducts/?page=1,15910,0,1021
1717757561046,15904,GetNewProducts,200,OK,Thread Group 5000 1-3653,text,true,,1864,150,2560,2560,http://localhost:5000/api/product/newProducts/?page=1,15904,0,1017
1717757561041,15910,GetNewProducts,200,OK,Thread Group 5000 1-3952,text,true,,1864,150,2559,2559,http://localhost:5000/api/product/newProducts/?page=1,15910,0,1020
1717757561044,15907,GetNewProducts,200,OK,Thread Group 5000 1-4269,text,true,,1864,150,2558,2558,http://localhost:5000/api/product/newProducts/?page=1,15907,0,1018
1717757561043,15908,GetNewProducts,200,OK,Thread Group 5000 1-4284,text,true,,1864,150,2557,2557,http://localhost:5000/api/product/newProducts/?page=1,15908,0,1018
1717757561038,15914,GetNewProducts,200,OK,Thread Group 5000 1-4084,text,true,,1864,150,2556,2556,http://localhost:5000/api/product/newProducts/?page=1,15914,0,1023
1717757561040,15913,GetNewProducts,200,OK,Thread Group 5000 1-1659,text,true,,1864,150,2555,2555,http://localhost:5000/api/product/newProducts/?page=1,15913,0,1021
1717757561037,15916,GetNewProducts,200,OK,Thread Group 5000 1-3417,text,true,,1864,150,2554,2554,http://localhost:5000/api/product/newProducts/?page=1,15916,0,1024
1717757561038,15916,GetNewProducts,200,OK,Thread Group 5000 1-4061,text,true,,1864,150,2553,2553,http://localhost:5000/api/product/newProducts/?page=1,15916,0,1023
1717757561042,15912,GetNewProducts,200,OK,Thread Group 5000 1-3619,text,true,,1864,150,2552,2552,http://localhost:5000/api/product/newProducts/?page=1,15912,0,1019
1717757561041,15913,GetNewProducts,200,OK,Thread Group 5000 1-3864,text,true,,1864,150,2551,2551,http://localhost:5000/api/product/newProducts/?page=1,15913,0,1020
1717757561041,15914,GetNewProducts,200,OK,Thread Group 5000 1-3586,text,true,,1864,150,2550,2550,http://localhost:5000/api/product/newProducts/?page=1,15914,0,1020
1717757561095,15944,GetNewProducts,200,OK,Thread Group 5000 1-4948,text,true,,1864,150,2549,2549,http://localhost:5000/api/product/newProducts/?page=1,15944,0,1030
1717757561107,15931,GetNewProducts,200,OK,Thread Group 5000 1-3362,text,true,,1864,150,2549,2549,http://localhost:5000/api/product/newProducts/?page=1,15931,0,1017
1717757560583,16458,GetNewProducts,200,OK,Thread Group 5000 1-1809,text,true,,1864,150,2549,2549,http://localhost:5000/api/product/newProducts/?page=1,16458,0,1542
1717757561094,15942,GetNewProducts,200,OK,Thread Group 5000 1-4965,text,true,,1864,150,2549,2549,http://localhost:5000/api/product/newProducts/?page=1,15942,0,1030
1717757561108,15928,GetNewProducts,200,OK,Thread Group 5000 1-3046,text,true,,1864,150,2549,2549,http://localhost:5000/api/product/newProducts/?page=1,15928,0,1016
1717757561108,15927,GetNewProducts,200,OK,Thread Group 5000 1-4685,text,true,,1864,150,2549,2549,http://localhost:5000/api/product/newProducts/?page=1,15927,0,1016
1717757561102,15932,GetNewProducts,200,OK,Thread Group 5000 1-4383,text,true,,1864,150,2549,2549,http://localhost:5000/api/product/newProducts/?page=1,15932,0,1022
1717757561105,15930,GetNewProducts,200,OK,Thread Group 5000 1-3298,text,true,,1864,150,2549,2549,http://localhost:5000/api/product/newProducts/?page=1,15930,0,1019
1717757561098,15935,GetNewProducts,200,OK,Thread Group 5000 1-4429,text,true,,1864,150,2549,2549,http://localhost:5000/api/product/newProducts/?page=1,15935,0,1026
1717757561099,15935,GetNewProducts,200,OK,Thread Group 5000 1-3032,text,true,,1864,150,2549,2549,http://localhost:5000/api/product/newProducts/?page=1,15935,0,1025
1717757561104,15929,GetNewProducts,200,OK,Thread Group 5000 1-4579,text,true,,1864,150,2549,2549,http://localhost:5000/api/product/newProducts/?page=1,15929,0,1020
1717757561106,15926,GetNewProducts,200,OK,Thread Group 5000 1-2457,text,true,,1864,150,2549,2549,http://localhost:5000/api/product/newProducts/?page=1,15926,0,1018
1717757561104,15928,GetNewProducts,200,OK,Thread Group 5000 1-1139,text,true,,1864,150,2549,2549,http://localhost:5000/api/product/newProducts/?page=1,15928,0,1020
1717757561102,15929,GetNewProducts,200,OK,Thread Group 5000 1-3763,text,true,,1864,150,2549,2549,http://localhost:5000/api/product/newProducts/?page=1,15929,0,1022
1717757561103,15928,GetNewProducts,200,OK,Thread Group 5000 1-2234,text,true,,1864,150,2549,2549,http://localhost:5000/api/product/newProducts/?page=1,15928,0,1021
1717757561101,15929,GetNewProducts,200,OK,Thread Group 5000 1-4929,text,true,,1864,150,2549,2549,http://localhost:5000/api/product/newProducts/?page=1,15929,0,1023
1717757561100,15930,GetNewProducts,200,OK,Thread Group 5000 1-2996,text,true,,1864,150,2549,2549,http://localhost:5000/api/product/newProducts/?page=1,15930,0,1024
1717757561096,15933,GetNewProducts,200,OK,Thread Group 5000 1-4990,text,true,,1864,150,2549,2549,http://localhost:5000/api/product/newProducts/?page=1,15933,0,1028
1717757560584,16445,GetNewProducts,200,OK,Thread Group 5000 1-1822,text,true,,1864,150,2549,2549,http://localhost:5000/api/product/newProducts/?page=1,16445,0,1540
1717757560595,16433,GetNewProducts,200,OK,Thread Group 5000 1-1910,text,true,,1864,150,2549,2549,http://localhost:5000/api/product/newProducts/?page=1,16433,0,1529
1717757561099,15929,GetNewProducts,200,OK,Thread Group 5000 1-3182,text,true,,1864,150,2549,2549,http://localhost:5000/api/product/newProducts/?page=1,15929,0,1025
1717757561096,15931,GetNewProducts,200,OK,Thread Group 5000 1-4963,text,true,,1864,150,2549,2549,http://localhost:5000/api/product/newProducts/?page=1,15931,0,1028
1717757561096,15931,GetNewProducts,200,OK,Thread Group 5000 1-4796,text,true,,1864,150,2549,2549,http://localhost:5000/api/product/newProducts/?page=1,15931,0,1028
1717757561094,15932,GetNewProducts,200,OK,Thread Group 5000 1-4981,text,true,,1864,150,2549,2549,http://localhost:5000/api/product/newProducts/?page=1,15932,0,1030
1717757561095,15930,GetNewProducts,200,OK,Thread Group 5000 1-4786,text,true,,1864,150,2549,2549,http://localhost:5000/api/product/newProducts/?page=1,15930,0,1029
1717757561094,15927,GetNewProducts,200,OK,Thread Group 5000 1-4736,text,true,,1864,150,2549,2549,http://localhost:5000/api/product/newProducts/?page=1,15927,0,1030
1717757561040,15980,GetNewProducts,200,OK,Thread Group 5000 1-2005,text,true,,1864,150,2549,2549,http://localhost:5000/api/product/newProducts/?page=1,15980,0,1023
1717757561037,15983,GetNewProducts,200,OK,Thread Group 5000 1-4701,text,true,,1864,150,2549,2549,http://localhost:5000/api/product/newProducts/?page=1,15983,0,1026
1717757561036,15983,GetNewProducts,200,OK,Thread Group 5000 1-4778,text,true,,1864,150,2549,2549,http://localhost:5000/api/product/newProducts/?page=1,15983,0,1027
1717757561046,15972,GetNewProducts,200,OK,Thread Group 5000 1-3710,text,true,,1864,150,2549,2549,http://localhost:5000/api/product/newProducts/?page=1,15972,0,1018
1717757561041,15976,GetNewProducts,200,OK,Thread Group 5000 1-3889,text,true,,1864,150,2549,2549,http://localhost:5000/api/product/newProducts/?page=1,15976,0,1023
1717757561044,15972,GetNewProducts,200,OK,Thread Group 5000 1-3613,text,true,,1864,150,2549,2549,http://localhost:5000/api/product/newProducts/?page=1,15972,0,1020
1717757561042,15972,GetNewProducts,200,OK,Thread Group 5000 1-3724,text,true,,1864,150,2549,2549,http://localhost:5000/api/product/newProducts/?page=1,15972,0,1022
1717757561045,15969,GetNewProducts,200,OK,Thread Group 5000 1-3736,text,true,,1864,150,2549,2549,http://localhost:5000/api/product/newProducts/?page=1,15969,0,1019
1717757561035,15977,GetNewProducts,200,OK,Thread Group 5000 1-4541,text,true,,1864,150,2549,2549,http://localhost:5000/api/product/newProducts/?page=1,15977,0,1028
1717757560522,16476,GetNewProducts,200,OK,Thread Group 5000 1-1311,text,true,,1864,150,2549,2549,http://localhost:5000/api/product/newProducts/?page=1,16476,0,1541
1717757560521,16478,GetNewProducts,200,OK,Thread Group 5000 1-1296,text,true,,1864,150,2549,2549,http://localhost:5000/api/product/newProducts/?page=1,16478,0,1542
1717757561042,15960,GetNewProducts,200,OK,Thread Group 5000 1-3339,text,true,,1864,150,2549,2549,http://localhost:5000/api/product/newProducts/?page=1,15960,0,1021
1717757560524,16473,GetNewProducts,200,OK,Thread Group 5000 1-1324,text,true,,1864,150,2549,2549,http://localhost:5000/api/product/newProducts/?page=1,16473,0,1539
1717757561046,15949,GetNewProducts,200,OK,Thread Group 5000 1-3704,text,true,,1864,150,2549,2549,http://localhost:5000/api/product/newProducts/?page=1,15949,0,1017
1717757561043,15950,GetNewProducts,200,OK,Thread Group 5000 1-3665,text,true,,1864,150,2549,2549,http://localhost:5000/api/product/newProducts/?page=1,15950,0,1020
1717757561040,15941,GetNewProducts,200,OK,Thread Group 5000 1-4910,text,true,,1864,150,2549,2549,http://localhost:5000/api/product/newProducts/?page=1,15941,0,1023
1717757561039,15942,GetNewProducts,200,OK,Thread Group 5000 1-4977,text,true,,1864,150,2549,2549,http://localhost:5000/api/product/newProducts/?page=1,15942,0,1024
1717757561037,15943,GetNewProducts,200,OK,Thread Group 5000 1-3433,text,true,,1864,150,2549,2549,http://localhost:5000/api/product/newProducts/?page=1,15943,0,1026
1717757561036,15944,GetNewProducts,200,OK,Thread Group 5000 1-4632,text,true,,1864,150,2549,2549,http://localhost:5000/api/product/newProducts/?page=1,15944,0,1027
1717757560524,16455,GetNewProducts,200,OK,Thread Group 5000 1-1330,text,true,,1864,150,2549,2549,http://localhost:5000/api/product/newProducts/?page=1,16455,0,1539
1717757561038,15940,GetNewProducts,200,OK,Thread Group 5000 1-4068,text,true,,1864,150,2549,2549,http://localhost:5000/api/product/newProducts/?page=1,15940,0,1025
1717757560521,16457,GetNewProducts,200,OK,Thread Group 5000 1-1302,text,true,,1864,150,2549,2549,http://localhost:5000/api/product/newProducts/?page=1,16457,0,1542
1717757560520,16457,GetNewProducts,200,OK,Thread Group 5000 1-1288,text,true,,1864,150,2549,2549,http://localhost:5000/api/product/newProducts/?page=1,16457,0,1543
1717757561035,15941,GetNewProducts,200,OK,Thread Group 5000 1-3465,text,true,,1864,150,2549,2549,http://localhost:5000/api/product/newProducts/?page=1,15941,0,1028
1717757561048,15928,GetNewProducts,200,OK,Thread Group 5000 1-3273,text,true,,1864,150,2549,2549,http://localhost:5000/api/product/newProducts/?page=1,15928,0,1015
1717757560523,16452,GetNewProducts,200,OK,Thread Group 5000 1-1319,text,true,,1864,150,2549,2549,http://localhost:5000/api/product/newProducts/?page=1,16452,0,1540
1717757561047,15925,GetNewProducts,200,OK,Thread Group 5000 1-4355,text,true,,1864,150,2549,2549,http://localhost:5000/api/product/newProducts/?page=1,15925,0,1016
1717757561048,15923,GetNewProducts,200,OK,Thread Group 5000 1-3713,text,true,,1864,150,2549,2549,http://localhost:5000/api/product/newProducts/?page=1,15923,0,1014
1717757561047,15924,GetNewProducts,200,OK,Thread Group 5000 1-3641,text,true,,1864,150,2549,2549,http://localhost:5000/api/product/newProducts/?page=1,15924,0,1015
1717757561046,15923,GetNewProducts,200,OK,Thread Group 5000 1-3556,text,true,,1864,150,2549,2549,http://localhost:5000/api/product/newProducts/?page=1,15923,0,1017
1717757561046,15922,GetNewProducts,200,OK,Thread Group 5000 1-4367,text,true,,1864,150,2549,2549,http://localhost:5000/api/product/newProducts/?page=1,15922,0,1016
1717757561047,15923,GetNewProducts,200,OK,Thread Group 5000 1-4140,text,true,,1864,150,2549,2549,http://localhost:5000/api/product/newProducts/?page=1,15923,0,1016
1717757561045,15923,GetNewProducts,200,OK,Thread Group 5000 1-3529,text,true,,1864,150,2549,2549,http://localhost:5000/api/product/newProducts/?page=1,15923,0,1017
1717757561046,15921,GetNewProducts,200,OK,Thread Group 5000 1-4863,text,true,,1864,150,2549,2549,http://localhost:5000/api/product/newProducts/?page=1,15921,0,1016
1717757561043,15924,GetNewProducts,200,OK,Thread Group 5000 1-812,text,true,,1864,150,2549,2549,http://localhost:5000/api/product/newProducts/?page=1,15924,0,1020
1717757561042,15924,GetNewProducts,200,OK,Thread Group 5000 1-3622,text,true,,1864,150,2549,2549,http://localhost:5000/api/product/newProducts/?page=1,15924,0,1021
1717757561044,15922,GetNewProducts,200,OK,Thread Group 5000 1-3617,text,true,,1864,150,2549,2549,http://localhost:5000/api/product/newProducts/?page=1,15922,0,1018
1717757561046,15919,GetNewProducts,200,OK,Thread Group 5000 1-4339,text,true,,1864,150,2549,2549,http://localhost:5000/api/product/newProducts/?page=1,15919,0,1016
1717757561045,15920,GetNewProducts,200,OK,Thread Group 5000 1-3357,text,true,,1864,150,2549,2549,http://localhost:5000/api/product/newProducts/?page=1,15920,0,1017
1717757561041,15924,GetNewProducts,200,OK,Thread Group 5000 1-3377,text,true,,1864,150,2549,2549,http://localhost:5000/api/product/newProducts/?page=1,15924,0,1022
1717757561038,15926,GetNewProducts,200,OK,Thread Group 5000 1-1669,text,true,,1864,150,2549,2549,http://localhost:5000/api/product/newProducts/?page=1,15926,0,1025
1717757561039,15925,GetNewProducts,200,OK,Thread Group 5000 1-2013,text,true,,1864,150,2549,2549,http://localhost:5000/api/product/newProducts/?page=1,15925,0,1024
1717757560522,16441,GetNewProducts,200,OK,Thread Group 5000 1-1312,text,true,,1864,150,2549,2549,http://localhost:5000/api/product/newProducts/?page=1,16441,0,1541
1717757561037,15926,GetNewProducts,200,OK,Thread Group 5000 1-3411,text,true,,1864,150,2549,2549,http://localhost:5000/api/product/newProducts/?page=1,15926,0,1026
1717757561043,15920,GetNewProducts,200,OK,Thread Group 5000 1-3765,text,true,,1864,150,2549,2549,http://localhost:5000/api/product/newProducts/?page=1,15920,0,1019
1717757561035,15927,GetNewProducts,200,OK,Thread Group 5000 1-3428,text,true,,1864,150,2549,2549,http://localhost:5000/api/product/newProducts/?page=1,15927,0,1028
1717757561043,15919,GetNewProducts,200,OK,Thread Group 5000 1-3703,text,true,,1864,150,2549,2549,http://localhost:5000/api/product/newProducts/?page=1,15919,0,1018
1717757561045,15914,GetNewProducts,200,OK,Thread Group 5000 1-3728,text,true,,1864,150,2549,2549,http://localhost:5000/api/product/newProducts/?page=1,15914,0,1017
1717757561046,15913,GetNewProducts,200,OK,Thread Group 5000 1-3584,text,true,,1864,150,2549,2549,http://localhost:5000/api/product/newProducts/?page=1,15913,0,1015
1717757561042,15916,GetNewProducts,200,OK,Thread Group 5000 1-3776,text,true,,1864,150,2549,2549,http://localhost:5000/api/product/newProducts/?page=1,15916,0,1020
1717757560521,16437,GetNewProducts,200,OK,Thread Group 5000 1-1300,text,true,,1864,150,2549,2549,http://localhost:5000/api/product/newProducts/?page=1,16437,0,1542
1717757561040,15918,GetNewProducts,200,OK,Thread Group 5000 1-3940,text,true,,1864,150,2549,2549,http://localhost:5000/api/product/newProducts/?page=1,15918,0,1022
1717757561044,15912,GetNewProducts,200,OK,Thread Group 5000 1-3667,text,true,,1864,150,2549,2549,http://localhost:5000/api/product/newProducts/?page=1,15912,0,1017
1717757561044,15912,GetNewProducts,200,OK,Thread Group 5000 1-3355,text,true,,1864,150,2549,2549,http://localhost:5000/api/product/newProducts/?page=1,15912,0,1017
1717757561039,15917,GetNewProducts,200,OK,Thread Group 5000 1-3396,text,true,,1864,150,2549,2549,http://localhost:5000/api/product/newProducts/?page=1,15917,0,1022
1717757561043,15912,GetNewProducts,200,OK,Thread Group 5000 1-3628,text,true,,1864,150,2549,2549,http://localhost:5000/api/product/newProducts/?page=1,15912,0,1019
1717757561097,15948,GetNewProducts,200,OK,Thread Group 5000 1-4695,text,true,,1864,150,2467,2467,http://localhost:5000/api/product/newProducts/?page=1,15948,0,1028
1717757561100,15946,GetNewProducts,200,OK,Thread Group 5000 1-4417,text,true,,1864,150,2466,2466,http://localhost:5000/api/product/newProducts/?page=1,15946,0,1025
1717757561095,15951,GetNewProducts,200,OK,Thread Group 5000 1-4794,text,true,,1864,150,2465,2465,http://localhost:5000/api/product/newProducts/?page=1,15951,0,1030
1717757560582,16465,GetNewProducts,200,OK,Thread Group 5000 1-1806,text,true,,1864,150,2464,2464,http://localhost:5000/api/product/newProducts/?page=1,16465,0,1543
1717757561098,15952,GetNewProducts,200,OK,Thread Group 5000 1-4019,text,true,,1864,150,2463,2463,http://localhost:5000/api/product/newProducts/?page=1,15952,0,1027
1717757561096,15954,GetNewProducts,200,OK,Thread Group 5000 1-2587,text,true,,1864,150,2462,2462,http://localhost:5000/api/product/newProducts/?page=1,15954,0,1029
1717757560585,16466,GetNewProducts,200,OK,Thread Group 5000 1-791,text,true,,1864,150,2461,2461,http://localhost:5000/api/product/newProducts/?page=1,16466,0,1540
1717757561099,15955,GetNewProducts,200,OK,Thread Group 5000 1-3155,text,true,,1864,150,2460,2460,http://localhost:5000/api/product/newProducts/?page=1,15955,0,1026
1717757561100,15955,GetNewProducts,200,OK,Thread Group 5000 1-3000,text,true,,1864,150,2459,2459,http://localhost:5000/api/product/newProducts/?page=1,15955,0,1025
1717757561101,15979,GetNewProducts,200,OK,Thread Group 5000 1-3232,text,true,,1864,150,2458,2458,http://localhost:5000/api/product/newProducts/?page=1,15979,0,1024
1717757561101,15980,GetNewProducts,200,OK,Thread Group 5000 1-4418,text,true,,1864,150,2457,2457,http://localhost:5000/api/product/newProducts/?page=1,15980,0,1024
1717757561102,15980,GetNewProducts,200,OK,Thread Group 5000 1-3694,text,true,,1864,150,2456,2456,http://localhost:5000/api/product/newProducts/?page=1,15980,0,1023
1717757561104,15979,GetNewProducts,200,OK,Thread Group 5000 1-3643,text,true,,1864,150,2455,2455,http://localhost:5000/api/product/newProducts/?page=1,15979,0,1021
1717757561103,15981,GetNewProducts,200,OK,Thread Group 5000 1-3654,text,true,,1864,150,2454,2454,http://localhost:5000/api/product/newProducts/?page=1,15981,0,1022
1717757561106,15979,GetNewProducts,200,OK,Thread Group 5000 1-3091,text,true,,1864,150,2453,2453,http://localhost:5000/api/product/newProducts/?page=1,15979,0,1019
1717757561105,15981,GetNewProducts,200,OK,Thread Group 5000 1-3072,text,true,,1864,150,2452,2452,http://localhost:5000/api/product/newProducts/?page=1,15981,0,1020
1717757561107,15979,GetNewProducts,200,OK,Thread Group 5000 1-3047,text,true,,1864,150,2451,2451,http://localhost:5000/api/product/newProducts/?page=1,15979,0,1018
1717757561107,15980,GetNewProducts,200,OK,Thread Group 5000 1-4684,text,true,,1864,150,2450,2450,http://localhost:5000/api/product/newProducts/?page=1,15980,0,1018
1717757561106,15982,GetNewProducts,200,OK,Thread Group 5000 1-4359,text,true,,1864,150,2449,2449,http://localhost:5000/api/product/newProducts/?page=1,15982,0,1019
1717757561108,15980,GetNewProducts,200,OK,Thread Group 5000 1-3034,text,true,,1864,150,2448,2448,http://localhost:5000/api/product/newProducts/?page=1,15980,0,1017
1717757561110,15979,GetNewProducts,200,OK,Thread Group 5000 1-3010,text,true,,1864,150,2447,2447,http://localhost:5000/api/product/newProducts/?page=1,15979,0,1026
1717757561108,15981,GetNewProducts,200,OK,Thread Group 5000 1-3038,text,true,,1864,150,2446,2446,http://localhost:5000/api/product/newProducts/?page=1,15981,0,1028
1717757561111,15979,GetNewProducts,200,OK,Thread Group 5000 1-3443,text,true,,1864,150,2445,2445,http://localhost:5000/api/product/newProducts/?page=1,15979,0,1025
1717757561109,15991,GetNewProducts,200,OK,Thread Group 5000 1-3394,text,true,,1864,150,2444,2444,http://localhost:5000/api/product/newProducts/?page=1,15991,0,1028
1717757561110,15991,GetNewProducts,200,OK,Thread Group 5000 1-3422,text,true,,1864,150,2443,2443,http://localhost:5000/api/product/newProducts/?page=1,15991,0,1027
1717757561109,15993,GetNewProducts,200,OK,Thread Group 5000 1-3141,text,true,,1864,150,2442,2442,http://localhost:5000/api/product/newProducts/?page=1,15993,0,1028
1717757561109,15993,GetNewProducts,200,OK,Thread Group 5000 1-3423,text,true,,1864,150,2441,2441,http://localhost:5000/api/product/newProducts/?page=1,15993,0,1028
1717757561109,15994,GetNewProducts,200,OK,Thread Group 5000 1-2995,text,true,,1864,150,2440,2440,http://localhost:5000/api/product/newProducts/?page=1,15994,0,1028
1717757561111,15992,GetNewProducts,200,OK,Thread Group 5000 1-4639,text,true,,1864,150,2439,2439,http://localhost:5000/api/product/newProducts/?page=1,15992,0,1026
1717757561111,15992,GetNewProducts,200,OK,Thread Group 5000 1-4834,text,true,,1864,150,2438,2438,http://localhost:5000/api/product/newProducts/?page=1,15992,0,1027
1717757561110,15994,GetNewProducts,200,OK,Thread Group 5000 1-3035,text,true,,1864,150,2437,2437,http://localhost:5000/api/product/newProducts/?page=1,15994,0,1027
1717757561109,15995,GetNewProducts,200,OK,Thread Group 5000 1-4350,text,true,,1864,150,2436,2436,http://localhost:5000/api/product/newProducts/?page=1,15995,0,1029
1717757561108,15997,GetNewProducts,200,OK,Thread Group 5000 1-630,text,true,,1864,150,2435,2435,http://localhost:5000/api/product/newProducts/?page=1,15997,0,1029
1717757561109,15996,GetNewProducts,200,OK,Thread Group 5000 1-3014,text,true,,1864,150,2434,2434,http://localhost:5000/api/product/newProducts/?page=1,15996,0,1028
1717757561110,15996,GetNewProducts,200,OK,Thread Group 5000 1-3459,text,true,,1864,150,2433,2433,http://localhost:5000/api/product/newProducts/?page=1,15996,0,1027
1717757561109,15998,GetNewProducts,200,OK,Thread Group 5000 1-3431,text,true,,1864,150,2432,2432,http://localhost:5000/api/product/newProducts/?page=1,15998,0,1028
1717757560598,16509,GetNewProducts,200,OK,Thread Group 5000 1-882,text,true,,1864,150,2431,2431,http://localhost:5000/api/product/newProducts/?page=1,16509,0,1540
1717757560601,16506,GetNewProducts,200,OK,Thread Group 5000 1-883,text,true,,1864,150,2430,2430,http://localhost:5000/api/product/newProducts/?page=1,16506,0,1537
1717757561110,15998,GetNewProducts,200,OK,Thread Group 5000 1-1686,text,true,,1864,150,2429,2429,http://localhost:5000/api/product/newProducts/?page=1,15998,0,1028
1717757561110,15998,GetNewProducts,200,OK,Thread Group 5000 1-3149,text,true,,1864,150,2428,2428,http://localhost:5000/api/product/newProducts/?page=1,15998,0,1028
1717757561110,15999,GetNewProducts,200,OK,Thread Group 5000 1-2998,text,true,,1864,150,2427,2427,http://localhost:5000/api/product/newProducts/?page=1,15999,0,1028
1717757561111,15998,GetNewProducts,200,OK,Thread Group 5000 1-3066,text,true,,1864,150,2426,2426,http://localhost:5000/api/product/newProducts/?page=1,15998,0,1027
1717757561109,16000,GetNewProducts,200,OK,Thread Group 5000 1-3435,text,true,,1864,150,2425,2425,http://localhost:5000/api/product/newProducts/?page=1,16000,0,1029
1717757560606,16504,GetNewProducts,200,OK,Thread Group 5000 1-907,text,true,,1864,150,2424,2424,http://localhost:5000/api/product/newProducts/?page=1,16504,0,1532
1717757561111,15999,GetNewProducts,200,OK,Thread Group 5000 1-1386,text,true,,1864,150,2423,2423,http://localhost:5000/api/product/newProducts/?page=1,15999,0,1027
1717757561109,16002,GetNewProducts,200,OK,Thread Group 5000 1-3470,text,true,,1864,150,2422,2422,http://localhost:5000/api/product/newProducts/?page=1,16002,0,1029
1717757560607,16505,GetNewProducts,200,OK,Thread Group 5000 1-1970,text,true,,1864,150,2421,2421,http://localhost:5000/api/product/newProducts/?page=1,16505,0,1531
1717757560604,16509,GetNewProducts,200,OK,Thread Group 5000 1-1939,text,true,,1864,150,2420,2420,http://localhost:5000/api/product/newProducts/?page=1,16508,0,1534
1717757561109,16004,GetNewProducts,200,OK,Thread Group 5000 1-4396,text,true,,1864,150,2419,2419,http://localhost:5000/api/product/newProducts/?page=1,16004,0,1029
1717757560605,16509,GetNewProducts,200,OK,Thread Group 5000 1-1948,text,true,,1864,150,2418,2418,http://localhost:5000/api/product/newProducts/?page=1,16509,0,1533
1717757560600,16514,GetNewProducts,200,OK,Thread Group 5000 1-1924,text,true,,1864,150,2417,2417,http://localhost:5000/api/product/newProducts/?page=1,16514,0,1538
1717757561110,16005,GetNewProducts,200,OK,Thread Group 5000 1-2211,text,true,,1864,150,2416,2416,http://localhost:5000/api/product/newProducts/?page=1,16005,0,1028
1717757561111,16004,GetNewProducts,200,OK,Thread Group 5000 1-3071,text,true,,1864,150,2415,2415,http://localhost:5000/api/product/newProducts/?page=1,16004,0,1027
1717757560610,16506,GetNewProducts,200,OK,Thread Group 5000 1-4095,text,true,,1864,150,2414,2414,http://localhost:5000/api/product/newProducts/?page=1,16506,0,1528
1717757561110,16007,GetNewProducts,200,OK,Thread Group 5000 1-3054,text,true,,1864,150,2413,2413,http://localhost:5000/api/product/newProducts/?page=1,16007,0,1028
1717757561111,16006,GetNewProducts,200,OK,Thread Group 5000 1-3306,text,true,,1864,150,2412,2412,http://localhost:5000/api/product/newProducts/?page=1,16006,0,1027
1717757560608,16510,GetNewProducts,200,OK,Thread Group 5000 1-426,text,true,,1864,150,2411,2411,http://localhost:5000/api/product/newProducts/?page=1,16510,0,1530
1717757561111,16008,GetNewProducts,200,OK,Thread Group 5000 1-4259,text,true,,1864,150,2410,2410,http://localhost:5000/api/product/newProducts/?page=1,16008,0,1027
1717757560600,16519,GetNewProducts,200,OK,Thread Group 5000 1-1925,text,true,,1864,150,2409,2409,http://localhost:5000/api/product/newProducts/?page=1,16519,0,1538
1717757561111,16009,GetNewProducts,200,OK,Thread Group 5000 1-4551,text,true,,1864,150,2408,2408,http://localhost:5000/api/product/newProducts/?page=1,16009,0,1027
1717757560606,16514,GetNewProducts,200,OK,Thread Group 5000 1-4035,text,true,,1864,150,2407,2407,http://localhost:5000/api/product/newProducts/?page=1,16514,0,1532
1717757561113,16008,GetNewProducts,200,OK,Thread Group 5000 1-3531,text,true,,1864,150,2406,2406,http://localhost:5000/api/product/newProducts/?page=1,16008,0,1026
1717757561113,16008,GetNewProducts,200,OK,Thread Group 5000 1-3147,text,true,,1864,150,2405,2405,http://localhost:5000/api/product/newProducts/?page=1,16008,0,1025
1717757561114,16008,GetNewProducts,200,OK,Thread Group 5000 1-4410,text,true,,1864,150,2404,2404,http://localhost:5000/api/product/newProducts/?page=1,16008,0,1025
1717757561110,16013,GetNewProducts,200,OK,Thread Group 5000 1-4781,text,true,,1864,150,2403,2403,http://localhost:5000/api/product/newProducts/?page=1,16013,0,1028
1717757560607,16516,GetNewProducts,200,OK,Thread Group 5000 1-1975,text,true,,1864,150,2402,2402,http://localhost:5000/api/product/newProducts/?page=1,16516,0,1532
1717757560600,16523,GetNewProducts,200,OK,Thread Group 5000 1-1932,text,true,,1864,150,2401,2401,http://localhost:5000/api/product/newProducts/?page=1,16523,0,1538
1717757560598,16526,GetNewProducts,200,OK,Thread Group 5000 1-1916,text,true,,1864,150,2400,2400,http://localhost:5000/api/product/newProducts/?page=1,16526,0,1540
1717757561111,16013,GetNewProducts,200,OK,Thread Group 5000 1-3462,text,true,,1864,150,2399,2399,http://localhost:5000/api/product/newProducts/?page=1,16013,0,1027
1717757561110,16015,GetNewProducts,200,OK,Thread Group 5000 1-4400,text,true,,1864,150,2398,2398,http://localhost:5000/api/product/newProducts/?page=1,16015,0,1029
1717757560607,16519,GetNewProducts,200,OK,Thread Group 5000 1-1974,text,true,,1864,150,2397,2397,http://localhost:5000/api/product/newProducts/?page=1,16519,0,1531
1717757560603,16523,GetNewProducts,200,OK,Thread Group 5000 1-1930,text,true,,1864,150,2396,2396,http://localhost:5000/api/product/newProducts/?page=1,16523,0,1535
1717757560605,16522,GetNewProducts,200,OK,Thread Group 5000 1-4013,text,true,,1864,150,2395,2395,http://localhost:5000/api/product/newProducts/?page=1,16522,0,1533
1717757560605,16523,GetNewProducts,200,OK,Thread Group 5000 1-1949,text,true,,1864,150,2394,2394,http://localhost:5000/api/product/newProducts/?page=1,16523,0,1534
1717757560606,16522,GetNewProducts,200,OK,Thread Group 5000 1-1966,text,true,,1864,150,2393,2393,http://localhost:5000/api/product/newProducts/?page=1,16522,0,1533
1717757560608,16521,GetNewProducts,200,OK,Thread Group 5000 1-1989,text,true,,1864,150,2392,2392,http://localhost:5000/api/product/newProducts/?page=1,16521,0,1530
1717757561110,16019,GetNewProducts,200,OK,Thread Group 5000 1-3152,text,true,,1864,150,2391,2391,http://localhost:5000/api/product/newProducts/?page=1,16019,0,1029
1717757560609,16520,GetNewProducts,200,OK,Thread Group 5000 1-1999,text,true,,1864,150,2390,2390,http://localhost:5000/api/product/newProducts/?page=1,16520,0,1529
1717757560607,16523,GetNewProducts,200,OK,Thread Group 5000 1-4051,text,true,,1864,150,2389,2389,http://localhost:5000/api/product/newProducts/?page=1,16523,0,1531
1717757560610,16520,GetNewProducts,200,OK,Thread Group 5000 1-2008,text,true,,1864,150,2388,2388,http://localhost:5000/api/product/newProducts/?page=1,16520,0,1528
1717757561111,16020,GetNewProducts,200,OK,Thread Group 5000 1-2436,text,true,,1864,150,2387,2387,http://localhost:5000/api/product/newProducts/?page=1,16020,0,1028
1717757561113,16018,GetNewProducts,200,OK,Thread Group 5000 1-4333,text,true,,1864,150,2386,2386,http://localhost:5000/api/product/newProducts/?page=1,16018,0,1026
1717757560611,16521,GetNewProducts,200,OK,Thread Group 5000 1-2011,text,true,,1864,150,2385,2385,http://localhost:5000/api/product/newProducts/?page=1,16521,0,1527
1717757560607,16526,GetNewProducts,200,OK,Thread Group 5000 1-1979,text,true,,1864,150,2384,2384,http://localhost:5000/api/product/newProducts/?page=1,16526,0,1532
1717757560612,16522,GetNewProducts,200,OK,Thread Group 5000 1-2020,text,true,,1864,150,2383,2383,http://localhost:5000/api/product/newProducts/?page=1,16522,0,1526
1717757561113,16021,GetNewProducts,200,OK,Thread Group 5000 1-3189,text,true,,1864,150,2382,2382,http://localhost:5000/api/product/newProducts/?page=1,16021,0,1026
1717757561112,16023,GetNewProducts,200,OK,Thread Group 5000 1-4662,text,true,,1864,150,2381,2381,http://localhost:5000/api/product/newProducts/?page=1,16023,0,1027
1717757560598,16537,GetNewProducts,200,OK,Thread Group 5000 1-1921,text,true,,1864,150,2380,2380,http://localhost:5000/api/product/newProducts/?page=1,16537,0,1541
1717757561110,16026,GetNewProducts,200,OK,Thread Group 5000 1-4818,text,true,,1864,150,2379,2379,http://localhost:5000/api/product/newProducts/?page=1,16026,0,1029
1717757560599,16537,GetNewProducts,200,OK,Thread Group 5000 1-1919,text,true,,1864,150,2378,2378,http://localhost:5000/api/product/newProducts/?page=1,16537,0,1540
1717757561110,16026,GetNewProducts,200,OK,Thread Group 5000 1-4637,text,true,,1864,150,2377,2377,http://localhost:5000/api/product/newProducts/?page=1,16026,0,1029
1717757561111,16026,GetNewProducts,200,OK,Thread Group 5000 1-3399,text,true,,1864,150,2376,2376,http://localhost:5000/api/product/newProducts/?page=1,16026,0,1028
1717757560604,16533,GetNewProducts,200,OK,Thread Group 5000 1-1945,text,true,,1864,150,2375,2375,http://localhost:5000/api/product/newProducts/?page=1,16533,0,1535
1717757561113,16025,GetNewProducts,200,OK,Thread Group 5000 1-4807,text,true,,1864,150,2374,2374,http://localhost:5000/api/product/newProducts/?page=1,16025,0,1026
1717757560602,16537,GetNewProducts,200,OK,Thread Group 5000 1-1941,text,true,,1864,150,2373,2373,http://localhost:5000/api/product/newProducts/?page=1,16537,0,1538
1717757561114,16025,GetNewProducts,200,OK,Thread Group 5000 1-4530,text,true,,1864,150,2372,2372,http://localhost:5000/api/product/newProducts/?page=1,16025,0,1025
1717757560608,16532,GetNewProducts,200,OK,Thread Group 5000 1-4065,text,true,,1864,150,2371,2371,http://localhost:5000/api/product/newProducts/?page=1,16532,0,1531
1717757560609,16531,GetNewProducts,200,OK,Thread Group 5000 1-1998,text,true,,1864,150,2370,2370,http://localhost:5000/api/product/newProducts/?page=1,16531,0,1530
1717757561116,16025,GetNewProducts,200,OK,Thread Group 5000 1-2051,text,true,,1864,150,2369,2369,http://localhost:5000/api/product/newProducts/?page=1,16025,0,1024
1717757560609,16532,GetNewProducts,200,OK,Thread Group 5000 1-1993,text,true,,1864,150,2368,2368,http://localhost:5000/api/product/newProducts/?page=1,16532,0,1531
1717757560604,16537,GetNewProducts,200,OK,Thread Group 5000 1-1938,text,true,,1864,150,2367,2367,http://localhost:5000/api/product/newProducts/?page=1,16537,0,1536
1717757560607,16535,GetNewProducts,200,OK,Thread Group 5000 1-910,text,true,,1864,150,2366,2366,http://localhost:5000/api/product/newProducts/?page=1,16535,0,1532
1717757561116,16026,GetNewProducts,200,OK,Thread Group 5000 1-4309,text,true,,1864,150,2365,2365,http://localhost:5000/api/product/newProducts/?page=1,16026,0,1024
1717757561112,16031,GetNewProducts,200,OK,Thread Group 5000 1-1516,text,true,,1864,150,2364,2364,http://localhost:5000/api/product/newProducts/?page=1,16031,0,1028
1717757560609,16535,GetNewProducts,200,OK,Thread Group 5000 1-2001,text,true,,1864,150,2363,2363,http://localhost:5000/api/product/newProducts/?page=1,16535,0,1531
1717757561117,16027,GetNewProducts,200,OK,Thread Group 5000 1-4342,text,true,,1864,150,2362,2362,http://localhost:5000/api/product/newProducts/?page=1,16027,0,1023
1717757560606,16538,GetNewProducts,200,OK,Thread Group 5000 1-1958,text,true,,1864,150,2361,2361,http://localhost:5000/api/product/newProducts/?page=1,16538,0,1534
1717757560612,16533,GetNewProducts,200,OK,Thread Group 5000 1-2015,text,true,,1864,150,2360,2360,http://localhost:5000/api/product/newProducts/?page=1,16533,0,1528
1717757560612,16533,GetNewProducts,200,OK,Thread Group 5000 1-2019,text,true,,1864,150,2359,2359,http://localhost:5000/api/product/newProducts/?page=1,16533,0,1528
1717757561118,16027,GetNewProducts,200,OK,Thread Group 5000 1-4248,text,true,,1864,150,2358,2358,http://localhost:5000/api/product/newProducts/?page=1,16027,0,1022
1717757561119,16027,GetNewProducts,200,OK,Thread Group 5000 1-4230,text,true,,1864,150,2357,2357,http://localhost:5000/api/product/newProducts/?page=1,16027,0,1021
1717757561116,16030,GetNewProducts,200,OK,Thread Group 5000 1-4354,text,true,,1864,150,2356,2356,http://localhost:5000/api/product/newProducts/?page=1,16030,0,1024
1717757561112,16035,GetNewProducts,200,OK,Thread Group 5000 1-4532,text,true,,1864,150,2355,2355,http://localhost:5000/api/product/newProducts/?page=1,16035,0,1028
1717757561114,16034,GetNewProducts,200,OK,Thread Group 5000 1-4326,text,true,,1864,150,2354,2354,http://localhost:5000/api/product/newProducts/?page=1,16034,0,1026
1717757561113,16036,GetNewProducts,200,OK,Thread Group 5000 1-4018,text,true,,1864,150,2353,2353,http://localhost:5000/api/product/newProducts/?page=1,16036,0,1027
1717757561116,16033,GetNewProducts,200,OK,Thread Group 5000 1-4292,text,true,,1864,150,2352,2352,http://localhost:5000/api/product/newProducts/?page=1,16033,0,1024
1717757561118,16031,GetNewProducts,200,OK,Thread Group 5000 1-2512,text,true,,1864,150,2351,2351,http://localhost:5000/api/product/newProducts/?page=1,16031,0,1022
1717757561113,16037,GetNewProducts,200,OK,Thread Group 5000 1-4406,text,true,,1864,150,2350,2350,http://localhost:5000/api/product/newProducts/?page=1,16037,0,1027
1717757560606,16544,GetNewProducts,200,OK,Thread Group 5000 1-1960,text,true,,1864,150,2349,2349,http://localhost:5000/api/product/newProducts/?page=1,16544,0,1534
1717757561114,16037,GetNewProducts,200,OK,Thread Group 5000 1-4670,text,true,,1864,150,2348,2348,http://localhost:5000/api/product/newProducts/?page=1,16037,0,1026
1717757560608,16543,GetNewProducts,200,OK,Thread Group 5000 1-1990,text,true,,1864,150,2347,2347,http://localhost:5000/api/product/newProducts/?page=1,16543,0,1532
1717757560608,16543,GetNewProducts,200,OK,Thread Group 5000 1-1983,text,true,,1864,150,2346,2346,http://localhost:5000/api/product/newProducts/?page=1,16543,0,1532
1717757560607,16545,GetNewProducts,200,OK,Thread Group 5000 1-1971,text,true,,1864,150,2345,2345,http://localhost:5000/api/product/newProducts/?page=1,16545,0,1533
1717757560612,16541,GetNewProducts,200,OK,Thread Group 5000 1-2023,text,true,,1864,150,2344,2344,http://localhost:5000/api/product/newProducts/?page=1,16541,0,1528
1717757560609,16544,GetNewProducts,200,OK,Thread Group 5000 1-1996,text,true,,1864,150,2343,2343,http://localhost:5000/api/product/newProducts/?page=1,16544,0,1531
1717757561114,16040,GetNewProducts,200,OK,Thread Group 5000 1-4371,text,true,,1864,150,2342,2342,http://localhost:5000/api/product/newProducts/?page=1,16040,0,1026
1717757560615,16539,GetNewProducts,200,OK,Thread Group 5000 1-4148,text,true,,1864,150,2341,2341,http://localhost:5000/api/product/newProducts/?page=1,16539,0,1525
1717757561119,16036,GetNewProducts,200,OK,Thread Group 5000 1-4169,text,true,,1864,150,2340,2340,http://localhost:5000/api/product/newProducts/?page=1,16036,0,1021
1717757561115,16040,GetNewProducts,200,OK,Thread Group 5000 1-4933,text,true,,1864,150,2339,2339,http://localhost:5000/api/product/newProducts/?page=1,16040,0,1026
1717757560610,16546,GetNewProducts,200,OK,Thread Group 5000 1-913,text,true,,1864,150,2338,2338,http://localhost:5000/api/product/newProducts/?page=1,16546,0,1530
1717757560616,16540,GetNewProducts,200,OK,Thread Group 5000 1-2062,text,true,,1864,150,2337,2337,http://localhost:5000/api/product/newProducts/?page=1,16540,0,1524
1717757561115,16041,GetNewProducts,200,OK,Thread Group 5000 1-4317,text,true,,1864,150,2336,2336,http://localhost:5000/api/product/newProducts/?page=1,16041,0,1026
1717757561115,16042,GetNewProducts,200,OK,Thread Group 5000 1-4680,text,true,,1864,150,2335,2335,http://localhost:5000/api/product/newProducts/?page=1,16042,0,1025
1717757560617,16541,GetNewProducts,200,OK,Thread Group 5000 1-4177,text,true,,1864,150,2334,2334,http://localhost:5000/api/product/newProducts/?page=1,16541,0,1524
1717757561116,16042,GetNewProducts,200,OK,Thread Group 5000 1-4310,text,true,,1864,150,2333,2333,http://localhost:5000/api/product/newProducts/?page=1,16042,0,1025
1717757561117,16042,GetNewProducts,200,OK,Thread Group 5000 1-4274,text,true,,1864,150,2332,2332,http://localhost:5000/api/product/newProducts/?page=1,16042,0,1023
1717757561115,16044,GetNewProducts,200,OK,Thread Group 5000 1-4949,text,true,,1864,150,2331,2331,http://localhost:5000/api/product/newProducts/?page=1,16044,0,1025
1717757560619,16541,GetNewProducts,200,OK,Thread Group 5000 1-2088,text,true,,1864,150,2330,2330,http://localhost:5000/api/product/newProducts/?page=1,16541,0,1522
1717757561117,16043,GetNewProducts,200,OK,Thread Group 5000 1-4462,text,true,,1864,150,2329,2329,http://localhost:5000/api/product/newProducts/?page=1,16043,0,1023
1717757561116,16045,GetNewProducts,200,OK,Thread Group 5000 1-4721,text,true,,1864,150,2328,2328,http://localhost:5000/api/product/newProducts/?page=1,16045,0,1024
1717757561118,16043,GetNewProducts,200,OK,Thread Group 5000 1-4227,text,true,,1864,150,2327,2327,http://localhost:5000/api/product/newProducts/?page=1,16043,0,1022
1717757561115,16047,GetNewProducts,200,OK,Thread Group 5000 1-4526,text,true,,1864,150,2326,2326,http://localhost:5000/api/product/newProducts/?page=1,16047,0,1025
1717757561115,16047,GetNewProducts,200,OK,Thread Group 5000 1-4490,text,true,,1864,150,2325,2325,http://localhost:5000/api/product/newProducts/?page=1,16047,0,1025
1717757561116,16047,GetNewProducts,200,OK,Thread Group 5000 1-2164,text,true,,1864,150,2324,2324,http://localhost:5000/api/product/newProducts/?page=1,16047,0,1024
1717757561118,16046,GetNewProducts,200,OK,Thread Group 5000 1-2089,text,true,,1864,150,2323,2323,http://localhost:5000/api/product/newProducts/?page=1,16046,0,1022
1717757560608,16556,GetNewProducts,200,OK,Thread Group 5000 1-1984,text,true,,1864,150,2322,2322,http://localhost:5000/api/product/newProducts/?page=1,16556,0,1533
1717757561112,16052,GetNewProducts,200,OK,Thread Group 5000 1-4412,text,true,,1864,150,2321,2321,http://localhost:5000/api/product/newProducts/?page=1,16052,0,1028
1717757561117,16048,GetNewProducts,200,OK,Thread Group 5000 1-4277,text,true,,1864,150,2320,2320,http://localhost:5000/api/product/newProducts/?page=1,16048,0,1024
1717757561119,16046,GetNewProducts,200,OK,Thread Group 5000 1-4161,text,true,,1864,150,2319,2319,http://localhost:5000/api/product/newProducts/?page=1,16046,0,1021
1717757560610,16556,GetNewProducts,200,OK,Thread Group 5000 1-2009,text,true,,1864,150,2318,2318,http://localhost:5000/api/product/newProducts/?page=1,16556,0,1531
1717757561116,16050,GetNewProducts,200,OK,Thread Group 5000 1-4708,text,true,,1864,150,2317,2317,http://localhost:5000/api/product/newProducts/?page=1,16050,0,1025
1717757561117,16050,GetNewProducts,200,OK,Thread Group 5000 1-4457,text,true,,1864,150,2316,2316,http://localhost:5000/api/product/newProducts/?page=1,16050,0,1024
1717757561111,16056,GetNewProducts,200,OK,Thread Group 5000 1-4329,text,true,,1864,150,2315,2315,http://localhost:5000/api/product/newProducts/?page=1,16056,0,1030
1717757561117,16051,GetNewProducts,200,OK,Thread Group 5000 1-4265,text,true,,1864,150,2314,2314,http://localhost:5000/api/product/newProducts/?page=1,16051,0,1024
1717757561121,16048,GetNewProducts,200,OK,Thread Group 5000 1-4064,text,true,,1864,150,2313,2313,http://localhost:5000/api/product/newProducts/?page=1,16048,0,1020
1717757561118,16051,GetNewProducts,200,OK,Thread Group 5000 1-4245,text,true,,1864,150,2312,2312,http://localhost:5000/api/product/newProducts/?page=1,16051,0,1023
1717757561118,16052,GetNewProducts,200,OK,Thread Group 5000 1-4217,text,true,,1864,150,2311,2311,http://localhost:5000/api/product/newProducts/?page=1,16052,0,1023
1717757561113,16057,GetNewProducts,200,OK,Thread Group 5000 1-3491,text,true,,1864,150,2310,2310,http://localhost:5000/api/product/newProducts/?page=1,16057,0,1028
1717757561120,16051,GetNewProducts,200,OK,Thread Group 5000 1-4115,text,true,,1864,150,2309,2309,http://localhost:5000/api/product/newProducts/?page=1,16051,0,1020
1717757561119,16052,GetNewProducts,200,OK,Thread Group 5000 1-4200,text,true,,1864,150,2308,2308,http://localhost:5000/api/product/newProducts/?page=1,16052,0,1022
1717757561122,16049,GetNewProducts,200,OK,Thread Group 5000 1-4982,text,true,,1864,150,2307,2307,http://localhost:5000/api/product/newProducts/?page=1,16049,0,1019
1717757561119,16053,GetNewProducts,200,OK,Thread Group 5000 1-4184,text,true,,1864,150,2306,2306,http://localhost:5000/api/product/newProducts/?page=1,16053,0,1022
1717757561114,16058,GetNewProducts,200,OK,Thread Group 5000 1-4520,text,true,,1864,150,2305,2305,http://localhost:5000/api/product/newProducts/?page=1,16058,0,1027
1717757561112,16061,GetNewProducts,200,OK,Thread Group 5000 1-4234,text,true,,1864,150,2304,2304,http://localhost:5000/api/product/newProducts/?page=1,16061,0,1028
1717757561111,16063,GetNewProducts,200,OK,Thread Group 5000 1-3278,text,true,,1864,150,2303,2303,http://localhost:5000/api/product/newProducts/?page=1,16063,0,1029
1717757561113,16061,GetNewProducts,200,OK,Thread Group 5000 1-3706,text,true,,1864,150,2302,2302,http://localhost:5000/api/product/newProducts/?page=1,16061,0,1027
1717757561115,16059,GetNewProducts,200,OK,Thread Group 5000 1-4438,text,true,,1864,150,2301,2301,http://localhost:5000/api/product/newProducts/?page=1,16059,0,1025
1717757560612,16563,GetNewProducts,200,OK,Thread Group 5000 1-2024,text,true,,1864,150,2300,2300,http://localhost:5000/api/product/newProducts/?page=1,16563,0,1528
1717757561115,16060,GetNewProducts,200,OK,Thread Group 5000 1-4316,text,true,,1864,150,2299,2299,http://localhost:5000/api/product/newProducts/?page=1,16060,0,1026
1717757561117,16059,GetNewProducts,200,OK,Thread Group 5000 1-4271,text,true,,1864,150,2298,2298,http://localhost:5000/api/product/newProducts/?page=1,16059,0,1024
1717757561116,16060,GetNewProducts,200,OK,Thread Group 5000 1-4720,text,true,,1864,150,2297,2297,http://localhost:5000/api/product/newProducts/?page=1,16060,0,1025
1717757560619,16558,GetNewProducts,200,OK,Thread Group 5000 1-2098,text,true,,1864,150,2296,2296,http://localhost:5000/api/product/newProducts/?page=1,16558,0,1522
1717757560614,16563,GetNewProducts,200,OK,Thread Group 5000 1-2038,text,true,,1864,150,2295,2295,http://localhost:5000/api/product/newProducts/?page=1,16563,0,1527
1717757561115,16063,GetNewProducts,200,OK,Thread Group 5000 1-4487,text,true,,1864,150,2294,2294,http://localhost:5000/api/product/newProducts/?page=1,16063,0,1025
1717757560615,16563,GetNewProducts,200,OK,Thread Group 5000 1-4159,text,true,,1864,150,2293,2293,http://localhost:5000/api/product/newProducts/?page=1,16563,0,1526
1717757561113,16066,GetNewProducts,200,OK,Thread Group 5000 1-3173,text,true,,1864,150,2292,2292,http://localhost:5000/api/product/newProducts/?page=1,16066,0,1027
1717757561114,16068,GetNewProducts,200,OK,Thread Group 5000 1-2412,text,true,,1864,150,2291,2291,http://localhost:5000/api/product/newProducts/?page=1,16068,0,1027
1717757561117,16066,GetNewProducts,200,OK,Thread Group 5000 1-4267,text,true,,1864,150,2290,2290,http://localhost:5000/api/product/newProducts/?page=1,16066,0,1024
1717757561113,16070,GetNewProducts,200,OK,Thread Group 5000 1-4529,text,true,,1864,150,2289,2289,http://localhost:5000/api/product/newProducts/?page=1,16070,0,1028
1717757560611,16572,GetNewProducts,200,OK,Thread Group 5000 1-2016,text,true,,1864,150,2288,2288,http://localhost:5000/api/product/newProducts/?page=1,16572,0,1529
1717757561116,16068,GetNewProducts,200,OK,Thread Group 5000 1-3081,text,true,,1864,150,2287,2287,http://localhost:5000/api/product/newProducts/?page=1,16068,0,1025
1717757561116,16068,GetNewProducts,200,OK,Thread Group 5000 1-4293,text,true,,1864,150,2286,2286,http://localhost:5000/api/product/newProducts/?page=1,16068,0,1025
1717757561120,16065,GetNewProducts,200,OK,Thread Group 5000 1-4102,text,true,,1864,150,2285,2285,http://localhost:5000/api/product/newProducts/?page=1,16065,0,1021
1717757561118,16068,GetNewProducts,200,OK,Thread Group 5000 1-4220,text,true,,1864,150,2284,2284,http://localhost:5000/api/product/newProducts/?page=1,16068,0,1023
1717757561119,16067,GetNewProducts,200,OK,Thread Group 5000 1-4201,text,true,,1864,150,2283,2283,http://localhost:5000/api/product/newProducts/?page=1,16067,0,1022
1717757561121,16066,GetNewProducts,200,OK,Thread Group 5000 1-4048,text,true,,1864,150,2282,2282,http://localhost:5000/api/product/newProducts/?page=1,16066,0,1020
1717757560618,16569,GetNewProducts,200,OK,Thread Group 5000 1-2074,text,true,,1864,150,2281,2281,http://localhost:5000/api/product/newProducts/?page=1,16569,0,1524
1717757561116,16071,GetNewProducts,200,OK,Thread Group 5000 1-4425,text,true,,1864,150,2280,2280,http://localhost:5000/api/product/newProducts/?page=1,16071,0,1025
1717757561116,16072,GetNewProducts,200,OK,Thread Group 5000 1-4315,text,true,,1864,150,2279,2279,http://localhost:5000/api/product/newProducts/?page=1,16072,0,1026
1717757561117,16072,GetNewProducts,200,OK,Thread Group 5000 1-4279,text,true,,1864,150,2278,2278,http://localhost:5000/api/product/newProducts/?page=1,16072,0,1024
1717757561116,16073,GetNewProducts,200,OK,Thread Group 5000 1-4729,text,true,,1864,150,2277,2277,http://localhost:5000/api/product/newProducts/?page=1,16073,0,1025
1717757561118,16072,GetNewProducts,200,OK,Thread Group 5000 1-4222,text,true,,1864,150,2276,2276,http://localhost:5000/api/product/newProducts/?page=1,16072,0,1024
1717757561117,16073,GetNewProducts,200,OK,Thread Group 5000 1-4270,text,true,,1864,150,2275,2275,http://localhost:5000/api/product/newProducts/?page=1,16073,0,1024
1717757561122,16069,GetNewProducts,200,OK,Thread Group 5000 1-4007,text,true,,1864,150,2274,2274,http://localhost:5000/api/product/newProducts/?page=1,16069,0,1019
1717757561121,16071,GetNewProducts,200,OK,Thread Group 5000 1-4978,text,true,,1864,150,2273,2273,http://localhost:5000/api/product/newProducts/?page=1,16071,0,1021
1717757561119,16073,GetNewProducts,200,OK,Thread Group 5000 1-4182,text,true,,1864,150,2272,2272,http://localhost:5000/api/product/newProducts/?page=1,16073,0,1023
1717757561122,16070,GetNewProducts,200,OK,Thread Group 5000 1-3993,text,true,,1864,150,2271,2271,http://localhost:5000/api/product/newProducts/?page=1,16070,0,1019
1717757561120,16073,GetNewProducts,200,OK,Thread Group 5000 1-4112,text,true,,1864,150,2270,2270,http://localhost:5000/api/product/newProducts/?page=1,16073,0,1021
1717757560620,16573,GetNewProducts,200,OK,Thread Group 5000 1-2108,text,true,,1864,150,2269,2269,http://localhost:5000/api/product/newProducts/?page=1,16573,0,1521
1717757560619,16575,GetNewProducts,200,OK,Thread Group 5000 1-2095,text,true,,1864,150,2268,2268,http://localhost:5000/api/product/newProducts/?page=1,16575,0,1523
1717757561120,16074,GetNewProducts,200,OK,Thread Group 5000 1-4111,text,true,,1864,150,2267,2267,http://localhost:5000/api/product/newProducts/?page=1,16074,0,1021
1717757561123,16072,GetNewProducts,200,OK,Thread Group 5000 1-3998,text,true,,1864,150,2266,2266,http://localhost:5000/api/product/newProducts/?page=1,16072,0,1018
1717757561119,16077,GetNewProducts,200,OK,Thread Group 5000 1-4174,text,true,,1864,150,2265,2265,http://localhost:5000/api/product/newProducts/?page=1,16077,0,1023
1717757561118,16078,GetNewProducts,200,OK,Thread Group 5000 1-4253,text,true,,1864,150,2264,2264,http://localhost:5000/api/product/newProducts/?page=1,16078,0,1023
1717757561123,16074,GetNewProducts,200,OK,Thread Group 5000 1-3988,text,true,,1864,150,2263,2263,http://localhost:5000/api/product/newProducts/?page=1,16074,0,1018
1717757561123,16074,GetNewProducts,200,OK,Thread Group 5000 1-3974,text,true,,1864,150,2262,2262,http://localhost:5000/api/product/newProducts/?page=1,16074,0,1019
1717757561120,16078,GetNewProducts,200,OK,Thread Group 5000 1-4096,text,true,,1864,150,2261,2261,http://localhost:5000/api/product/newProducts/?page=1,16078,0,1021
1717757561120,16078,GetNewProducts,200,OK,Thread Group 5000 1-4141,text,true,,1864,150,2260,2260,http://localhost:5000/api/product/newProducts/?page=1,16078,0,1021
1717757561117,16081,GetNewProducts,200,OK,Thread Group 5000 1-4273,text,true,,1864,150,2259,2259,http://localhost:5000/api/product/newProducts/?page=1,16081,0,1024
1717757561120,16079,GetNewProducts,200,OK,Thread Group 5000 1-4074,text,true,,1864,150,2258,2258,http://localhost:5000/api/product/newProducts/?page=1,16079,0,1022
1717757561118,16081,GetNewProducts,200,OK,Thread Group 5000 1-4241,text,true,,1864,150,2257,2257,http://localhost:5000/api/product/newProducts/?page=1,16081,0,1023
1717757561118,16081,GetNewProducts,200,OK,Thread Group 5000 1-4474,text,true,,1864,150,2256,2256,http://localhost:5000/api/product/newProducts/?page=1,16081,0,1024
1717757561119,16081,GetNewProducts,200,OK,Thread Group 5000 1-2047,text,true,,1864,150,2255,2255,http://localhost:5000/api/product/newProducts/?page=1,16081,0,1023
1717757561120,16081,GetNewProducts,200,OK,Thread Group 5000 1-4097,text,true,,1864,150,2254,2254,http://localhost:5000/api/product/newProducts/?page=1,16081,0,1021
1717757561122,16079,GetNewProducts,200,OK,Thread Group 5000 1-4975,text,true,,1864,150,2253,2253,http://localhost:5000/api/product/newProducts/?page=1,16079,0,1020
1717757561121,16081,GetNewProducts,200,OK,Thread Group 5000 1-1987,text,true,,1864,150,2252,2252,http://localhost:5000/api/product/newProducts/?page=1,16081,0,1021
1717757561124,16078,GetNewProducts,200,OK,Thread Group 5000 1-3950,text,true,,1864,150,2251,2251,http://localhost:5000/api/product/newProducts/?page=1,16078,0,1018
1717757561121,16082,GetNewProducts,200,OK,Thread Group 5000 1-4198,text,true,,1864,150,2250,2250,http://localhost:5000/api/product/newProducts/?page=1,16082,0,1021
1717757561120,16083,GetNewProducts,200,OK,Thread Group 5000 1-4190,text,true,,1864,150,2249,2249,http://localhost:5000/api/product/newProducts/?page=1,16083,0,1022
1717757561123,16081,GetNewProducts,200,OK,Thread Group 5000 1-3977,text,true,,1864,150,2248,2248,http://localhost:5000/api/product/newProducts/?page=1,16081,0,1018
1717757561121,16083,GetNewProducts,200,OK,Thread Group 5000 1-1964,text,true,,1864,150,2247,2247,http://localhost:5000/api/product/newProducts/?page=1,16083,0,1020
1717757561129,16076,GetNewProducts,200,OK,Thread Group 5000 1-694,text,true,,1864,150,2246,2246,http://localhost:5000/api/product/newProducts/?page=1,16076,0,1013
1717757561130,16076,GetNewProducts,200,OK,Thread Group 5000 1-4935,text,true,,1864,150,2245,2245,http://localhost:5000/api/product/newProducts/?page=1,16076,0,1012
1717757561118,16088,GetNewProducts,200,OK,Thread Group 5000 1-4223,text,true,,1864,150,2244,2244,http://localhost:5000/api/product/newProducts/?page=1,16088,0,1024
1717757561118,16089,GetNewProducts,200,OK,Thread Group 5000 1-2093,text,true,,1864,150,2243,2243,http://localhost:5000/api/product/newProducts/?page=1,16089,0,1023
1717757561121,16086,GetNewProducts,200,OK,Thread Group 5000 1-4094,text,true,,1864,150,2242,2242,http://localhost:5000/api/product/newProducts/?page=1,16086,0,1021
1717757561122,16086,GetNewProducts,200,OK,Thread Group 5000 1-4979,text,true,,1864,150,2241,2241,http://localhost:5000/api/product/newProducts/?page=1,16086,0,1020
1717757561122,16086,GetNewProducts,200,OK,Thread Group 5000 1-4029,text,true,,1864,150,2240,2240,http://localhost:5000/api/product/newProducts/?page=1,16086,0,1019
1717757561120,16089,GetNewProducts,200,OK,Thread Group 5000 1-4191,text,true,,1864,150,2239,2239,http://localhost:5000/api/product/newProducts/?page=1,16089,0,1022
1717757561123,16086,GetNewProducts,200,OK,Thread Group 5000 1-3987,text,true,,1864,150,2238,2238,http://localhost:5000/api/product/newProducts/?page=1,16086,0,1019
1717757561119,16091,GetNewProducts,200,OK,Thread Group 5000 1-4168,text,true,,1864,150,2237,2237,http://localhost:5000/api/product/newProducts/?page=1,16091,0,1022
1717757561120,16090,GetNewProducts,200,OK,Thread Group 5000 1-4070,text,true,,1864,150,2236,2236,http://localhost:5000/api/product/newProducts/?page=1,16090,0,1022
1717757561126,16085,GetNewProducts,200,OK,Thread Group 5000 1-3914,text,true,,1864,150,2235,2235,http://localhost:5000/api/product/newProducts/?page=1,16085,0,1016
1717757561123,16089,GetNewProducts,200,OK,Thread Group 5000 1-3963,text,true,,1864,150,2234,2234,http://localhost:5000/api/product/newProducts/?page=1,16088,0,1019
1717757561124,16088,GetNewProducts,200,OK,Thread Group 5000 1-4849,text,true,,1864,150,2233,2233,http://localhost:5000/api/product/newProducts/?page=1,16088,0,1017
1717757561121,16091,GetNewProducts,200,OK,Thread Group 5000 1-4040,text,true,,1864,150,2232,2232,http://localhost:5000/api/product/newProducts/?page=1,16091,0,1020
1717757561126,16087,GetNewProducts,200,OK,Thread Group 5000 1-3825,text,true,,1864,150,2231,2231,http://localhost:5000/api/product/newProducts/?page=1,16087,0,1015
1717757561123,16090,GetNewProducts,200,OK,Thread Group 5000 1-3959,text,true,,1864,150,2230,2230,http://localhost:5000/api/product/newProducts/?page=1,16090,0,1019
1717757561121,16092,GetNewProducts,200,OK,Thread Group 5000 1-4044,text,true,,1864,150,2229,2229,http://localhost:5000/api/product/newProducts/?page=1,16092,0,1020
1717757561122,16092,GetNewProducts,200,OK,Thread Group 5000 1-4046,text,true,,1864,150,2228,2228,http://localhost:5000/api/product/newProducts/?page=1,16092,0,1020
1717757561124,16090,GetNewProducts,200,OK,Thread Group 5000 1-3928,text,true,,1864,150,2227,2227,http://localhost:5000/api/product/newProducts/?page=1,16090,0,1017
1717757561121,16093,GetNewProducts,200,OK,Thread Group 5000 1-4017,text,true,,1864,150,2226,2226,http://localhost:5000/api/product/newProducts/?page=1,16093,0,1021
1717757561119,16096,GetNewProducts,200,OK,Thread Group 5000 1-4173,text,true,,1864,150,2225,2225,http://localhost:5000/api/product/newProducts/?page=1,16096,0,1023
1717757561120,16096,GetNewProducts,200,OK,Thread Group 5000 1-4106,text,true,,1864,150,2224,2224,http://localhost:5000/api/product/newProducts/?page=1,16096,0,1023
1717757561119,16098,GetNewProducts,200,OK,Thread Group 5000 1-4242,text,true,,1864,150,2223,2223,http://localhost:5000/api/product/newProducts/?page=1,16098,0,1023
1717757561123,16094,GetNewProducts,200,OK,Thread Group 5000 1-4016,text,true,,1864,150,2222,2222,http://localhost:5000/api/product/newProducts/?page=1,16094,0,1019
1717757561123,16095,GetNewProducts,200,OK,Thread Group 5000 1-4785,text,true,,1864,150,2221,2221,http://localhost:5000/api/product/newProducts/?page=1,16095,0,1019
1717757561123,16095,GetNewProducts,200,OK,Thread Group 5000 1-3961,text,true,,1864,150,2220,2220,http://localhost:5000/api/product/newProducts/?page=1,16095,0,1019
1717757561121,16097,GetNewProducts,200,OK,Thread Group 5000 1-4251,text,true,,1864,150,2219,2219,http://localhost:5000/api/product/newProducts/?page=1,16097,0,1021
1717757561122,16097,GetNewProducts,200,OK,Thread Group 5000 1-4000,text,true,,1864,150,2218,2218,http://localhost:5000/api/product/newProducts/?page=1,16097,0,1020
1717757561124,16095,GetNewProducts,200,OK,Thread Group 5000 1-3027,text,true,,1864,150,2217,2217,http://localhost:5000/api/product/newProducts/?page=1,16095,0,1018
1717757561130,16089,GetNewProducts,200,OK,Thread Group 5000 1-3223,text,true,,1864,150,2216,2216,http://localhost:5000/api/product/newProducts/?page=1,16089,0,1012
1717757561123,16098,GetNewProducts,200,OK,Thread Group 5000 1-3990,text,true,,1864,150,2215,2215,http://localhost:5000/api/product/newProducts/?page=1,16098,0,1020
1717757561121,16100,GetNewProducts,200,OK,Thread Group 5000 1-4057,text,true,,1864,150,2214,2214,http://localhost:5000/api/product/newProducts/?page=1,16100,0,1021
1717757561123,16099,GetNewProducts,200,OK,Thread Group 5000 1-3956,text,true,,1864,150,2213,2213,http://localhost:5000/api/product/newProducts/?page=1,16099,0,1019
1717757561126,16096,GetNewProducts,200,OK,Thread Group 5000 1-1633,text,true,,1864,150,2212,2212,http://localhost:5000/api/product/newProducts/?page=1,16096,0,1016
1717757561125,16097,GetNewProducts,200,OK,Thread Group 5000 1-3912,text,true,,1864,150,2211,2211,http://localhost:5000/api/product/newProducts/?page=1,16097,0,1017
1717757561122,16101,GetNewProducts,200,OK,Thread Group 5000 1-4012,text,true,,1864,150,2210,2210,http://localhost:5000/api/product/newProducts/?page=1,16101,0,1020
1717757561123,16100,GetNewProducts,200,OK,Thread Group 5000 1-3968,text,true,,1864,150,2209,2209,http://localhost:5000/api/product/newProducts/?page=1,16100,0,1019
1717757560614,16610,GetNewProducts,200,OK,Thread Group 5000 1-2041,text,true,,1864,150,2208,2208,http://localhost:5000/api/product/newProducts/?page=1,16610,0,1528
1717757560618,16606,GetNewProducts,200,OK,Thread Group 5000 1-2084,text,true,,1864,150,2207,2207,http://localhost:5000/api/product/newProducts/?page=1,16606,0,1524
1717757561124,16101,GetNewProducts,200,OK,Thread Group 5000 1-3957,text,true,,1864,150,2206,2206,http://localhost:5000/api/product/newProducts/?page=1,16101,0,1018
1717757561124,16102,GetNewProducts,200,OK,Thread Group 5000 1-3954,text,true,,1864,150,2205,2205,http://localhost:5000/api/product/newProducts/?page=1,16102,0,1019
1717757560620,16606,GetNewProducts,200,OK,Thread Group 5000 1-963,text,true,,1864,150,2204,2204,http://localhost:5000/api/product/newProducts/?page=1,16606,0,1523
1717757560613,16614,GetNewProducts,200,OK,Thread Group 5000 1-2027,text,true,,1864,150,2203,2203,http://localhost:5000/api/product/newProducts/?page=1,16614,0,1530
1717757560616,16611,GetNewProducts,200,OK,Thread Group 5000 1-2059,text,true,,1864,150,2202,2202,http://localhost:5000/api/product/newProducts/?page=1,16611,0,1527
1717757561127,16101,GetNewProducts,200,OK,Thread Group 5000 1-3077,text,true,,1864,150,2201,2201,http://localhost:5000/api/product/newProducts/?page=1,16101,0,1015
1717757561109,16119,GetNewProducts,200,OK,Thread Group 5000 1-4356,text,true,,1864,150,2200,2200,http://localhost:5000/api/product/newProducts/?page=1,16119,0,1033
1717757561121,16107,GetNewProducts,200,OK,Thread Group 5000 1-4041,text,true,,1864,150,2199,2199,http://localhost:5000/api/product/newProducts/?page=1,16107,0,1021
1717757560617,16612,GetNewProducts,200,OK,Thread Group 5000 1-2066,text,true,,1864,150,2198,2198,http://localhost:5000/api/product/newProducts/?page=1,16612,0,1526
1717757561123,16106,GetNewProducts,200,OK,Thread Group 5000 1-3982,text,true,,1864,150,2197,2197,http://localhost:5000/api/product/newProducts/?page=1,16106,0,1019
1717757561123,16107,GetNewProducts,200,OK,Thread Group 5000 1-1926,text,true,,1864,150,2196,2196,http://localhost:5000/api/product/newProducts/?page=1,16107,0,1019
1717757561127,16104,GetNewProducts,200,OK,Thread Group 5000 1-3596,text,true,,1864,150,2195,2195,http://localhost:5000/api/product/newProducts/?page=1,16104,0,1015
1717757560617,16614,GetNewProducts,200,OK,Thread Group 5000 1-2071,text,true,,1864,150,2194,2194,http://localhost:5000/api/product/newProducts/?page=1,16614,0,1526
1717757560613,16619,GetNewProducts,200,OK,Thread Group 5000 1-2032,text,true,,1864,150,2193,2193,http://localhost:5000/api/product/newProducts/?page=1,16619,0,1529
1717757560615,16617,GetNewProducts,200,OK,Thread Group 5000 1-2052,text,true,,1864,150,2192,2192,http://localhost:5000/api/product/newProducts/?page=1,16617,0,1527
1717757561122,16110,GetNewProducts,200,OK,Thread Group 5000 1-4971,text,true,,1864,150,2191,2191,http://localhost:5000/api/product/newProducts/?page=1,16110,0,1020
1717757560619,16614,GetNewProducts,200,OK,Thread Group 5000 1-4209,text,true,,1864,150,2190,2190,http://localhost:5000/api/product/newProducts/?page=1,16614,0,1523
1717757560620,16613,GetNewProducts,200,OK,Thread Group 5000 1-2109,text,true,,1864,150,2189,2189,http://localhost:5000/api/product/newProducts/?page=1,16613,0,1522
1717757561108,16126,GetNewProducts,200,OK,Thread Group 5000 1-4624,text,true,,1864,150,2188,2188,http://localhost:5000/api/product/newProducts/?page=1,16126,0,1034
1717757560624,16610,GetNewProducts,200,OK,Thread Group 5000 1-2149,text,true,,1864,150,2187,2187,http://localhost:5000/api/product/newProducts/?page=1,16610,0,1518
1717757560625,16609,GetNewProducts,200,OK,Thread Group 5000 1-2160,text,true,,1864,150,2186,2186,http://localhost:5000/api/product/newProducts/?page=1,16609,0,1517
1717757561109,16126,GetNewProducts,200,OK,Thread Group 5000 1-4398,text,true,,1864,150,2185,2185,http://localhost:5000/api/product/newProducts/?page=1,16126,0,1034
1717757560627,16609,GetNewProducts,200,OK,Thread Group 5000 1-2179,text,true,,1864,150,2184,2184,http://localhost:5000/api/product/newProducts/?page=1,16609,0,1516
1717757560622,16614,GetNewProducts,200,OK,Thread Group 5000 1-2134,text,true,,1864,150,2183,2183,http://localhost:5000/api/product/newProducts/?page=1,16614,0,1521
1717757561112,16125,GetNewProducts,200,OK,Thread Group 5000 1-3302,text,true,,1864,150,2182,2182,http://localhost:5000/api/product/newProducts/?page=1,16125,0,1031
1717757561128,16109,GetNewProducts,200,OK,Thread Group 5000 1-4101,text,true,,1864,150,2181,2181,http://localhost:5000/api/product/newProducts/?page=1,16109,0,1014
1717757560623,16615,GetNewProducts,200,OK,Thread Group 5000 1-999,text,true,,1864,150,2180,2180,http://localhost:5000/api/product/newProducts/?page=1,16615,0,1521
1717757561109,16129,GetNewProducts,200,OK,Thread Group 5000 1-4881,text,true,,1864,150,2179,2179,http://localhost:5000/api/product/newProducts/?page=1,16129,0,1033
1717757560621,16618,GetNewProducts,200,OK,Thread Group 5000 1-2119,text,true,,1864,150,2178,2178,http://localhost:5000/api/product/newProducts/?page=1,16618,0,1522
1717757560622,16617,GetNewProducts,200,OK,Thread Group 5000 1-2126,text,true,,1864,150,2177,2177,http://localhost:5000/api/product/newProducts/?page=1,16617,0,1521
1717757561110,16130,GetNewProducts,200,OK,Thread Group 5000 1-4634,text,true,,1864,150,2176,2176,http://localhost:5000/api/product/newProducts/?page=1,16130,0,1033
1717757561129,16111,GetNewProducts,200,OK,Thread Group 5000 1-3650,text,true,,1864,150,2175,2175,http://localhost:5000/api/product/newProducts/?page=1,16111,0,1014
1717757560605,16636,GetNewProducts,200,OK,Thread Group 5000 1-1952,text,true,,1864,150,2174,2174,http://localhost:5000/api/product/newProducts/?page=1,16636,0,1537
1717757560624,16617,GetNewProducts,200,OK,Thread Group 5000 1-2156,text,true,,1864,150,2173,2173,http://localhost:5000/api/product/newProducts/?page=1,16617,0,1518
1717757561111,16131,GetNewProducts,200,OK,Thread Group 5000 1-4405,text,true,,1864,150,2172,2172,http://localhost:5000/api/product/newProducts/?page=1,16131,0,1031
1717757560606,16636,GetNewProducts,200,OK,Thread Group 5000 1-1965,text,true,,1864,150,2171,2171,http://localhost:5000/api/product/newProducts/?page=1,16636,0,1536
1717757560600,16643,GetNewProducts,200,OK,Thread Group 5000 1-1933,text,true,,1864,150,2170,2170,http://localhost:5000/api/product/newProducts/?page=1,16643,0,1542
1717757560627,16616,GetNewProducts,200,OK,Thread Group 5000 1-2186,text,true,,1864,150,2169,2169,http://localhost:5000/api/product/newProducts/?page=1,16616,0,1517
1717757560626,16618,GetNewProducts,200,OK,Thread Group 5000 1-2167,text,true,,1864,150,2168,2168,http://localhost:5000/api/product/newProducts/?page=1,16618,0,1518
1717757561128,16116,GetNewProducts,200,OK,Thread Group 5000 1-4533,text,true,,1864,150,2167,2167,http://localhost:5000/api/product/newProducts/?page=1,16116,0,1014
1717757560628,16618,GetNewProducts,200,OK,Thread Group 5000 1-2192,text,true,,1864,150,2166,2166,http://localhost:5000/api/product/newProducts/?page=1,16618,0,1514
1717757561128,16118,GetNewProducts,200,OK,Thread Group 5000 1-3610,text,true,,1864,150,2165,2165,http://localhost:5000/api/product/newProducts/?page=1,16118,0,1016
1717757561110,16137,GetNewProducts,200,OK,Thread Group 5000 1-4836,text,true,,1864,150,2164,2164,http://localhost:5000/api/product/newProducts/?page=1,16137,0,1032
1717757561109,16138,GetNewProducts,200,OK,Thread Group 5000 1-3137,text,true,,1864,150,2163,2163,http://localhost:5000/api/product/newProducts/?page=1,16138,0,1033
1717757561110,16137,GetNewProducts,200,OK,Thread Group 5000 1-4343,text,true,,1864,150,2162,2162,http://localhost:5000/api/product/newProducts/?page=1,16137,0,1033
1717757561129,16119,GetNewProducts,200,OK,Thread Group 5000 1-3714,text,true,,1864,150,2161,2161,http://localhost:5000/api/product/newProducts/?page=1,16119,0,1015
1717757561112,16136,GetNewProducts,200,OK,Thread Group 5000 1-4287,text,true,,1864,150,2160,2160,http://localhost:5000/api/product/newProducts/?page=1,16136,0,1032
1717757561110,16138,GetNewProducts,200,OK,Thread Group 5000 1-3209,text,true,,1864,150,2159,2159,http://localhost:5000/api/product/newProducts/?page=1,16138,0,1032
1717757561110,16139,GetNewProducts,200,OK,Thread Group 5000 1-4630,text,true,,1864,150,2158,2158,http://localhost:5000/api/product/newProducts/?page=1,16139,0,1034
1717757560602,16647,GetNewProducts,200,OK,Thread Group 5000 1-3958,text,true,,1864,150,2157,2157,http://localhost:5000/api/product/newProducts/?page=1,16647,0,1542
1717757560605,16645,GetNewProducts,200,OK,Thread Group 5000 1-1956,text,true,,1864,150,2156,2156,http://localhost:5000/api/product/newProducts/?page=1,16645,0,1537
1717757560598,16653,GetNewProducts,200,OK,Thread Group 5000 1-1917,text,true,,1864,150,2155,2155,http://localhost:5000/api/product/newProducts/?page=1,16653,0,1544
1717757561111,16140,GetNewProducts,200,OK,Thread Group 5000 1-3479,text,true,,1864,150,2154,2154,http://localhost:5000/api/product/newProducts/?page=1,16140,0,1033
1717757561111,16141,GetNewProducts,200,OK,Thread Group 5000 1-4884,text,true,,1864,150,2153,2153,http://localhost:5000/api/product/newProducts/?page=1,16141,0,1031
1717757561111,16141,GetNewProducts,200,OK,Thread Group 5000 1-4861,text,true,,1864,150,2152,2152,http://localhost:5000/api/product/newProducts/?page=1,16141,0,1031
1717757560606,16646,GetNewProducts,200,OK,Thread Group 5000 1-1968,text,true,,1864,150,2151,2151,http://localhost:5000/api/product/newProducts/?page=1,16646,0,1536
1717757560604,16649,GetNewProducts,200,OK,Thread Group 5000 1-1942,text,true,,1864,150,2150,2150,http://localhost:5000/api/product/newProducts/?page=1,16649,0,1540
1717757560608,16645,GetNewProducts,200,OK,Thread Group 5000 1-4059,text,true,,1864,150,2149,2149,http://localhost:5000/api/product/newProducts/?page=1,16645,0,1536
1717757560611,16642,GetNewProducts,200,OK,Thread Group 5000 1-2012,text,true,,1864,150,2148,2148,http://localhost:5000/api/product/newProducts/?page=1,16642,0,1531
1717757561110,16144,GetNewProducts,200,OK,Thread Group 5000 1-4629,text,true,,1864,150,2147,2147,http://localhost:5000/api/product/newProducts/?page=1,16144,0,1032
1717757561111,16144,GetNewProducts,200,OK,Thread Group 5000 1-4642,text,true,,1864,150,2146,2146,http://localhost:5000/api/product/newProducts/?page=1,16144,0,1033
1717757560612,16643,GetNewProducts,200,OK,Thread Group 5000 1-2025,text,true,,1864,150,2145,2145,http://localhost:5000/api/product/newProducts/?page=1,16643,0,1530
1717757561110,16146,GetNewProducts,200,OK,Thread Group 5000 1-3410,text,true,,1864,150,2144,2144,http://localhost:5000/api/product/newProducts/?page=1,16146,0,1034
1717757561109,16147,GetNewProducts,200,OK,Thread Group 5000 1-3414,text,true,,1864,150,2143,2143,http://localhost:5000/api/product/newProducts/?page=1,16147,0,1035
1717757560599,16657,GetNewProducts,200,OK,Thread Group 5000 1-1918,text,true,,1864,150,2142,2142,http://localhost:5000/api/product/newProducts/?page=1,16657,0,1545
1717757561112,16145,GetNewProducts,200,OK,Thread Group 5000 1-4386,text,true,,1864,150,2141,2141,http://localhost:5000/api/product/newProducts/?page=1,16145,0,1032
1717757561113,16144,GetNewProducts,200,OK,Thread Group 5000 1-2990,text,true,,1864,150,2140,2140,http://localhost:5000/api/product/newProducts/?page=1,16144,0,1031
1717757561108,16150,GetNewProducts,200,OK,Thread Group 5000 1-3948,text,true,,1864,150,2139,2139,http://localhost:5000/api/product/newProducts/?page=1,16150,0,1034
1717757560610,16648,GetNewProducts,200,OK,Thread Group 5000 1-2007,text,true,,1864,150,2138,2138,http://localhost:5000/api/product/newProducts/?page=1,16648,0,1534
1717757561113,16146,GetNewProducts,200,OK,Thread Group 5000 1-4327,text,true,,1864,150,2137,2137,http://localhost:5000/api/product/newProducts/?page=1,16146,0,1031
1717757560609,16651,GetNewProducts,200,OK,Thread Group 5000 1-1994,text,true,,1864,150,2136,2136,http://localhost:5000/api/product/newProducts/?page=1,16651,0,1535
1717757560609,16651,GetNewProducts,200,OK,Thread Group 5000 1-1997,text,true,,1864,150,2135,2135,http://localhost:5000/api/product/newProducts/?page=1,16651,0,1533
1717757560604,16657,GetNewProducts,200,OK,Thread Group 5000 1-1944,text,true,,1864,150,2134,2134,http://localhost:5000/api/product/newProducts/?page=1,16657,0,1538
1717757560606,16655,GetNewProducts,200,OK,Thread Group 5000 1-4028,text,true,,1864,150,2133,2133,http://localhost:5000/api/product/newProducts/?page=1,16655,0,1536
1717757560607,16654,GetNewProducts,200,OK,Thread Group 5000 1-1982,text,true,,1864,150,2132,2132,http://localhost:5000/api/product/newProducts/?page=1,16654,0,1537
1717757561113,16149,GetNewProducts,200,OK,Thread Group 5000 1-3766,text,true,,1864,150,2131,2131,http://localhost:5000/api/product/newProducts/?page=1,16149,0,1031
1717757560612,16650,GetNewProducts,200,OK,Thread Group 5000 1-2021,text,true,,1864,150,2130,2130,http://localhost:5000/api/product/newProducts/?page=1,16650,0,1530
1717757560611,16652,GetNewProducts,200,OK,Thread Group 5000 1-2018,text,true,,1864,150,2129,2129,http://localhost:5000/api/product/newProducts/?page=1,16652,0,1533
1717757560607,16656,GetNewProducts,200,OK,Thread Group 5000 1-1978,text,true,,1864,150,2128,2128,http://localhost:5000/api/product/newProducts/?page=1,16656,0,1537
1717757560610,16654,GetNewProducts,200,OK,Thread Group 5000 1-2002,text,true,,1864,150,2127,2127,http://localhost:5000/api/product/newProducts/?page=1,16654,0,1534
1717757561113,16152,GetNewProducts,200,OK,Thread Group 5000 1-4139,text,true,,1864,150,2126,2126,http://localhost:5000/api/product/newProducts/?page=1,16152,0,1031
1717757561113,16153,GetNewProducts,200,OK,Thread Group 5000 1-2981,text,true,,1864,150,2125,2125,http://localhost:5000/api/product/newProducts/?page=1,16153,0,1029
1717757561115,16151,GetNewProducts,200,OK,Thread Group 5000 1-4672,text,true,,1864,150,2124,2124,http://localhost:5000/api/product/newProducts/?page=1,16151,0,1027
1717757561115,16152,GetNewProducts,200,OK,Thread Group 5000 1-4989,text,true,,1864,150,2123,2123,http://localhost:5000/api/product/newProducts/?page=1,16152,0,1027
1717757561117,16150,GetNewProducts,200,OK,Thread Group 5000 1-4600,text,true,,1864,150,2122,2122,http://localhost:5000/api/product/newProducts/?page=1,16150,0,1025
1717757561116,16151,GetNewProducts,200,OK,Thread Group 5000 1-4964,text,true,,1864,150,2121,2121,http://localhost:5000/api/product/newProducts/?page=1,16151,0,1026
1717757561118,16150,GetNewProducts,200,OK,Thread Group 5000 1-4216,text,true,,1864,150,2120,2120,http://localhost:5000/api/product/newProducts/?page=1,16150,0,1024
1717757560597,16671,GetNewProducts,200,OK,Thread Group 5000 1-1914,text,true,,1864,150,2119,2119,http://localhost:5000/api/product/newProducts/?page=1,16671,0,1547
1717757560600,16669,GetNewProducts,200,OK,Thread Group 5000 1-1936,text,true,,1864,150,2118,2118,http://localhost:5000/api/product/newProducts/?page=1,16669,0,1542
1717757560603,16667,GetNewProducts,200,OK,Thread Group 5000 1-1931,text,true,,1864,150,2117,2117,http://localhost:5000/api/product/newProducts/?page=1,16667,0,1541
1717757561117,16153,GetNewProducts,200,OK,Thread Group 5000 1-4261,text,true,,1864,150,2116,2116,http://localhost:5000/api/product/newProducts/?page=1,16153,0,1025
1717757561119,16151,GetNewProducts,200,OK,Thread Group 5000 1-4181,text,true,,1864,150,2115,2115,http://localhost:5000/api/product/newProducts/?page=1,16151,0,1023
1717757561119,16152,GetNewProducts,200,OK,Thread Group 5000 1-4156,text,true,,1864,150,2114,2114,http://localhost:5000/api/product/newProducts/?page=1,16152,0,1023
1717757560605,16667,GetNewProducts,200,OK,Thread Group 5000 1-1954,text,true,,1864,150,2113,2113,http://localhost:5000/api/product/newProducts/?page=1,16667,0,1539
1717757561114,16158,GetNewProducts,200,OK,Thread Group 5000 1-4702,text,true,,1864,150,2112,2112,http://localhost:5000/api/product/newProducts/?page=1,16158,0,1030
1717757560607,16666,GetNewProducts,200,OK,Thread Group 5000 1-1976,text,true,,1864,150,2111,2111,http://localhost:5000/api/product/newProducts/?page=1,16666,0,1535
1717757561115,16158,GetNewProducts,200,OK,Thread Group 5000 1-4877,text,true,,1864,150,2110,2110,http://localhost:5000/api/product/newProducts/?page=1,16158,0,1027
1717757561116,16157,GetNewProducts,200,OK,Thread Group 5000 1-4302,text,true,,1864,150,2109,2109,http://localhost:5000/api/product/newProducts/?page=1,16157,0,1029
1717757561114,16160,GetNewProducts,200,OK,Thread Group 5000 1-4674,text,true,,1864,150,2108,2108,http://localhost:5000/api/product/newProducts/?page=1,16160,0,1030
1717757561115,16160,GetNewProducts,200,OK,Thread Group 5000 1-4496,text,true,,1864,150,2107,2107,http://localhost:5000/api/product/newProducts/?page=1,16160,0,1027
1717757560608,16668,GetNewProducts,200,OK,Thread Group 5000 1-1988,text,true,,1864,150,2106,2106,http://localhost:5000/api/product/newProducts/?page=1,16668,0,1534
1717757561117,16159,GetNewProducts,200,OK,Thread Group 5000 1-4286,text,true,,1864,150,2105,2105,http://localhost:5000/api/product/newProducts/?page=1,16159,0,1028
1717757561116,16160,GetNewProducts,200,OK,Thread Group 5000 1-4724,text,true,,1864,150,2104,2104,http://localhost:5000/api/product/newProducts/?page=1,16160,0,1026
1717757561116,16161,GetNewProducts,200,OK,Thread Group 5000 1-4314,text,true,,1864,150,2103,2103,http://localhost:5000/api/product/newProducts/?page=1,16161,0,1028
1717757561120,16157,GetNewProducts,200,OK,Thread Group 5000 1-4179,text,true,,1864,150,2102,2102,http://localhost:5000/api/product/newProducts/?page=1,16157,0,1024
1717757560611,16667,GetNewProducts,200,OK,Thread Group 5000 1-4099,text,true,,1864,150,2101,2101,http://localhost:5000/api/product/newProducts/?page=1,16667,0,1534
1717757561118,16160,GetNewProducts,200,OK,Thread Group 5000 1-4239,text,true,,1864,150,2100,2100,http://localhost:5000/api/product/newProducts/?page=1,16160,0,1027
1717757561117,16162,GetNewProducts,200,OK,Thread Group 5000 1-2146,text,true,,1864,150,2099,2099,http://localhost:5000/api/product/newProducts/?page=1,16162,0,1028
1717757561117,16163,GetNewProducts,200,OK,Thread Group 5000 1-4445,text,true,,1864,150,2098,2098,http://localhost:5000/api/product/newProducts/?page=1,16163,0,1025
1717757561120,16160,GetNewProducts,200,OK,Thread Group 5000 1-4183,text,true,,1864,150,2097,2097,http://localhost:5000/api/product/newProducts/?page=1,16160,0,1024
1717757561113,16168,GetNewProducts,200,OK,Thread Group 5000 1-4423,text,true,,1864,150,2096,2096,http://localhost:5000/api/product/newProducts/?page=1,16168,0,1032
1717757561121,16160,GetNewProducts,200,OK,Thread Group 5000 1-4066,text,true,,1864,150,2095,2095,http://localhost:5000/api/product/newProducts/?page=1,16160,0,1024
1717757561112,16169,GetNewProducts,200,OK,Thread Group 5000 1-3003,text,true,,1864,150,2094,2094,http://localhost:5000/api/product/newProducts/?page=1,16169,0,1033
1717757561123,16159,GetNewProducts,200,OK,Thread Group 5000 1-3992,text,true,,1864,150,2093,2093,http://localhost:5000/api/product/newProducts/?page=1,16159,0,1019
1717757561122,16160,GetNewProducts,200,OK,Thread Group 5000 1-4015,text,true,,1864,150,2092,2092,http://localhost:5000/api/product/newProducts/?page=1,16160,0,1023
1717757561119,16164,GetNewProducts,200,OK,Thread Group 5000 1-4211,text,true,,1864,150,2091,2091,http://localhost:5000/api/product/newProducts/?page=1,16164,0,1026
1717757561119,16164,GetNewProducts,200,OK,Thread Group 5000 1-4189,text,true,,1864,150,2090,2090,http://localhost:5000/api/product/newProducts/?page=1,16164,0,1024
1717757561118,16166,GetNewProducts,200,OK,Thread Group 5000 1-4941,text,true,,1864,150,2089,2089,http://localhost:5000/api/product/newProducts/?page=1,16166,0,1025
1717757561120,16166,GetNewProducts,200,OK,Thread Group 5000 1-4192,text,true,,1864,150,2088,2088,http://localhost:5000/api/product/newProducts/?page=1,16166,0,1023
1717757561116,16170,GetNewProducts,200,OK,Thread Group 5000 1-4683,text,true,,1864,150,2087,2087,http://localhost:5000/api/product/newProducts/?page=1,16170,0,1029
1717757561120,16167,GetNewProducts,200,OK,Thread Group 5000 1-2022,text,true,,1864,150,2086,2086,http://localhost:5000/api/product/newProducts/?page=1,16167,0,1025
1717757561119,16168,GetNewProducts,200,OK,Thread Group 5000 1-4197,text,true,,1864,150,2085,2085,http://localhost:5000/api/product/newProducts/?page=1,16168,0,1024
1717757561121,16166,GetNewProducts,200,OK,Thread Group 5000 1-1992,text,true,,1864,150,2084,2084,http://localhost:5000/api/product/newProducts/?page=1,16166,0,1022
1717757561120,16168,GetNewProducts,200,OK,Thread Group 5000 1-4087,text,true,,1864,150,2083,2083,http://localhost:5000/api/product/newProducts/?page=1,16168,0,1025
1717757561118,16170,GetNewProducts,200,OK,Thread Group 5000 1-2103,text,true,,1864,150,2082,2082,http://localhost:5000/api/product/newProducts/?page=1,16170,0,1027
1717757561116,16172,GetNewProducts,200,OK,Thread Group 5000 1-4289,text,true,,1864,150,2081,2081,http://localhost:5000/api/product/newProducts/?page=1,16172,0,1027
1717757561122,16167,GetNewProducts,200,OK,Thread Group 5000 1-4004,text,true,,1864,150,2080,2080,http://localhost:5000/api/product/newProducts/?page=1,16167,0,1021
1717757561114,16175,GetNewProducts,200,OK,Thread Group 5000 1-4323,text,true,,1864,150,2079,2079,http://localhost:5000/api/product/newProducts/?page=1,16175,0,1031
1717757561121,16169,GetNewProducts,200,OK,Thread Group 5000 1-4076,text,true,,1864,150,2078,2078,http://localhost:5000/api/product/newProducts/?page=1,16169,0,1022
1717757561117,16173,GetNewProducts,200,OK,Thread Group 5000 1-4454,text,true,,1864,150,2077,2077,http://localhost:5000/api/product/newProducts/?page=1,16173,0,1028
1717757561121,16170,GetNewProducts,200,OK,Thread Group 5000 1-4319,text,true,,1864,150,2076,2076,http://localhost:5000/api/product/newProducts/?page=1,16170,0,1024
1717757561123,16168,GetNewProducts,200,OK,Thread Group 5000 1-3979,text,true,,1864,150,2075,2075,http://localhost:5000/api/product/newProducts/?page=1,16168,0,1022
1717757561118,16173,GetNewProducts,200,OK,Thread Group 5000 1-4252,text,true,,1864,150,2074,2074,http://localhost:5000/api/product/newProducts/?page=1,16173,0,1025
1717757561121,16171,GetNewProducts,200,OK,Thread Group 5000 1-4050,text,true,,1864,150,2073,2073,http://localhost:5000/api/product/newProducts/?page=1,16171,0,1024
1717757561120,16172,GetNewProducts,200,OK,Thread Group 5000 1-4100,text,true,,1864,150,2072,2072,http://localhost:5000/api/product/newProducts/?page=1,16172,0,1023
1717757561118,16175,GetNewProducts,200,OK,Thread Group 5000 1-4821,text,true,,1864,150,2071,2071,http://localhost:5000/api/product/newProducts/?page=1,16175,0,1025
1717757561123,16170,GetNewProducts,200,OK,Thread Group 5000 1-3967,text,true,,1864,150,2070,2070,http://localhost:5000/api/product/newProducts/?page=1,16170,0,1022
1717757561122,16172,GetNewProducts,200,OK,Thread Group 5000 1-4034,text,true,,1864,150,2069,2069,http://localhost:5000/api/product/newProducts/?page=1,16172,0,1023
1717757561122,16173,GetNewProducts,200,OK,Thread Group 5000 1-3991,text,true,,1864,150,2068,2068,http://localhost:5000/api/product/newProducts/?page=1,16173,0,1023
1717757561124,16174,GetNewProducts,200,OK,Thread Group 5000 1-4764,text,true,,1864,150,2067,2067,http://localhost:5000/api/product/newProducts/?page=1,16174,0,1019
1717757561119,16179,GetNewProducts,200,OK,Thread Group 5000 1-4160,text,true,,1864,150,2066,2066,http://localhost:5000/api/product/newProducts/?page=1,16179,0,1024
1717757561124,16175,GetNewProducts,200,OK,Thread Group 5000 1-3028,text,true,,1864,150,2065,2065,http://localhost:5000/api/product/newProducts/?page=1,16175,0,1019
1717757561123,16177,GetNewProducts,200,OK,Thread Group 5000 1-3985,text,true,,1864,150,2064,2064,http://localhost:5000/api/product/newProducts/?page=1,16177,0,1020
1717757561123,16177,GetNewProducts,200,OK,Thread Group 5000 1-3965,text,true,,1864,150,2063,2063,http://localhost:5000/api/product/newProducts/?page=1,16177,0,1020
1717757561111,16190,GetNewProducts,200,OK,Thread Group 5000 1-4880,text,true,,1864,150,2062,2062,http://localhost:5000/api/product/newProducts/?page=1,16190,0,1032
1717757561111,16190,GetNewProducts,200,OK,Thread Group 5000 1-3153,text,true,,1864,150,2061,2061,http://localhost:5000/api/product/newProducts/?page=1,16190,0,1032
1717757561121,16180,GetNewProducts,200,OK,Thread Group 5000 1-4107,text,true,,1864,150,2060,2060,http://localhost:5000/api/product/newProducts/?page=1,16180,0,1024
1717757561122,16180,GetNewProducts,200,OK,Thread Group 5000 1-4002,text,true,,1864,150,2059,2059,http://localhost:5000/api/product/newProducts/?page=1,16180,0,1024
1717757560604,16699,GetNewProducts,200,OK,Thread Group 5000 1-3996,text,true,,1864,150,2058,2058,http://localhost:5000/api/product/newProducts/?page=1,16699,0,1539
1717757561123,16180,GetNewProducts,200,OK,Thread Group 5000 1-3971,text,true,,1864,150,2057,2057,http://localhost:5000/api/product/newProducts/?page=1,16180,0,1023
1717757561110,16193,GetNewProducts,200,OK,Thread Group 5000 1-3438,text,true,,1864,150,2056,2056,http://localhost:5000/api/product/newProducts/?page=1,16193,0,1036
1717757561122,16182,GetNewProducts,200,OK,Thread Group 5000 1-4043,text,true,,1864,150,2055,2055,http://localhost:5000/api/product/newProducts/?page=1,16182,0,1023
1717757560607,16697,GetNewProducts,200,OK,Thread Group 5000 1-1973,text,true,,1864,150,2054,2054,http://localhost:5000/api/product/newProducts/?page=1,16697,0,1536
1717757560606,16699,GetNewProducts,200,OK,Thread Group 5000 1-1969,text,true,,1864,150,2053,2053,http://localhost:5000/api/product/newProducts/?page=1,16699,0,1537
1717757560611,16694,GetNewProducts,200,OK,Thread Group 5000 1-917,text,true,,1864,150,2052,2052,http://localhost:5000/api/product/newProducts/?page=1,16694,0,1532
1717757560603,16703,GetNewProducts,200,OK,Thread Group 5000 1-1927,text,true,,1864,150,2051,2051,http://localhost:5000/api/product/newProducts/?page=1,16703,0,1543
1717757561118,16189,GetNewProducts,200,OK,Thread Group 5000 1-4282,text,true,,1864,150,2050,2050,http://localhost:5000/api/product/newProducts/?page=1,16189,0,1027
1717757560605,16703,GetNewProducts,200,OK,Thread Group 5000 1-1957,text,true,,1864,150,2049,2049,http://localhost:5000/api/product/newProducts/?page=1,16703,0,1538
1717757561110,16198,GetNewProducts,200,OK,Thread Group 5000 1-3415,text,true,,1864,150,2048,2048,http://localhost:5000/api/product/newProducts/?page=1,16198,0,1036
1717757560598,16710,GetNewProducts,200,OK,Thread Group 5000 1-1915,text,true,,1864,150,2047,2047,http://localhost:5000/api/product/newProducts/?page=1,16710,0,1548
1717757560604,16705,GetNewProducts,200,OK,Thread Group 5000 1-1934,text,true,,1864,150,2046,2046,http://localhost:5000/api/product/newProducts/?page=1,16705,0,1542
1717757560601,16708,GetNewProducts,200,OK,Thread Group 5000 1-1937,text,true,,1864,150,2045,2045,http://localhost:5000/api/product/newProducts/?page=1,16708,0,1542
1717757560608,16702,GetNewProducts,200,OK,Thread Group 5000 1-1986,text,true,,1864,150,2044,2044,http://localhost:5000/api/product/newProducts/?page=1,16702,0,1538
1717757560612,16698,GetNewProducts,200,OK,Thread Group 5000 1-2028,text,true,,1864,150,2043,2043,http://localhost:5000/api/product/newProducts/?page=1,16698,0,1531
1717757561112,16198,GetNewProducts,200,OK,Thread Group 5000 1-3486,text,true,,1864,150,2042,2042,http://localhost:5000/api/product/newProducts/?page=1,16198,0,1034
1717757560608,16703,GetNewProducts,200,OK,Thread Group 5000 1-1991,text,true,,1864,150,2041,2041,http://localhost:5000/api/product/newProducts/?page=1,16703,0,1538
1717757561114,16197,GetNewProducts,200,OK,Thread Group 5000 1-4953,text,true,,1864,150,2040,2040,http://localhost:5000/api/product/newProducts/?page=1,16197,0,1029
1717757560605,16707,GetNewProducts,200,OK,Thread Group 5000 1-1953,text,true,,1864,150,2039,2039,http://localhost:5000/api/product/newProducts/?page=1,16707,0,1538
1717757560611,16701,GetNewProducts,200,OK,Thread Group 5000 1-2014,text,true,,1864,150,2038,2038,http://localhost:5000/api/product/newProducts/?page=1,16701,0,1535
1717757560605,16708,GetNewProducts,200,OK,Thread Group 5000 1-1951,text,true,,1864,150,2037,2037,http://localhost:5000/api/product/newProducts/?page=1,16708,0,1541
1717757560600,16713,GetNewProducts,200,OK,Thread Group 5000 1-1929,text,true,,1864,150,2036,2036,http://localhost:5000/api/product/newProducts/?page=1,16713,0,1543
1717757560607,16707,GetNewProducts,200,OK,Thread Group 5000 1-1977,text,true,,1864,150,2035,2035,http://localhost:5000/api/product/newProducts/?page=1,16707,0,1536
1717757561113,16202,GetNewProducts,200,OK,Thread Group 5000 1-3177,text,true,,1864,150,2034,2034,http://localhost:5000/api/product/newProducts/?page=1,16202,0,1030
1717757561117,16198,GetNewProducts,200,OK,Thread Group 5000 1-4440,text,true,,1864,150,2033,2033,http://localhost:5000/api/product/newProducts/?page=1,16198,0,1026
1717757560607,16709,GetNewProducts,200,OK,Thread Group 5000 1-1980,text,true,,1864,150,2032,2032,http://localhost:5000/api/product/newProducts/?page=1,16709,0,1536
1717757561112,16204,GetNewProducts,200,OK,Thread Group 5000 1-4324,text,true,,1864,150,2031,2031,http://localhost:5000/api/product/newProducts/?page=1,16204,0,1031
1717757561117,16200,GetNewProducts,200,OK,Thread Group 5000 1-4436,text,true,,1864,150,2030,2030,http://localhost:5000/api/product/newProducts/?page=1,16200,0,1026
1717757560609,16709,GetNewProducts,200,OK,Thread Group 5000 1-2000,text,true,,1864,150,2029,2029,http://localhost:5000/api/product/newProducts/?page=1,16709,0,1534
1717757560610,16708,GetNewProducts,200,OK,Thread Group 5000 1-916,text,true,,1864,150,2028,2028,http://localhost:5000/api/product/newProducts/?page=1,16708,0,1533
1717757561112,16206,GetNewProducts,200,OK,Thread Group 5000 1-4413,text,true,,1864,150,2027,2027,http://localhost:5000/api/product/newProducts/?page=1,16206,0,1032
1717757560612,16707,GetNewProducts,200,OK,Thread Group 5000 1-4113,text,true,,1864,150,2026,2026,http://localhost:5000/api/product/newProducts/?page=1,16707,0,1532
1717757560611,16708,GetNewProducts,200,OK,Thread Group 5000 1-2017,text,true,,1864,150,2025,2025,http://localhost:5000/api/product/newProducts/?page=1,16708,0,1533
1717757561113,16207,GetNewProducts,200,OK,Thread Group 5000 1-2982,text,true,,1864,150,2024,2024,http://localhost:5000/api/product/newProducts/?page=1,16207,0,1033
1717757560599,16721,GetNewProducts,200,OK,Thread Group 5000 1-1922,text,true,,1864,150,2023,2023,http://localhost:5000/api/product/newProducts/?page=1,16721,0,1547
1717757561111,16210,GetNewProducts,200,OK,Thread Group 5000 1-3467,text,true,,1864,150,2022,2022,http://localhost:5000/api/product/newProducts/?page=1,16210,0,1035
1717757561118,16203,GetNewProducts,200,OK,Thread Group 5000 1-4268,text,true,,1864,150,2021,2021,http://localhost:5000/api/product/newProducts/?page=1,16203,0,1026
1717757560609,16713,GetNewProducts,200,OK,Thread Group 5000 1-897,text,true,,1864,150,2020,2020,http://localhost:5000/api/product/newProducts/?page=1,16713,0,1534
1717757561113,16209,GetNewProducts,200,OK,Thread Group 5000 1-3055,text,true,,1864,150,2019,2019,http://localhost:5000/api/product/newProducts/?page=1,16209,0,1033
1717757560606,16717,GetNewProducts,200,OK,Thread Group 5000 1-1963,text,true,,1864,150,2018,2018,http://localhost:5000/api/product/newProducts/?page=1,16717,0,1540
1717757561111,16212,GetNewProducts,200,OK,Thread Group 5000 1-2987,text,true,,1864,150,2017,2017,http://localhost:5000/api/product/newProducts/?page=1,16212,0,1035
1717757561114,16210,GetNewProducts,200,OK,Thread Group 5000 1-4523,text,true,,1864,150,2016,2016,http://localhost:5000/api/product/newProducts/?page=1,16210,0,1032
1717757561112,16212,GetNewProducts,200,OK,Thread Group 5000 1-4195,text,true,,1864,150,2015,2015,http://localhost:5000/api/product/newProducts/?page=1,16212,0,1034
1717757560604,16721,GetNewProducts,200,OK,Thread Group 5000 1-1946,text,true,,1864,150,2014,2014,http://localhost:5000/api/product/newProducts/?page=1,16721,0,1542
1717757560606,16719,GetNewProducts,200,OK,Thread Group 5000 1-1959,text,true,,1864,150,2013,2013,http://localhost:5000/api/product/newProducts/?page=1,16719,0,1540
1717757561116,16210,GetNewProducts,200,OK,Thread Group 5000 1-4299,text,true,,1864,150,2012,2012,http://localhost:5000/api/product/newProducts/?page=1,16210,0,1030
1717757561118,16208,GetNewProducts,200,OK,Thread Group 5000 1-4853,text,true,,1864,150,2011,2011,http://localhost:5000/api/product/newProducts/?page=1,16208,0,1026
1717757561116,16210,GetNewProducts,200,OK,Thread Group 5000 1-4470,text,true,,1864,150,2010,2010,http://localhost:5000/api/product/newProducts/?page=1,16210,0,1030
1717757561113,16215,GetNewProducts,200,OK,Thread Group 5000 1-3135,text,true,,1864,150,2009,2009,http://localhost:5000/api/product/newProducts/?page=1,16215,0,1033
1717757561118,16210,GetNewProducts,200,OK,Thread Group 5000 1-4260,text,true,,1864,150,2008,2008,http://localhost:5000/api/product/newProducts/?page=1,16210,0,1026
1717757561116,16213,GetNewProducts,200,OK,Thread Group 5000 1-4346,text,true,,1864,150,2007,2007,http://localhost:5000/api/product/newProducts/?page=1,16213,0,1030
1717757561116,16213,GetNewProducts,200,OK,Thread Group 5000 1-4719,text,true,,1864,150,2006,2006,http://localhost:5000/api/product/newProducts/?page=1,16213,0,1030
1717757561119,16210,GetNewProducts,200,OK,Thread Group 5000 1-4170,text,true,,1864,150,2005,2005,http://localhost:5000/api/product/newProducts/?page=1,16210,0,1027
1717757560610,16720,GetNewProducts,200,OK,Thread Group 5000 1-4091,text,true,,1864,150,2004,2004,http://localhost:5000/api/product/newProducts/?page=1,16720,0,1536
1717757561113,16217,GetNewProducts,200,OK,Thread Group 5000 1-3007,text,true,,1864,150,2003,2003,http://localhost:5000/api/product/newProducts/?page=1,16217,0,1033
1717757561113,16217,GetNewProducts,200,OK,Thread Group 5000 1-3075,text,true,,1864,150,2002,2002,http://localhost:5000/api/product/newProducts/?page=1,16217,0,1033
1717757561115,16216,GetNewProducts,200,OK,Thread Group 5000 1-4439,text,true,,1864,150,2001,2001,http://localhost:5000/api/product/newProducts/?page=1,16216,0,1032
1717757561114,16217,GetNewProducts,200,OK,Thread Group 5000 1-4893,text,true,,1864,150,2000,2000,http://localhost:5000/api/product/newProducts/?page=1,16217,0,1030
1717757561118,16214,GetNewProducts,200,OK,Thread Group 5000 1-4210,text,true,,1864,150,1999,1999,http://localhost:5000/api/product/newProducts/?page=1,16214,0,1028
1717757561120,16212,GetNewProducts,200,OK,Thread Group 5000 1-4118,text,true,,1864,150,1998,1998,http://localhost:5000/api/product/newProducts/?page=1,16212,0,1026
1717757561115,16218,GetNewProducts,200,OK,Thread Group 5000 1-4677,text,true,,1864,150,1997,1997,http://localhost:5000/api/product/newProducts/?page=1,16218,0,1029
1717757561118,16215,GetNewProducts,200,OK,Thread Group 5000 1-2094,text,true,,1864,150,1996,1996,http://localhost:5000/api/product/newProducts/?page=1,16215,0,1028
1717757561118,16216,GetNewProducts,200,OK,Thread Group 5000 1-4250,text,true,,1864,150,1995,1995,http://localhost:5000/api/product/newProducts/?page=1,16216,0,1028
1717757561121,16213,GetNewProducts,200,OK,Thread Group 5000 1-4055,text,true,,1864,150,1994,1994,http://localhost:5000/api/product/newProducts/?page=1,16213,0,1026
1717757561115,16220,GetNewProducts,200,OK,Thread Group 5000 1-4479,text,true,,1864,150,1993,1993,http://localhost:5000/api/product/newProducts/?page=1,16220,0,1032
1717757561115,16221,GetNewProducts,200,OK,Thread Group 5000 1-4320,text,true,,1864,150,1992,1992,http://localhost:5000/api/product/newProducts/?page=1,16221,0,1029
1717757561116,16220,GetNewProducts,200,OK,Thread Group 5000 1-4706,text,true,,1864,150,1991,1991,http://localhost:5000/api/product/newProducts/?page=1,16220,0,1031
1717757561116,16220,GetNewProducts,200,OK,Thread Group 5000 1-4301,text,true,,1864,150,1990,1990,http://localhost:5000/api/product/newProducts/?page=1,16220,0,1028
1717757561121,16216,GetNewProducts,200,OK,Thread Group 5000 1-4071,text,true,,1864,150,1989,1989,http://localhost:5000/api/product/newProducts/?page=1,16216,0,1026
1717757561120,16218,GetNewProducts,200,OK,Thread Group 5000 1-4123,text,true,,1864,150,1988,1988,http://localhost:5000/api/product/newProducts/?page=1,16218,0,1027
1717757561122,16216,GetNewProducts,200,OK,Thread Group 5000 1-4006,text,true,,1864,150,1987,1987,http://localhost:5000/api/product/newProducts/?page=1,16216,0,1025
1717757561119,16220,GetNewProducts,200,OK,Thread Group 5000 1-4162,text,true,,1864,150,1986,1986,http://localhost:5000/api/product/newProducts/?page=1,16220,0,1027
1717757561116,16223,GetNewProducts,200,OK,Thread Group 5000 1-4427,text,true,,1864,150,1985,1985,http://localhost:5000/api/product/newProducts/?page=1,16223,0,1031
1717757561121,16218,GetNewProducts,200,OK,Thread Group 5000 1-4052,text,true,,1864,150,1984,1984,http://localhost:5000/api/product/newProducts/?page=1,16218,0,1023
1717757561117,16223,GetNewProducts,200,OK,Thread Group 5000 1-4449,text,true,,1864,150,1983,1983,http://localhost:5000/api/product/newProducts/?page=1,16223,0,1027
1717757561121,16219,GetNewProducts,200,OK,Thread Group 5000 1-4090,text,true,,1864,150,1982,1982,http://localhost:5000/api/product/newProducts/?page=1,16219,0,1026
1717757561119,16222,GetNewProducts,200,OK,Thread Group 5000 1-4185,text,true,,1864,150,1981,1981,http://localhost:5000/api/product/newProducts/?page=1,16222,0,1025
1717757561123,16218,GetNewProducts,200,OK,Thread Group 5000 1-3976,text,true,,1864,150,1980,1980,http://localhost:5000/api/product/newProducts/?page=1,16218,0,1021
1717757561121,16222,GetNewProducts,200,OK,Thread Group 5000 1-4069,text,true,,1864,150,1979,1979,http://localhost:5000/api/product/newProducts/?page=1,16222,0,1023
1717757561118,16225,GetNewProducts,200,OK,Thread Group 5000 1-4233,text,true,,1864,150,1978,1978,http://localhost:5000/api/product/newProducts/?page=1,16225,0,1026
1717757561124,16219,GetNewProducts,200,OK,Thread Group 5000 1-3964,text,true,,1864,150,1977,1977,http://localhost:5000/api/product/newProducts/?page=1,16219,0,1020
1717757561124,16220,GetNewProducts,200,OK,Thread Group 5000 1-3951,text,true,,1864,150,1976,1976,http://localhost:5000/api/product/newProducts/?page=1,16220,0,1023
1717757561123,16221,GetNewProducts,200,OK,Thread Group 5000 1-3966,text,true,,1864,150,1975,1975,http://localhost:5000/api/product/newProducts/?page=1,16221,0,1024
1717757561124,16220,GetNewProducts,200,OK,Thread Group 5000 1-4716,text,true,,1864,150,1974,1974,http://localhost:5000/api/product/newProducts/?page=1,16220,0,1020
1717757561123,16222,GetNewProducts,200,OK,Thread Group 5000 1-3980,text,true,,1864,150,1973,1973,http://localhost:5000/api/product/newProducts/?page=1,16222,0,1021
1717757561117,16228,GetNewProducts,200,OK,Thread Group 5000 1-4442,text,true,,1864,150,1972,1972,http://localhost:5000/api/product/newProducts/?page=1,16228,0,1030
1717757561120,16226,GetNewProducts,200,OK,Thread Group 5000 1-4104,text,true,,1864,150,1971,1971,http://localhost:5000/api/product/newProducts/?page=1,16226,0,1024
1717757561122,16224,GetNewProducts,200,OK,Thread Group 5000 1-4001,text,true,,1864,150,1970,1970,http://localhost:5000/api/product/newProducts/?page=1,16224,0,1022
1717757561124,16224,GetNewProducts,200,OK,Thread Group 5000 1-1585,text,true,,1864,150,1969,1969,http://localhost:5000/api/product/newProducts/?page=1,16224,0,1020
1717757561117,16231,GetNewProducts,200,OK,Thread Group 5000 1-4458,text,true,,1864,150,1968,1968,http://localhost:5000/api/product/newProducts/?page=1,16231,0,1030
1717757561122,16227,GetNewProducts,200,OK,Thread Group 5000 1-4967,text,true,,1864,150,1967,1967,http://localhost:5000/api/product/newProducts/?page=1,16227,0,1025
1717757561118,16231,GetNewProducts,200,OK,Thread Group 5000 1-4219,text,true,,1864,150,1966,1966,http://localhost:5000/api/product/newProducts/?page=1,16231,0,1029
1717757561123,16226,GetNewProducts,200,OK,Thread Group 5000 1-3983,text,true,,1864,150,1965,1965,http://localhost:5000/api/product/newProducts/?page=1,16226,0,1024
1717757561119,16231,GetNewProducts,200,OK,Thread Group 5000 1-4199,text,true,,1864,150,1964,1964,http://localhost:5000/api/product/newProducts/?page=1,16231,0,1028
1717757561120,16230,GetNewProducts,200,OK,Thread Group 5000 1-4114,text,true,,1864,150,1963,1963,http://localhost:5000/api/product/newProducts/?page=1,16230,0,1027
1717757561120,16231,GetNewProducts,200,OK,Thread Group 5000 1-4146,text,true,,1864,150,1962,1962,http://localhost:5000/api/product/newProducts/?page=1,16231,0,1027
1717757561123,16228,GetNewProducts,200,OK,Thread Group 5000 1-3986,text,true,,1864,150,1961,1961,http://localhost:5000/api/product/newProducts/?page=1,16228,0,1024
1717757561121,16231,GetNewProducts,200,OK,Thread Group 5000 1-4075,text,true,,1864,150,1960,1960,http://localhost:5000/api/product/newProducts/?page=1,16231,0,1026
1717757561119,16234,GetNewProducts,200,OK,Thread Group 5000 1-4171,text,true,,1864,150,1959,1959,http://localhost:5000/api/product/newProducts/?page=1,16234,0,1028
1717757561123,16230,GetNewProducts,200,OK,Thread Group 5000 1-3962,text,true,,1864,150,1958,1958,http://localhost:5000/api/product/newProducts/?page=1,16230,0,1024
1717757561124,16229,GetNewProducts,200,OK,Thread Group 5000 1-3924,text,true,,1864,150,1957,1957,http://localhost:5000/api/product/newProducts/?page=1,16229,0,1020
1717757561121,16233,GetNewProducts,200,OK,Thread Group 5000 1-1967,text,true,,1864,150,1956,1956,http://localhost:5000/api/product/newProducts/?page=1,16233,0,1026
1717757561122,16232,GetNewProducts,200,OK,Thread Group 5000 1-4038,text,true,,1864,150,1955,1955,http://localhost:5000/api/product/newProducts/?page=1,16232,0,1025
1717757561121,16234,GetNewProducts,200,OK,Thread Group 5000 1-4067,text,true,,1864,150,1954,1954,http://localhost:5000/api/product/newProducts/?page=1,16234,0,1026
1717757561122,16233,GetNewProducts,200,OK,Thread Group 5000 1-4047,text,true,,1864,150,1953,1953,http://localhost:5000/api/product/newProducts/?page=1,16233,0,1025
1717757561064,16292,GetNewProducts,200,OK,Thread Group 5000 1-4525,text,true,,1864,150,1952,1952,http://localhost:5000/api/product/newProducts/?page=1,16292,0,1536
1717757560552,16804,GetNewProducts,200,OK,Thread Group 5000 1-1544,text,true,,1864,150,1951,1951,http://localhost:5000/api/product/newProducts/?page=1,16804,0,2048
1717757561065,16292,GetNewProducts,200,OK,Thread Group 5000 1-3553,text,true,,1864,150,1950,1950,http://localhost:5000/api/product/newProducts/?page=1,16292,0,1535
1717757560553,16805,GetNewProducts,200,OK,Thread Group 5000 1-1554,text,true,,1864,150,1949,1949,http://localhost:5000/api/product/newProducts/?page=1,16805,0,2048
1717757561063,16295,GetNewProducts,200,OK,Thread Group 5000 1-3969,text,true,,1864,150,1948,1948,http://localhost:5000/api/product/newProducts/?page=1,16295,0,1537
1717757560551,16807,GetNewProducts,200,OK,Thread Group 5000 1-1531,text,true,,1864,150,1947,1947,http://localhost:5000/api/product/newProducts/?page=1,16807,0,2050
1717757560554,16805,GetNewProducts,200,OK,Thread Group 5000 1-1571,text,true,,1864,150,1946,1946,http://localhost:5000/api/product/newProducts/?page=1,16805,0,2047
1717757560551,16808,GetNewProducts,200,OK,Thread Group 5000 1-706,text,true,,1864,150,1945,1945,http://localhost:5000/api/product/newProducts/?page=1,16808,0,2050
1717757560553,16806,GetNewProducts,200,OK,Thread Group 5000 1-1561,text,true,,1864,150,1944,1944,http://localhost:5000/api/product/newProducts/?page=1,16806,0,2048
1717757561063,16297,GetNewProducts,200,OK,Thread Group 5000 1-3945,text,true,,1864,150,1943,1943,http://localhost:5000/api/product/newProducts/?page=1,16297,0,1538
1717757560557,16803,GetNewProducts,200,OK,Thread Group 5000 1-1590,text,true,,1864,150,1942,1942,http://localhost:5000/api/product/newProducts/?page=1,16803,0,2044
1717757561064,16297,GetNewProducts,200,OK,Thread Group 5000 1-4224,text,true,,1864,150,1941,1941,http://localhost:5000/api/product/newProducts/?page=1,16297,0,1537
1717757561063,16298,GetNewProducts,200,OK,Thread Group 5000 1-3717,text,true,,1864,150,1940,1940,http://localhost:5000/api/product/newProducts/?page=1,16298,0,1539
1717757560551,16811,GetNewProducts,200,OK,Thread Group 5000 1-1525,text,true,,1864,150,1939,1939,http://localhost:5000/api/product/newProducts/?page=1,16811,0,2051
1717757560556,16807,GetNewProducts,200,OK,Thread Group 5000 1-3254,text,true,,1864,150,1938,1938,http://localhost:5000/api/product/newProducts/?page=1,16807,0,2046
1717757561062,16301,GetNewProducts,200,OK,Thread Group 5000 1-3369,text,true,,1864,150,1937,1937,http://localhost:5000/api/product/newProducts/?page=1,16301,0,1540
1717757561064,16299,GetNewProducts,200,OK,Thread Group 5000 1-3837,text,true,,1864,150,1936,1936,http://localhost:5000/api/product/newProducts/?page=1,16299,0,1538
1717757561065,16299,GetNewProducts,200,OK,Thread Group 5000 1-3564,text,true,,1864,150,1935,1935,http://localhost:5000/api/product/newProducts/?page=1,16299,0,1537
1717757560553,16811,GetNewProducts,200,OK,Thread Group 5000 1-1551,text,true,,1864,150,1934,1934,http://localhost:5000/api/product/newProducts/?page=1,16811,0,2049
1717757560552,16812,GetNewProducts,200,OK,Thread Group 5000 1-1542,text,true,,1864,150,1933,1933,http://localhost:5000/api/product/newProducts/?page=1,16812,0,2050
1717757560551,16814,GetNewProducts,200,OK,Thread Group 5000 1-1532,text,true,,1864,150,1932,1932,http://localhost:5000/api/product/newProducts/?page=1,16814,0,2051
1717757560559,16807,GetNewProducts,200,OK,Thread Group 5000 1-3309,text,true,,1864,150,1931,1931,http://localhost:5000/api/product/newProducts/?page=1,16807,0,2043
1717757560557,16809,GetNewProducts,200,OK,Thread Group 5000 1-3271,text,true,,1864,150,1930,1930,http://localhost:5000/api/product/newProducts/?page=1,16809,0,2045
1717757560556,16810,GetNewProducts,200,OK,Thread Group 5000 1-1580,text,true,,1864,150,1929,1929,http://localhost:5000/api/product/newProducts/?page=1,16810,0,2046
1717757560557,16810,GetNewProducts,200,OK,Thread Group 5000 1-1593,text,true,,1864,150,1928,1928,http://localhost:5000/api/product/newProducts/?page=1,16810,0,2045
1717757560554,16813,GetNewProducts,200,OK,Thread Group 5000 1-1563,text,true,,1864,150,1927,1927,http://localhost:5000/api/product/newProducts/?page=1,16813,0,2048
1717757560553,16815,GetNewProducts,200,OK,Thread Group 5000 1-1559,text,true,,1864,150,1926,1926,http://localhost:5000/api/product/newProducts/?page=1,16815,0,2049
1717757560554,16814,GetNewProducts,200,OK,Thread Group 5000 1-1573,text,true,,1864,150,1925,1925,http://localhost:5000/api/product/newProducts/?page=1,16814,0,2048
1717757560560,16808,GetNewProducts,200,OK,Thread Group 5000 1-1614,text,true,,1864,150,1924,1924,http://localhost:5000/api/product/newProducts/?page=1,16808,0,2042
1717757560564,16805,GetNewProducts,200,OK,Thread Group 5000 1-1655,text,true,,1864,150,1923,1923,http://localhost:5000/api/product/newProducts/?page=1,16805,0,2038
1717757560560,16810,GetNewProducts,200,OK,Thread Group 5000 1-1611,text,true,,1864,150,1922,1922,http://localhost:5000/api/product/newProducts/?page=1,16810,0,2042
1717757560561,16809,GetNewProducts,200,OK,Thread Group 5000 1-3340,text,true,,1864,150,1921,1921,http://localhost:5000/api/product/newProducts/?page=1,16809,0,2042
1717757560563,16808,GetNewProducts,200,OK,Thread Group 5000 1-1642,text,true,,1864,150,1920,1920,http://localhost:5000/api/product/newProducts/?page=1,16808,0,2039
1717757560565,16806,GetNewProducts,200,OK,Thread Group 5000 1-1682,text,true,,1864,150,1919,1919,http://localhost:5000/api/product/newProducts/?page=1,16806,0,2037
1717757560560,16812,GetNewProducts,200,OK,Thread Group 5000 1-1613,text,true,,1864,150,1918,1918,http://localhost:5000/api/product/newProducts/?page=1,16812,0,2042
1717757560562,16810,GetNewProducts,200,OK,Thread Group 5000 1-1648,text,true,,1864,150,1917,1917,http://localhost:5000/api/product/newProducts/?page=1,16810,0,2040
1717757560563,16809,GetNewProducts,200,OK,Thread Group 5000 1-1630,text,true,,1864,150,1916,1916,http://localhost:5000/api/product/newProducts/?page=1,16809,0,2039
1717757560558,16815,GetNewProducts,200,OK,Thread Group 5000 1-1603,text,true,,1864,150,1915,1915,http://localhost:5000/api/product/newProducts/?page=1,16815,0,2044
1717757561066,16307,GetNewProducts,200,OK,Thread Group 5000 1-3521,text,true,,1864,150,1914,1914,http://localhost:5000/api/product/newProducts/?page=1,16307,0,1536
1717757560563,16810,GetNewProducts,200,OK,Thread Group 5000 1-3365,text,true,,1864,150,1913,1913,http://localhost:5000/api/product/newProducts/?page=1,16810,0,2039
1717757560564,16810,GetNewProducts,200,OK,Thread Group 5000 1-1654,text,true,,1864,150,1912,1912,http://localhost:5000/api/product/newProducts/?page=1,16810,0,2038
1717757560560,16815,GetNewProducts,200,OK,Thread Group 5000 1-1616,text,true,,1864,150,1911,1911,http://localhost:5000/api/product/newProducts/?page=1,16815,0,2042
1717757560564,16811,GetNewProducts,200,OK,Thread Group 5000 1-1667,text,true,,1864,150,1910,1910,http://localhost:5000/api/product/newProducts/?page=1,16811,0,2038
1717757561067,16309,GetNewProducts,200,OK,Thread Group 5000 1-1621,text,true,,1864,150,1909,1909,http://localhost:5000/api/product/newProducts/?page=1,16309,0,1535
1717757561069,16307,GetNewProducts,200,OK,Thread Group 5000 1-3886,text,true,,1864,150,1908,1908,http://localhost:5000/api/product/newProducts/?page=1,16307,0,1533
1717757561068,16309,GetNewProducts,200,OK,Thread Group 5000 1-4577,text,true,,1864,150,1907,1907,http://localhost:5000/api/product/newProducts/?page=1,16309,0,1534
1717757561071,16306,GetNewProducts,200,OK,Thread Group 5000 1-3900,text,true,,1864,150,1906,1906,http://localhost:5000/api/product/newProducts/?page=1,16306,0,1531
1717757560561,16816,GetNewProducts,200,OK,Thread Group 5000 1-1632,text,true,,1864,150,1905,1905,http://localhost:5000/api/product/newProducts/?page=1,16816,0,2041
1717757561069,16309,GetNewProducts,200,OK,Thread Group 5000 1-3037,text,true,,1864,150,1904,1904,http://localhost:5000/api/product/newProducts/?page=1,16309,0,1533
1717757560565,16813,GetNewProducts,200,OK,Thread Group 5000 1-1683,text,true,,1864,150,1903,1903,http://localhost:5000/api/product/newProducts/?page=1,16813,0,2037
1717757561079,16300,GetNewProducts,200,OK,Thread Group 5000 1-4471,text,true,,1864,150,1902,1902,http://localhost:5000/api/product/newProducts/?page=1,16300,0,1523
1717757561071,16308,GetNewProducts,200,OK,Thread Group 5000 1-3888,text,true,,1864,150,1901,1901,http://localhost:5000/api/product/newProducts/?page=1,16308,0,1531
1717757561078,16302,GetNewProducts,200,OK,Thread Group 5000 1-4266,text,true,,1864,150,1900,1900,http://localhost:5000/api/product/newProducts/?page=1,16302,0,1524
1717757560565,16815,GetNewProducts,200,OK,Thread Group 5000 1-1673,text,true,,1864,150,1899,1899,http://localhost:5000/api/product/newProducts/?page=1,16815,0,2038
1717757560566,16815,GetNewProducts,200,OK,Thread Group 5000 1-1689,text,true,,1864,150,1898,1898,http://localhost:5000/api/product/newProducts/?page=1,16815,0,2037
1717757561066,16315,GetNewProducts,200,OK,Thread Group 5000 1-3086,text,true,,1864,150,1897,1897,http://localhost:5000/api/product/newProducts/?page=1,16315,0,1536
1717757561074,16307,GetNewProducts,200,OK,Thread Group 5000 1-4077,text,true,,1864,150,1896,1896,http://localhost:5000/api/product/newProducts/?page=1,16307,0,1528
1717757561066,16316,GetNewProducts,200,OK,Thread Group 5000 1-3685,text,true,,1864,150,1895,1895,http://localhost:5000/api/product/newProducts/?page=1,16316,0,1537
1717757561076,16306,GetNewProducts,200,OK,Thread Group 5000 1-4116,text,true,,1864,150,1894,1894,http://localhost:5000/api/product/newProducts/?page=1,16306,0,1527
1717757560565,16819,GetNewProducts,200,OK,Thread Group 5000 1-1676,text,true,,1864,150,1893,1893,http://localhost:5000/api/product/newProducts/?page=1,16819,0,2038
1717757561073,16311,GetNewProducts,200,OK,Thread Group 5000 1-3972,text,true,,1864,150,1892,1892,http://localhost:5000/api/product/newProducts/?page=1,16311,0,1529
1717757560559,16825,GetNewProducts,200,OK,Thread Group 5000 1-1596,text,true,,1864,150,1891,1891,http://localhost:5000/api/product/newProducts/?page=1,16825,0,2043
1717757561077,16308,GetNewProducts,200,OK,Thread Group 5000 1-4236,text,true,,1864,150,1890,1890,http://localhost:5000/api/product/newProducts/?page=1,16308,0,1525
1717757561080,16305,GetNewProducts,200,OK,Thread Group 5000 1-4336,text,true,,1864,150,1889,1889,http://localhost:5000/api/product/newProducts/?page=1,16305,0,1523
1717757561071,16315,GetNewProducts,200,OK,Thread Group 5000 1-3004,text,true,,1864,150,1888,1888,http://localhost:5000/api/product/newProducts/?page=1,16315,0,1531
1717757561070,16316,GetNewProducts,200,OK,Thread Group 5000 1-3021,text,true,,1864,150,1887,1887,http://localhost:5000/api/product/newProducts/?page=1,16316,0,1532
1717757560562,16825,GetNewProducts,200,OK,Thread Group 5000 1-1649,text,true,,1864,150,1886,1886,http://localhost:5000/api/product/newProducts/?page=1,16825,0,2041
1717757561068,16319,GetNewProducts,200,OK,Thread Group 5000 1-3056,text,true,,1864,150,1885,1885,http://localhost:5000/api/product/newProducts/?page=1,16319,0,1535
1717757560561,16826,GetNewProducts,200,OK,Thread Group 5000 1-3332,text,true,,1864,150,1884,1884,http://localhost:5000/api/product/newProducts/?page=1,16826,0,2041
1717757561081,16308,GetNewProducts,200,OK,Thread Group 5000 1-3451,text,true,,1864,150,1883,1883,http://localhost:5000/api/product/newProducts/?page=1,16308,0,1521
1717757561069,16320,GetNewProducts,200,OK,Thread Group 5000 1-4597,text,true,,1864,150,1882,1882,http://localhost:5000/api/product/newProducts/?page=1,16320,0,1534
1717757560566,16824,GetNewProducts,200,OK,Thread Group 5000 1-1685,text,true,,1864,150,1881,1881,http://localhost:5000/api/product/newProducts/?page=1,16824,0,2037
1717757561067,16323,GetNewProducts,200,OK,Thread Group 5000 1-3701,text,true,,1864,150,1880,1880,http://localhost:5000/api/product/newProducts/?page=1,16323,0,1536
1717757561064,16327,GetNewProducts,200,OK,Thread Group 5000 1-3850,text,true,,1864,150,1879,1879,http://localhost:5000/api/product/newProducts/?page=1,16327,0,1539
1717757561064,16327,GetNewProducts,200,OK,Thread Group 5000 1-4489,text,true,,1864,150,1878,1878,http://localhost:5000/api/product/newProducts/?page=1,16327,0,1539
1717757561068,16323,GetNewProducts,200,OK,Thread Group 5000 1-4604,text,true,,1864,150,1877,1877,http://localhost:5000/api/product/newProducts/?page=1,16323,0,1535
1717757561069,16323,GetNewProducts,200,OK,Thread Group 5000 1-3891,text,true,,1864,150,1876,1876,http://localhost:5000/api/product/newProducts/?page=1,16323,0,1534
1717757561065,16327,GetNewProducts,200,OK,Thread Group 5000 1-3872,text,true,,1864,150,1875,1875,http://localhost:5000/api/product/newProducts/?page=1,16327,0,1539
1717757561069,16324,GetNewProducts,200,OK,Thread Group 5000 1-745,text,true,,1864,150,1874,1874,http://localhost:5000/api/product/newProducts/?page=1,16324,0,1534
1717757561071,16322,GetNewProducts,200,OK,Thread Group 5000 1-3212,text,true,,1864,150,1873,1873,http://localhost:5000/api/product/newProducts/?page=1,16322,0,1532
1717757561073,16321,GetNewProducts,200,OK,Thread Group 5000 1-4003,text,true,,1864,150,1872,1872,http://localhost:5000/api/product/newProducts/?page=1,16321,0,1531
1717757561071,16323,GetNewProducts,200,OK,Thread Group 5000 1-3910,text,true,,1864,150,1871,1871,http://localhost:5000/api/product/newProducts/?page=1,16323,0,1532
1717757561070,16324,GetNewProducts,200,OK,Thread Group 5000 1-3881,text,true,,1864,150,1870,1870,http://localhost:5000/api/product/newProducts/?page=1,16324,0,1533
1717757561073,16322,GetNewProducts,200,OK,Thread Group 5000 1-3970,text,true,,1864,150,1869,1869,http://localhost:5000/api/product/newProducts/?page=1,16322,0,1530
1717757560552,16843,GetNewProducts,200,OK,Thread Group 5000 1-3203,text,true,,1864,150,1868,1868,http://localhost:5000/api/product/newProducts/?page=1,16843,0,2052
1717757561076,16320,GetNewProducts,200,OK,Thread Group 5000 1-4126,text,true,,1864,150,1867,1867,http://localhost:5000/api/product/newProducts/?page=1,16320,0,1528
1717757560557,16839,GetNewProducts,200,OK,Thread Group 5000 1-1589,text,true,,1864,150,1866,1866,http://localhost:5000/api/product/newProducts/?page=1,16839,0,2047
1717757560554,16843,GetNewProducts,200,OK,Thread Group 5000 1-1568,text,true,,1864,150,1865,1865,http://localhost:5000/api/product/newProducts/?page=1,16843,0,2050
1717757560551,16847,GetNewProducts,200,OK,Thread Group 5000 1-3180,text,true,,1864,150,1864,1864,http://localhost:5000/api/product/newProducts/?page=1,16847,0,2053
1717757561063,16335,GetNewProducts,200,OK,Thread Group 5000 1-4500,text,true,,1864,150,1863,1863,http://localhost:5000/api/product/newProducts/?page=1,16335,0,1541
1717757560565,16834,GetNewProducts,200,OK,Thread Group 5000 1-1674,text,true,,1864,150,1862,1862,http://localhost:5000/api/product/newProducts/?page=1,16834,0,2039
1717757560553,16846,GetNewProducts,200,OK,Thread Group 5000 1-720,text,true,,1864,150,1861,1861,http://localhost:5000/api/product/newProducts/?page=1,16846,0,2051
1717757560562,16837,GetNewProducts,200,OK,Thread Group 5000 1-1631,text,true,,1864,150,1860,1860,http://localhost:5000/api/product/newProducts/?page=1,16837,0,2042
1717757560559,16841,GetNewProducts,200,OK,Thread Group 5000 1-1605,text,true,,1864,150,1859,1859,http://localhost:5000/api/product/newProducts/?page=1,16841,0,2045
1717757560566,16834,GetNewProducts,200,OK,Thread Group 5000 1-1677,text,true,,1864,150,1858,1858,http://localhost:5000/api/product/newProducts/?page=1,16834,0,2038
1717757560553,16848,GetNewProducts,200,OK,Thread Group 5000 1-718,text,true,,1864,150,1857,1857,http://localhost:5000/api/product/newProducts/?page=1,16848,0,2051
1717757560551,16850,GetNewProducts,200,OK,Thread Group 5000 1-1538,text,true,,1864,150,1856,1856,http://localhost:5000/api/product/newProducts/?page=1,16850,0,2053
1717757560553,16848,GetNewProducts,200,OK,Thread Group 5000 1-1562,text,true,,1864,150,1855,1855,http://localhost:5000/api/product/newProducts/?page=1,16848,0,2051
1717757560563,16839,GetNewProducts,200,OK,Thread Group 5000 1-1643,text,true,,1864,150,1854,1854,http://localhost:5000/api/product/newProducts/?page=1,16839,0,2041
1717757561067,16336,GetNewProducts,200,OK,Thread Group 5000 1-3101,text,true,,1864,150,1853,1853,http://localhost:5000/api/product/newProducts/?page=1,16336,0,1537
1717757560561,16842,GetNewProducts,200,OK,Thread Group 5000 1-3338,text,true,,1864,150,1852,1852,http://localhost:5000/api/product/newProducts/?page=1,16842,0,2043
1717757560557,16847,GetNewProducts,200,OK,Thread Group 5000 1-1586,text,true,,1864,150,1851,1851,http://localhost:5000/api/product/newProducts/?page=1,16847,0,2047
1717757560558,16846,GetNewProducts,200,OK,Thread Group 5000 1-1607,text,true,,1864,150,1850,1850,http://localhost:5000/api/product/newProducts/?page=1,16846,0,2046
1717757560558,16847,GetNewProducts,200,OK,Thread Group 5000 1-1598,text,true,,1864,150,1849,1849,http://localhost:5000/api/product/newProducts/?page=1,16847,0,2046
1717757561068,16337,GetNewProducts,200,OK,Thread Group 5000 1-4589,text,true,,1864,150,1848,1848,http://localhost:5000/api/product/newProducts/?page=1,16337,0,1536
1717757560556,16850,GetNewProducts,200,OK,Thread Group 5000 1-1578,text,true,,1864,150,1847,1847,http://localhost:5000/api/product/newProducts/?page=1,16850,0,2048
1717757561067,16339,GetNewProducts,200,OK,Thread Group 5000 1-3085,text,true,,1864,150,1846,1846,http://localhost:5000/api/product/newProducts/?page=1,16339,0,1537
1717757560555,16851,GetNewProducts,200,OK,Thread Group 5000 1-1575,text,true,,1864,150,1845,1845,http://localhost:5000/api/product/newProducts/?page=1,16851,0,2049
1717757561070,16337,GetNewProducts,200,OK,Thread Group 5000 1-3233,text,true,,1864,150,1844,1844,http://localhost:5000/api/product/newProducts/?page=1,16337,0,1534
1717757561071,16337,GetNewProducts,200,OK,Thread Group 5000 1-3908,text,true,,1864,150,1843,1843,http://localhost:5000/api/product/newProducts/?page=1,16337,0,1533
1717757560561,16847,GetNewProducts,200,OK,Thread Group 5000 1-1625,text,true,,1864,150,1842,1842,http://localhost:5000/api/product/newProducts/?page=1,16847,0,2043
1717757560562,16846,GetNewProducts,200,OK,Thread Group 5000 1-1627,text,true,,1864,150,1841,1841,http://localhost:5000/api/product/newProducts/?page=1,16846,0,2042
1717757561077,16332,GetNewProducts,200,OK,Thread Group 5000 1-2501,text,true,,1864,150,1840,1840,http://localhost:5000/api/product/newProducts/?page=1,16332,0,1527
1717757561066,16346,GetNewProducts,200,OK,Thread Group 5000 1-3103,text,true,,1864,150,1839,1839,http://localhost:5000/api/product/newProducts/?page=1,16346,0,1538
1717757560565,16847,GetNewProducts,200,OK,Thread Group 5000 1-1678,text,true,,1864,150,1838,1838,http://localhost:5000/api/product/newProducts/?page=1,16847,0,2039
1717757561074,16339,GetNewProducts,200,OK,Thread Group 5000 1-4093,text,true,,1864,150,1837,1837,http://localhost:5000/api/product/newProducts/?page=1,16339,0,1530
1717757561075,16338,GetNewProducts,200,OK,Thread Group 5000 1-4204,text,true,,1864,150,1836,1836,http://localhost:5000/api/product/newProducts/?page=1,16338,0,1529
1717757561066,16348,GetNewProducts,200,OK,Thread Group 5000 1-3127,text,true,,1864,150,1835,1835,http://localhost:5000/api/product/newProducts/?page=1,16348,0,1538
1717757561069,16346,GetNewProducts,200,OK,Thread Group 5000 1-3882,text,true,,1864,150,1834,1834,http://localhost:5000/api/product/newProducts/?page=1,16346,0,1535
1717757561063,16352,GetNewProducts,200,OK,Thread Group 5000 1-3773,text,true,,1864,150,1833,1833,http://localhost:5000/api/product/newProducts/?page=1,16352,0,1541
1717757560564,16851,GetNewProducts,200,OK,Thread Group 5000 1-3381,text,true,,1864,150,1832,1832,http://localhost:5000/api/product/newProducts/?page=1,16851,0,2040
1717757561065,16351,GetNewProducts,200,OK,Thread Group 5000 1-3107,text,true,,1864,150,1831,1831,http://localhost:5000/api/product/newProducts/?page=1,16351,0,1539
1717757561068,16348,GetNewProducts,200,OK,Thread Group 5000 1-4569,text,true,,1864,150,1830,1830,http://localhost:5000/api/product/newProducts/?page=1,16348,0,1536
1717757560554,16863,GetNewProducts,200,OK,Thread Group 5000 1-1566,text,true,,1864,150,1829,1829,http://localhost:5000/api/product/newProducts/?page=1,16863,0,2050
1717757561067,16350,GetNewProducts,200,OK,Thread Group 5000 1-1451,text,true,,1864,150,1828,1828,http://localhost:5000/api/product/newProducts/?page=1,16350,0,1537
1717757561070,16348,GetNewProducts,200,OK,Thread Group 5000 1-713,text,true,,1864,150,1827,1827,http://localhost:5000/api/product/newProducts/?page=1,16348,0,1534
1717757561069,16349,GetNewProducts,200,OK,Thread Group 5000 1-3911,text,true,,1864,150,1826,1826,http://localhost:5000/api/product/newProducts/?page=1,16349,0,1535
1717757561071,16348,GetNewProducts,200,OK,Thread Group 5000 1-3772,text,true,,1864,150,1825,1825,http://localhost:5000/api/product/newProducts/?page=1,16348,0,1533
1717757561069,16351,GetNewProducts,200,OK,Thread Group 5000 1-3890,text,true,,1864,150,1824,1824,http://localhost:5000/api/product/newProducts/?page=1,16351,0,1535
1717757561072,16349,GetNewProducts,200,OK,Thread Group 5000 1-3953,text,true,,1864,150,1823,1823,http://localhost:5000/api/product/newProducts/?page=1,16349,0,1532
1717757560556,16865,GetNewProducts,200,OK,Thread Group 5000 1-1581,text,true,,1864,150,1822,1822,http://localhost:5000/api/product/newProducts/?page=1,16865,0,2051
1717757561073,16348,GetNewProducts,200,OK,Thread Group 5000 1-4005,text,true,,1864,150,1821,1821,http://localhost:5000/api/product/newProducts/?page=1,16348,0,1531
1717757561067,16355,GetNewProducts,200,OK,Thread Group 5000 1-3581,text,true,,1864,150,1820,1820,http://localhost:5000/api/product/newProducts/?page=1,16355,0,1537
1717757561077,16345,GetNewProducts,200,OK,Thread Group 5000 1-4208,text,true,,1864,150,1819,1819,http://localhost:5000/api/product/newProducts/?page=1,16345,0,1527
1717757560560,16862,GetNewProducts,200,OK,Thread Group 5000 1-1618,text,true,,1864,150,1818,1818,http://localhost:5000/api/product/newProducts/?page=1,16862,0,2047
1717757560560,16863,GetNewProducts,200,OK,Thread Group 5000 1-1620,text,true,,1864,150,1817,1817,http://localhost:5000/api/product/newProducts/?page=1,16863,0,2045
1717757561073,16350,GetNewProducts,200,OK,Thread Group 5000 1-3989,text,true,,1864,150,1816,1816,http://localhost:5000/api/product/newProducts/?page=1,16350,0,1531
1717757560564,16860,GetNewProducts,200,OK,Thread Group 5000 1-1663,text,true,,1864,150,1815,1815,http://localhost:5000/api/product/newProducts/?page=1,16860,0,2041
1717757560563,16862,GetNewProducts,200,OK,Thread Group 5000 1-1656,text,true,,1864,150,1814,1814,http://localhost:5000/api/product/newProducts/?page=1,16862,0,2042
1717757560566,16860,GetNewProducts,200,OK,Thread Group 5000 1-1690,text,true,,1864,150,1813,1813,http://localhost:5000/api/product/newProducts/?page=1,16860,0,2039
1717757561069,16357,GetNewProducts,200,OK,Thread Group 5000 1-3276,text,true,,1864,150,1812,1812,http://localhost:5000/api/product/newProducts/?page=1,16357,0,1535
1717757560562,16864,GetNewProducts,200,OK,Thread Group 5000 1-1644,text,true,,1864,150,1811,1811,http://localhost:5000/api/product/newProducts/?page=1,16864,0,2043
1717757561071,16356,GetNewProducts,200,OK,Thread Group 5000 1-3930,text,true,,1864,150,1810,1810,http://localhost:5000/api/product/newProducts/?page=1,16356,0,1533
1717757561076,16351,GetNewProducts,200,OK,Thread Group 5000 1-4134,text,true,,1864,150,1809,1809,http://localhost:5000/api/product/newProducts/?page=1,16351,0,1528
1717757560558,16869,GetNewProducts,200,OK,Thread Group 5000 1-3293,text,true,,1864,150,1808,1808,http://localhost:5000/api/product/newProducts/?page=1,16869,0,2046
1717757560560,16868,GetNewProducts,200,OK,Thread Group 5000 1-1622,text,true,,1864,150,1807,1807,http://localhost:5000/api/product/newProducts/?page=1,16868,0,2047
1717757561070,16358,GetNewProducts,200,OK,Thread Group 5000 1-3043,text,true,,1864,150,1806,1806,http://localhost:5000/api/product/newProducts/?page=1,16358,0,1534
1717757561066,16363,GetNewProducts,200,OK,Thread Group 5000 1-3102,text,true,,1864,150,1805,1805,http://localhost:5000/api/product/newProducts/?page=1,16363,0,1538
1717757561068,16362,GetNewProducts,200,OK,Thread Group 5000 1-3883,text,true,,1864,150,1804,1804,http://localhost:5000/api/product/newProducts/?page=1,16362,0,1536
1717757560561,16869,GetNewProducts,200,OK,Thread Group 5000 1-3345,text,true,,1864,150,1803,1803,http://localhost:5000/api/product/newProducts/?page=1,16869,0,2043
1717757560565,16866,GetNewProducts,200,OK,Thread Group 5000 1-1672,text,true,,1864,150,1802,1802,http://localhost:5000/api/product/newProducts/?page=1,16866,0,2039
1717757560559,16873,GetNewProducts,200,OK,Thread Group 5000 1-759,text,true,,1864,150,1801,1801,http://localhost:5000/api/product/newProducts/?page=1,16873,0,2048
1717757561065,16367,GetNewProducts,200,OK,Thread Group 5000 1-3860,text,true,,1864,150,1800,1800,http://localhost:5000/api/product/newProducts/?page=1,16367,0,1540
1717757560563,16870,GetNewProducts,200,OK,Thread Group 5000 1-1664,text,true,,1864,150,1799,1799,http://localhost:5000/api/product/newProducts/?page=1,16870,0,2042
1717757560557,16876,GetNewProducts,200,OK,Thread Group 5000 1-1592,text,true,,1864,150,1798,1798,http://localhost:5000/api/product/newProducts/?page=1,16876,0,2048
1717757561072,16361,GetNewProducts,200,OK,Thread Group 5000 1-3955,text,true,,1864,150,1797,1797,http://localhost:5000/api/product/newProducts/?page=1,16361,0,1532
1717757561076,16358,GetNewProducts,200,OK,Thread Group 5000 1-4109,text,true,,1864,150,1796,1796,http://localhost:5000/api/product/newProducts/?page=1,16358,0,1528
1717757560564,16870,GetNewProducts,200,OK,Thread Group 5000 1-1651,text,true,,1864,150,1795,1795,http://localhost:5000/api/product/newProducts/?page=1,16870,0,2041
1717757561064,16371,GetNewProducts,200,OK,Thread Group 5000 1-3660,text,true,,1864,150,1794,1794,http://localhost:5000/api/product/newProducts/?page=1,16371,0,1541
1717757560559,16877,GetNewProducts,200,OK,Thread Group 5000 1-1609,text,true,,1864,150,1793,1793,http://localhost:5000/api/product/newProducts/?page=1,16877,0,2046
1717757560561,16875,GetNewProducts,200,OK,Thread Group 5000 1-1629,text,true,,1864,150,1792,1792,http://localhost:5000/api/product/newProducts/?page=1,16875,0,2044
1717757561062,16374,GetNewProducts,200,OK,Thread Group 5000 1-1485,text,true,,1864,150,1791,1791,http://localhost:5000/api/product/newProducts/?page=1,16374,0,1543
1717757560565,16872,GetNewProducts,200,OK,Thread Group 5000 1-1670,text,true,,1864,150,1790,1790,http://localhost:5000/api/product/newProducts/?page=1,16872,0,2040
1717757560566,16871,GetNewProducts,200,OK,Thread Group 5000 1-3407,text,true,,1864,150,1789,1789,http://localhost:5000/api/product/newProducts/?page=1,16871,0,2039
1717757560563,16874,GetNewProducts,200,OK,Thread Group 5000 1-1657,text,true,,1864,150,1788,1788,http://localhost:5000/api/product/newProducts/?page=1,16874,0,2042
1717757560560,16878,GetNewProducts,200,OK,Thread Group 5000 1-1615,text,true,,1864,150,1787,1787,http://localhost:5000/api/product/newProducts/?page=1,16878,0,2045
1717757561063,16375,GetNewProducts,200,OK,Thread Group 5000 1-3808,text,true,,1864,150,1786,1786,http://localhost:5000/api/product/newProducts/?page=1,16375,0,1542
1717757561063,16376,GetNewProducts,200,OK,Thread Group 5000 1-4501,text,true,,1864,150,1785,1785,http://localhost:5000/api/product/newProducts/?page=1,16376,0,1542
1717757560557,16883,GetNewProducts,200,OK,Thread Group 5000 1-3275,text,true,,1864,150,1784,1784,http://localhost:5000/api/product/newProducts/?page=1,16883,0,2048
1717757560562,16878,GetNewProducts,200,OK,Thread Group 5000 1-1647,text,true,,1864,150,1783,1783,http://localhost:5000/api/product/newProducts/?page=1,16878,0,2043
1717757560558,16882,GetNewProducts,200,OK,Thread Group 5000 1-1606,text,true,,1864,150,1782,1782,http://localhost:5000/api/product/newProducts/?page=1,16882,0,2047
1717757560555,16886,GetNewProducts,200,OK,Thread Group 5000 1-1574,text,true,,1864,150,1781,1781,http://localhost:5000/api/product/newProducts/?page=1,16886,0,2050
1717757560558,16883,GetNewProducts,200,OK,Thread Group 5000 1-3297,text,true,,1864,150,1780,1780,http://localhost:5000/api/product/newProducts/?page=1,16883,0,2047
1717757560563,16879,GetNewProducts,200,OK,Thread Group 5000 1-1660,text,true,,1864,150,1779,1779,http://localhost:5000/api/product/newProducts/?page=1,16879,0,2042
1717757561065,16377,GetNewProducts,200,OK,Thread Group 5000 1-3863,text,true,,1864,150,1778,1778,http://localhost:5000/api/product/newProducts/?page=1,16377,0,1540
1717757560556,16887,GetNewProducts,200,OK,Thread Group 5000 1-1583,text,true,,1864,150,1777,1777,http://localhost:5000/api/product/newProducts/?page=1,16887,0,2049
1717757561064,16379,GetNewProducts,200,OK,Thread Group 5000 1-3649,text,true,,1864,150,1776,1776,http://localhost:5000/api/product/newProducts/?page=1,16379,0,1541
1717757560560,16884,GetNewProducts,200,OK,Thread Group 5000 1-1624,text,true,,1864,150,1775,1775,http://localhost:5000/api/product/newProducts/?page=1,16884,0,2045
1717757560561,16883,GetNewProducts,200,OK,Thread Group 5000 1-3330,text,true,,1864,150,1774,1774,http://localhost:5000/api/product/newProducts/?page=1,16883,0,2044
1717757561068,16376,GetNewProducts,200,OK,Thread Group 5000 1-3878,text,true,,1864,150,1773,1773,http://localhost:5000/api/product/newProducts/?page=1,16376,0,1537
1717757561074,16371,GetNewProducts,200,OK,Thread Group 5000 1-2267,text,true,,1864,150,1772,1772,http://localhost:5000/api/product/newProducts/?page=1,16371,0,1531
1717757560564,16882,GetNewProducts,200,OK,Thread Group 5000 1-1662,text,true,,1864,150,1771,1771,http://localhost:5000/api/product/newProducts/?page=1,16882,0,2041
1717757560562,16884,GetNewProducts,200,OK,Thread Group 5000 1-1652,text,true,,1864,150,1770,1770,http://localhost:5000/api/product/newProducts/?page=1,16884,0,2043
1717757560564,16882,GetNewProducts,200,OK,Thread Group 5000 1-3380,text,true,,1864,150,1769,1769,http://localhost:5000/api/product/newProducts/?page=1,16882,0,2041
1717757560559,16888,GetNewProducts,200,OK,Thread Group 5000 1-1610,text,true,,1864,150,1768,1768,http://localhost:5000/api/product/newProducts/?page=1,16888,0,2046
1717757560558,16889,GetNewProducts,200,OK,Thread Group 5000 1-1594,text,true,,1864,150,1767,1767,http://localhost:5000/api/product/newProducts/?page=1,16889,0,2047
1717757560560,16888,GetNewProducts,200,OK,Thread Group 5000 1-1623,text,true,,1864,150,1766,1766,http://localhost:5000/api/product/newProducts/?page=1,16888,0,2045
1717757561062,16386,GetNewProducts,200,OK,Thread Group 5000 1-3867,text,true,,1864,150,1765,1765,http://localhost:5000/api/product/newProducts/?page=1,16386,0,1543
1717757561067,16382,GetNewProducts,200,OK,Thread Group 5000 1-3333,text,true,,1864,150,1764,1764,http://localhost:5000/api/product/newProducts/?page=1,16382,0,1538
1717757560554,16895,GetNewProducts,200,OK,Thread Group 5000 1-1564,text,true,,1864,150,1763,1763,http://localhost:5000/api/product/newProducts/?page=1,16895,0,2051
1717757561066,16383,GetNewProducts,200,OK,Thread Group 5000 1-3633,text,true,,1864,150,1762,1762,http://localhost:5000/api/product/newProducts/?page=1,16383,0,1539
1717757561076,16374,GetNewProducts,200,OK,Thread Group 5000 1-4110,text,true,,1864,150,1761,1761,http://localhost:5000/api/product/newProducts/?page=1,16374,0,1529
1717757561064,16386,GetNewProducts,200,OK,Thread Group 5000 1-3656,text,true,,1864,150,1760,1760,http://localhost:5000/api/product/newProducts/?page=1,16386,0,1542
1717757561077,16374,GetNewProducts,200,OK,Thread Group 5000 1-4468,text,true,,1864,150,1759,1759,http://localhost:5000/api/product/newProducts/?page=1,16374,0,1529
1717757561070,16381,GetNewProducts,200,OK,Thread Group 5000 1-3880,text,true,,1864,150,1758,1758,http://localhost:5000/api/product/newProducts/?page=1,16381,0,1536
1717757561071,16381,GetNewProducts,200,OK,Thread Group 5000 1-3920,text,true,,1864,150,1757,1757,http://localhost:5000/api/product/newProducts/?page=1,16381,0,1535
1717757560561,16892,GetNewProducts,200,OK,Thread Group 5000 1-1640,text,true,,1864,150,1756,1756,http://localhost:5000/api/product/newProducts/?page=1,16892,0,2044
1717757561078,16375,GetNewProducts,200,OK,Thread Group 5000 1-4275,text,true,,1864,150,1755,1755,http://localhost:5000/api/product/newProducts/?page=1,16375,0,1527
1717757561067,16387,GetNewProducts,200,OK,Thread Group 5000 1-1502,text,true,,1864,150,1754,1754,http://localhost:5000/api/product/newProducts/?page=1,16387,0,1538
1717757561067,16387,GetNewProducts,200,OK,Thread Group 5000 1-3098,text,true,,1864,150,1753,1753,http://localhost:5000/api/product/newProducts/?page=1,16387,0,1538
1717757561067,16388,GetNewProducts,200,OK,Thread Group 5000 1-3080,text,true,,1864,150,1752,1752,http://localhost:5000/api/product/newProducts/?page=1,16388,0,1540
1717757560563,16892,GetNewProducts,200,OK,Thread Group 5000 1-1646,text,true,,1864,150,1751,1751,http://localhost:5000/api/product/newProducts/?page=1,16892,0,2042
1717757561065,16390,GetNewProducts,200,OK,Thread Group 5000 1-4196,text,true,,1864,150,1750,1750,http://localhost:5000/api/product/newProducts/?page=1,16390,0,1541
1717757561069,16387,GetNewProducts,200,OK,Thread Group 5000 1-3894,text,true,,1864,150,1749,1749,http://localhost:5000/api/product/newProducts/?page=1,16387,0,1536
1717757561062,16394,GetNewProducts,200,OK,Thread Group 5000 1-1755,text,true,,1864,150,1748,1748,http://localhost:5000/api/product/newProducts/?page=1,16394,0,1543
1717757560565,16892,GetNewProducts,200,OK,Thread Group 5000 1-1679,text,true,,1864,150,1747,1747,http://localhost:5000/api/product/newProducts/?page=1,16892,0,2040
1717757561069,16389,GetNewProducts,200,OK,Thread Group 5000 1-3793,text,true,,1864,150,1746,1746,http://localhost:5000/api/product/newProducts/?page=1,16389,0,1537
1717757560623,16909,GetNewProducts,200,OK,Thread Group 5000 1-2138,text,true,,1864,150,1745,1745,http://localhost:5000/api/product/newProducts/?page=1,16909,0,2043
1717757561125,16406,GetNewProducts,200,OK,Thread Group 5000 1-3249,text,true,,1864,150,1745,1745,http://localhost:5000/api/product/newProducts/?page=1,16406,0,1541
1717757561139,16392,GetNewProducts,200,OK,Thread Group 5000 1-3572,text,true,,1864,150,1745,1745,http://localhost:5000/api/product/newProducts/?page=1,16392,0,1529
1717757561138,16393,GetNewProducts,200,OK,Thread Group 5000 1-4827,text,true,,1864,150,1745,1745,http://localhost:5000/api/product/newProducts/?page=1,16393,0,1529
1717757561136,16394,GetNewProducts,200,OK,Thread Group 5000 1-3702,text,true,,1864,150,1745,1745,http://localhost:5000/api/product/newProducts/?page=1,16394,0,1531
1717757561137,16393,GetNewProducts,200,OK,Thread Group 5000 1-4652,text,true,,1864,150,1745,1745,http://localhost:5000/api/product/newProducts/?page=1,16393,0,1530
1717757561136,16394,GetNewProducts,200,OK,Thread Group 5000 1-3598,text,true,,1864,150,1745,1745,http://localhost:5000/api/product/newProducts/?page=1,16394,0,1531
1717757560619,16910,GetNewProducts,200,OK,Thread Group 5000 1-2096,text,true,,1864,150,1745,1745,http://localhost:5000/api/product/newProducts/?page=1,16910,0,2047
1717757561135,16394,GetNewProducts,200,OK,Thread Group 5000 1-3744,text,true,,1864,150,1745,1745,http://localhost:5000/api/product/newProducts/?page=1,16394,0,1532
1717757561126,16402,GetNewProducts,200,OK,Thread Group 5000 1-3039,text,true,,1864,150,1745,1745,http://localhost:5000/api/product/newProducts/?page=1,16402,0,1540
1717757561133,16395,GetNewProducts,200,OK,Thread Group 5000 1-3418,text,true,,1864,150,1745,1745,http://localhost:5000/api/product/newProducts/?page=1,16395,0,1534
1717757561134,16394,GetNewProducts,200,OK,Thread Group 5000 1-3307,text,true,,1864,150,1745,1745,http://localhost:5000/api/product/newProducts/?page=1,16394,0,1533
1717757560618,16909,GetNewProducts,200,OK,Thread Group 5000 1-2081,text,true,,1864,150,1745,1745,http://localhost:5000/api/product/newProducts/?page=1,16909,0,2048
1717757561138,16389,GetNewProducts,200,OK,Thread Group 5000 1-4833,text,true,,1864,150,1745,1745,http://localhost:5000/api/product/newProducts/?page=1,16389,0,1529
1717757561124,16402,GetNewProducts,200,OK,Thread Group 5000 1-3934,text,true,,1864,150,1745,1745,http://localhost:5000/api/product/newProducts/?page=1,16402,0,1542
1717757561124,16402,GetNewProducts,200,OK,Thread Group 5000 1-3995,text,true,,1864,150,1745,1745,http://localhost:5000/api/product/newProducts/?page=1,16402,0,1542
1717757560614,16912,GetNewProducts,200,OK,Thread Group 5000 1-2043,text,true,,1864,150,1745,1745,http://localhost:5000/api/product/newProducts/?page=1,16912,0,2052
1717757561134,16391,GetNewProducts,200,OK,Thread Group 5000 1-2068,text,true,,1864,150,1745,1745,http://localhost:5000/api/product/newProducts/?page=1,16391,0,1533
1717757561132,16392,GetNewProducts,200,OK,Thread Group 5000 1-3715,text,true,,1864,150,1745,1745,http://localhost:5000/api/product/newProducts/?page=1,16392,0,1535
1717757561127,16398,GetNewProducts,200,OK,Thread Group 5000 1-4304,text,true,,1864,150,1745,1745,http://localhost:5000/api/product/newProducts/?page=1,16398,0,1539
1717757560617,16907,GetNewProducts,200,OK,Thread Group 5000 1-2073,text,true,,1864,150,1745,1745,http://localhost:5000/api/product/newProducts/?page=1,16907,0,2049
1717757560616,16907,GetNewProducts,200,OK,Thread Group 5000 1-2063,text,true,,1864,150,1745,1745,http://localhost:5000/api/product/newProducts/?page=1,16907,0,2050
1717757561127,16396,GetNewProducts,200,OK,Thread Group 5000 1-3057,text,true,,1864,150,1745,1745,http://localhost:5000/api/product/newProducts/?page=1,16396,0,1539
1717757561132,16391,GetNewProducts,200,OK,Thread Group 5000 1-3746,text,true,,1864,150,1745,1745,http://localhost:5000/api/product/newProducts/?page=1,16391,0,1534
1717757561126,16396,GetNewProducts,200,OK,Thread Group 5000 1-3228,text,true,,1864,150,1745,1745,http://localhost:5000/api/product/newProducts/?page=1,16396,0,1540
1717757561131,16391,GetNewProducts,200,OK,Thread Group 5000 1-4086,text,true,,1864,150,1745,1745,http://localhost:5000/api/product/newProducts/?page=1,16391,0,1536
1717757561128,16393,GetNewProducts,200,OK,Thread Group 5000 1-3858,text,true,,1864,150,1745,1745,http://localhost:5000/api/product/newProducts/?page=1,16393,0,1538
1717757561130,16391,GetNewProducts,200,OK,Thread Group 5000 1-3165,text,true,,1864,150,1745,1745,http://localhost:5000/api/product/newProducts/?page=1,16391,0,1536
1717757561133,16388,GetNewProducts,200,OK,Thread Group 5000 1-3267,text,true,,1864,150,1745,1745,http://localhost:5000/api/product/newProducts/?page=1,16388,0,1534
1717757561129,16391,GetNewProducts,200,OK,Thread Group 5000 1-3432,text,true,,1864,150,1745,1745,http://localhost:5000/api/product/newProducts/?page=1,16391,0,1537
1717757561131,16389,GetNewProducts,200,OK,Thread Group 5000 1-4325,text,true,,1864,150,1745,1745,http://localhost:5000/api/product/newProducts/?page=1,16389,0,1535
1717757560621,16899,GetNewProducts,200,OK,Thread Group 5000 1-2117,text,true,,1864,150,1745,1745,http://localhost:5000/api/product/newProducts/?page=1,16899,0,2045
1717757560628,16891,GetNewProducts,200,OK,Thread Group 5000 1-2191,text,true,,1864,150,1745,1745,http://localhost:5000/api/product/newProducts/?page=1,16891,0,2038
1717757561127,16392,GetNewProducts,200,OK,Thread Group 5000 1-3589,text,true,,1864,150,1745,1745,http://localhost:5000/api/product/newProducts/?page=1,16392,0,1539
1717757560618,16898,GetNewProducts,200,OK,Thread Group 5000 1-2082,text,true,,1864,150,1745,1745,http://localhost:5000/api/product/newProducts/?page=1,16898,0,2048
1717757560627,16888,GetNewProducts,200,OK,Thread Group 5000 1-2185,text,true,,1864,150,1745,1745,http://localhost:5000/api/product/newProducts/?page=1,16888,0,2039
1717757560626,16889,GetNewProducts,200,OK,Thread Group 5000 1-2171,text,true,,1864,150,1745,1745,http://localhost:5000/api/product/newProducts/?page=1,16889,0,2040
1717757560623,16891,GetNewProducts,200,OK,Thread Group 5000 1-2141,text,true,,1864,150,1745,1745,http://localhost:5000/api/product/newProducts/?page=1,16891,0,2043
1717757560620,16894,GetNewProducts,200,OK,Thread Group 5000 1-2102,text,true,,1864,150,1745,1745,http://localhost:5000/api/product/newProducts/?page=1,16894,0,2046
1717757560622,16892,GetNewProducts,200,OK,Thread Group 5000 1-2131,text,true,,1864,150,1745,1745,http://localhost:5000/api/product/newProducts/?page=1,16892,0,2043
1717757560616,16897,GetNewProducts,200,OK,Thread Group 5000 1-2058,text,true,,1864,150,1745,1745,http://localhost:5000/api/product/newProducts/?page=1,16897,0,2050
1717757561130,16383,GetNewProducts,200,OK,Thread Group 5000 1-1539,text,true,,1864,150,1745,1745,http://localhost:5000/api/product/newProducts/?page=1,16383,0,1535
1717757560616,16896,GetNewProducts,200,OK,Thread Group 5000 1-2064,text,true,,1864,150,1745,1745,http://localhost:5000/api/product/newProducts/?page=1,16896,0,2050
1717757560625,16887,GetNewProducts,200,OK,Thread Group 5000 1-2159,text,true,,1864,150,1745,1745,http://localhost:5000/api/product/newProducts/?page=1,16887,0,2041
1717757561126,16386,GetNewProducts,200,OK,Thread Group 5000 1-3042,text,true,,1864,150,1745,1745,http://localhost:5000/api/product/newProducts/?page=1,16386,0,1539
1717757560614,16897,GetNewProducts,200,OK,Thread Group 5000 1-2037,text,true,,1864,150,1745,1745,http://localhost:5000/api/product/newProducts/?page=1,16897,0,2050
1717757560621,16890,GetNewProducts,200,OK,Thread Group 5000 1-979,text,true,,1864,150,1745,1745,http://localhost:5000/api/product/newProducts/?page=1,16890,0,2044
1717757560618,16893,GetNewProducts,200,OK,Thread Group 5000 1-4193,text,true,,1864,150,1745,1745,http://localhost:5000/api/product/newProducts/?page=1,16893,0,2046
1717757560620,16890,GetNewProducts,200,OK,Thread Group 5000 1-2104,text,true,,1864,150,1745,1745,http://localhost:5000/api/product/newProducts/?page=1,16890,0,2044
1717757561125,16385,GetNewProducts,200,OK,Thread Group 5000 1-3024,text,true,,1864,150,1745,1745,http://localhost:5000/api/product/newProducts/?page=1,16385,0,1539
1717757560619,16890,GetNewProducts,200,OK,Thread Group 5000 1-4214,text,true,,1864,150,1745,1745,http://localhost:5000/api/product/newProducts/?page=1,16890,0,2045
1717757561124,16385,GetNewProducts,200,OK,Thread Group 5000 1-4676,text,true,,1864,150,1745,1745,http://localhost:5000/api/product/newProducts/?page=1,16385,0,1540
1717757560615,16894,GetNewProducts,200,OK,Thread Group 5000 1-2054,text,true,,1864,150,1745,1745,http://localhost:5000/api/product/newProducts/?page=1,16894,0,2049
1717757561125,16408,GetNewProducts,200,OK,Thread Group 5000 1-3893,text,true,,1864,150,1709,1709,http://localhost:5000/api/product/newProducts/?page=1,16408,0,1543
1717757561127,16381,GetNewProducts,200,OK,Thread Group 5000 1-3693,text,true,,1864,150,1745,1745,http://localhost:5000/api/product/newProducts/?page=1,16381,0,1537
1717757561130,16378,GetNewProducts,200,OK,Thread Group 5000 1-3819,text,true,,1864,150,1745,1745,http://localhost:5000/api/product/newProducts/?page=1,16378,0,1534
1717757560614,16893,GetNewProducts,200,OK,Thread Group 5000 1-2044,text,true,,1864,150,1745,1745,http://localhost:5000/api/product/newProducts/?page=1,16893,0,2051
1717757561125,16382,GetNewProducts,200,OK,Thread Group 5000 1-4950,text,true,,1864,150,1745,1745,http://localhost:5000/api/product/newProducts/?page=1,16382,0,1539
1717757561126,16381,GetNewProducts,200,OK,Thread Group 5000 1-3887,text,true,,1864,150,1745,1745,http://localhost:5000/api/product/newProducts/?page=1,16381,0,1538
1717757561130,16376,GetNewProducts,200,OK,Thread Group 5000 1-3133,text,true,,1864,150,1745,1745,http://localhost:5000/api/product/newProducts/?page=1,16376,0,1535
1717757561071,16435,GetNewProducts,200,OK,Thread Group 5000 1-3921,text,true,,1864,150,1745,1745,http://localhost:5000/api/product/newProducts/?page=1,16435,0,1536
1717757560626,16879,GetNewProducts,200,OK,Thread Group 5000 1-2177,text,true,,1864,150,1745,1745,http://localhost:5000/api/product/newProducts/?page=1,16879,0,2038
1717757561128,16377,GetNewProducts,200,OK,Thread Group 5000 1-3687,text,true,,1864,150,1745,1745,http://localhost:5000/api/product/newProducts/?page=1,16377,0,1536
1717757560621,16883,GetNewProducts,200,OK,Thread Group 5000 1-2111,text,true,,1864,150,1745,1745,http://localhost:5000/api/product/newProducts/?page=1,16883,0,2043
1717757560621,16914,GetNewProducts,200,OK,Thread Group 5000 1-2113,text,true,,1864,150,1687,1687,http://localhost:5000/api/product/newProducts/?page=1,16914,0,2045
1717757561129,16375,GetNewProducts,200,OK,Thread Group 5000 1-4032,text,true,,1864,150,1745,1745,http://localhost:5000/api/product/newProducts/?page=1,16375,0,1535
1717757560619,16885,GetNewProducts,200,OK,Thread Group 5000 1-2086,text,true,,1864,150,1745,1745,http://localhost:5000/api/product/newProducts/?page=1,16885,0,2045
1717757560625,16878,GetNewProducts,200,OK,Thread Group 5000 1-2162,text,true,,1864,150,1745,1745,http://localhost:5000/api/product/newProducts/?page=1,16878,0,2039
1717757561127,16376,GetNewProducts,200,OK,Thread Group 5000 1-3648,text,true,,1864,150,1745,1745,http://localhost:5000/api/product/newProducts/?page=1,16376,0,1536
1717757560613,16889,GetNewProducts,200,OK,Thread Group 5000 1-2026,text,true,,1864,150,1745,1745,http://localhost:5000/api/product/newProducts/?page=1,16889,0,2050
1717757560622,16880,GetNewProducts,200,OK,Thread Group 5000 1-2133,text,true,,1864,150,1745,1745,http://localhost:5000/api/product/newProducts/?page=1,16880,0,2042
1717757560624,16878,GetNewProducts,200,OK,Thread Group 5000 1-4278,text,true,,1864,150,1745,1745,http://localhost:5000/api/product/newProducts/?page=1,16878,0,2040
1717757560622,16879,GetNewProducts,200,OK,Thread Group 5000 1-2124,text,true,,1864,150,1745,1745,http://localhost:5000/api/product/newProducts/?page=1,16879,0,2042
1717757561127,16374,GetNewProducts,200,OK,Thread Group 5000 1-3721,text,true,,1864,150,1745,1745,http://localhost:5000/api/product/newProducts/?page=1,16374,0,1537
1717757560614,16887,GetNewProducts,200,OK,Thread Group 5000 1-2034,text,true,,1864,150,1745,1745,http://localhost:5000/api/product/newProducts/?page=1,16887,0,2050
1717757561069,16431,GetNewProducts,200,OK,Thread Group 5000 1-3025,text,true,,1864,150,1745,1745,http://localhost:5000/api/product/newProducts/?page=1,16431,0,1538
1717757561126,16374,GetNewProducts,200,OK,Thread Group 5000 1-3757,text,true,,1864,150,1745,1745,http://localhost:5000/api/product/newProducts/?page=1,16374,0,1538
1717757560615,16885,GetNewProducts,200,OK,Thread Group 5000 1-4152,text,true,,1864,150,1745,1745,http://localhost:5000/api/product/newProducts/?page=1,16885,0,2049
1717757560623,16913,GetNewProducts,200,OK,Thread Group 5000 1-2144,text,true,,1864,150,1671,1671,http://localhost:5000/api/product/newProducts/?page=1,16913,0,2044
1717757560617,16882,GetNewProducts,200,OK,Thread Group 5000 1-2077,text,true,,1864,150,1745,1745,http://localhost:5000/api/product/newProducts/?page=1,16882,0,2047
1717757561126,16373,GetNewProducts,200,OK,Thread Group 5000 1-4961,text,true,,1864,150,1745,1745,http://localhost:5000/api/product/newProducts/?page=1,16373,0,1538
1717757561131,16368,GetNewProducts,200,OK,Thread Group 5000 1-4014,text,true,,1864,150,1745,1745,http://localhost:5000/api/product/newProducts/?page=1,16368,0,1531
1717757561068,16430,GetNewProducts,200,OK,Thread Group 5000 1-4588,text,true,,1864,150,1745,1745,http://localhost:5000/api/product/newProducts/?page=1,16430,0,1539
1717757561075,16423,GetNewProducts,200,OK,Thread Group 5000 1-4098,text,true,,1864,150,1745,1745,http://localhost:5000/api/product/newProducts/?page=1,16423,0,1531
1717757561126,16371,GetNewProducts,200,OK,Thread Group 5000 1-3601,text,true,,1864,150,1745,1745,http://localhost:5000/api/product/newProducts/?page=1,16371,0,1536
1717757561072,16425,GetNewProducts,200,OK,Thread Group 5000 1-3960,text,true,,1864,150,1745,1745,http://localhost:5000/api/product/newProducts/?page=1,16425,0,1535
1717757561076,16421,GetNewProducts,200,OK,Thread Group 5000 1-4119,text,true,,1864,150,1745,1745,http://localhost:5000/api/product/newProducts/?page=1,16421,0,1530
1717757561125,16371,GetNewProducts,200,OK,Thread Group 5000 1-3901,text,true,,1864,150,1745,1745,http://localhost:5000/api/product/newProducts/?page=1,16371,0,1537
1717757561073,16423,GetNewProducts,200,OK,Thread Group 5000 1-4008,text,true,,1864,150,1745,1745,http://localhost:5000/api/product/newProducts/?page=1,16423,0,1534
1717757560567,16928,GetNewProducts,200,OK,Thread Group 5000 1-1696,text,true,,1864,150,1745,1745,http://localhost:5000/api/product/newProducts/?page=1,16928,0,2040
1717757561125,16370,GetNewProducts,200,OK,Thread Group 5000 1-3917,text,true,,1864,150,1745,1745,http://localhost:5000/api/product/newProducts/?page=1,16370,0,1537
1717757561070,16424,GetNewProducts,200,OK,Thread Group 5000 1-3902,text,true,,1864,150,1745,1745,http://localhost:5000/api/product/newProducts/?page=1,16424,0,1535
1717757560563,16931,GetNewProducts,200,OK,Thread Group 5000 1-1661,text,true,,1864,150,1745,1745,http://localhost:5000/api/product/newProducts/?page=1,16931,0,2044
1717757560560,16933,GetNewProducts,200,OK,Thread Group 5000 1-1612,text,true,,1864,150,1745,1745,http://localhost:5000/api/product/newProducts/?page=1,16933,0,2047
1717757560568,16925,GetNewProducts,200,OK,Thread Group 5000 1-1705,text,true,,1864,150,1745,1745,http://localhost:5000/api/product/newProducts/?page=1,16925,0,2039
1717757561072,16420,GetNewProducts,200,OK,Thread Group 5000 1-3316,text,true,,1864,150,1745,1745,http://localhost:5000/api/product/newProducts/?page=1,16420,0,1535
1717757561075,16417,GetNewProducts,200,OK,Thread Group 5000 1-4078,text,true,,1864,150,1745,1745,http://localhost:5000/api/product/newProducts/?page=1,16417,0,1531
1717757560561,16931,GetNewProducts,200,OK,Thread Group 5000 1-1637,text,true,,1864,150,1745,1745,http://localhost:5000/api/product/newProducts/?page=1,16931,0,2046
1717757561069,16422,GetNewProducts,200,OK,Thread Group 5000 1-4601,text,true,,1864,150,1745,1745,http://localhost:5000/api/product/newProducts/?page=1,16422,0,1538
1717757561070,16421,GetNewProducts,200,OK,Thread Group 5000 1-2988,text,true,,1864,150,1745,1745,http://localhost:5000/api/product/newProducts/?page=1,16421,0,1537
1717757561068,16422,GetNewProducts,200,OK,Thread Group 5000 1-4584,text,true,,1864,150,1745,1745,http://localhost:5000/api/product/newProducts/?page=1,16422,0,1539
1717757561077,16413,GetNewProducts,200,OK,Thread Group 5000 1-4221,text,true,,1864,150,1745,1745,http://localhost:5000/api/product/newProducts/?page=1,16413,0,1530
1717757560566,16923,GetNewProducts,200,OK,Thread Group 5000 1-772,text,true,,1864,150,1745,1745,http://localhost:5000/api/product/newProducts/?page=1,16923,0,2041
1717757560555,16934,GetNewProducts,200,OK,Thread Group 5000 1-1576,text,true,,1864,150,1745,1745,http://localhost:5000/api/product/newProducts/?page=1,16934,0,2052
1717757561074,16414,GetNewProducts,200,OK,Thread Group 5000 1-4132,text,true,,1864,150,1745,1745,http://localhost:5000/api/product/newProducts/?page=1,16414,0,1533
1717757560564,16924,GetNewProducts,200,OK,Thread Group 5000 1-1668,text,true,,1864,150,1745,1745,http://localhost:5000/api/product/newProducts/?page=1,16924,0,2043
1717757561071,16416,GetNewProducts,200,OK,Thread Group 5000 1-2989,text,true,,1864,150,1745,1745,http://localhost:5000/api/product/newProducts/?page=1,16416,0,1536
1717757561076,16411,GetNewProducts,200,OK,Thread Group 5000 1-4137,text,true,,1864,150,1745,1745,http://localhost:5000/api/product/newProducts/?page=1,16411,0,1531
1717757561069,16418,GetNewProducts,200,OK,Thread Group 5000 1-1600,text,true,,1864,150,1745,1745,http://localhost:5000/api/product/newProducts/?page=1,16418,0,1538
1717757561127,16410,GetNewProducts,200,OK,Thread Group 5000 1-3060,text,true,,1864,150,1643,1643,http://localhost:5000/api/product/newProducts/?page=1,16410,0,1541
1717757560560,16926,GetNewProducts,200,OK,Thread Group 5000 1-1617,text,true,,1864,150,1745,1745,http://localhost:5000/api/product/newProducts/?page=1,16926,0,2047
1717757560562,16924,GetNewProducts,200,OK,Thread Group 5000 1-1645,text,true,,1864,150,1745,1745,http://localhost:5000/api/product/newProducts/?page=1,16924,0,2045
1717757561068,16417,GetNewProducts,200,OK,Thread Group 5000 1-4549,text,true,,1864,150,1745,1745,http://localhost:5000/api/product/newProducts/?page=1,16417,0,1539
1717757560554,16931,GetNewProducts,200,OK,Thread Group 5000 1-1565,text,true,,1864,150,1745,1745,http://localhost:5000/api/product/newProducts/?page=1,16931,0,2053
1717757560566,16918,GetNewProducts,200,OK,Thread Group 5000 1-1684,text,true,,1864,150,1745,1745,http://localhost:5000/api/product/newProducts/?page=1,16918,0,2041
1717757560568,16916,GetNewProducts,200,OK,Thread Group 5000 1-3446,text,true,,1864,150,1745,1745,http://localhost:5000/api/product/newProducts/?page=1,16916,0,2037
1717757560552,16931,GetNewProducts,200,OK,Thread Group 5000 1-3192,text,true,,1864,150,1745,1745,http://localhost:5000/api/product/newProducts/?page=1,16931,0,2055
1717757561071,16412,GetNewProducts,200,OK,Thread Group 5000 1-3217,text,true,,1864,150,1745,1745,http://localhost:5000/api/product/newProducts/?page=1,16412,0,1536
1717757560565,16917,GetNewProducts,200,OK,Thread Group 5000 1-1675,text,true,,1864,150,1745,1745,http://localhost:5000/api/product/newProducts/?page=1,16917,0,2040
1717757560567,16915,GetNewProducts,200,OK,Thread Group 5000 1-1699,text,true,,1864,150,1745,1745,http://localhost:5000/api/product/newProducts/?page=1,16915,0,2038
1717757560563,16918,GetNewProducts,200,OK,Thread Group 5000 1-1635,text,true,,1864,150,1745,1745,http://localhost:5000/api/product/newProducts/?page=1,16918,0,2042
1717757561068,16413,GetNewProducts,200,OK,Thread Group 5000 1-3349,text,true,,1864,150,1745,1745,http://localhost:5000/api/product/newProducts/?page=1,16413,0,1539
1717757561070,16411,GetNewProducts,200,OK,Thread Group 5000 1-3245,text,true,,1864,150,1745,1745,http://localhost:5000/api/product/newProducts/?page=1,16411,0,1537
1717757561069,16411,GetNewProducts,200,OK,Thread Group 5000 1-3895,text,true,,1864,150,1745,1745,http://localhost:5000/api/product/newProducts/?page=1,16411,0,1536
1717757560560,16920,GetNewProducts,200,OK,Thread Group 5000 1-3318,text,true,,1864,150,1745,1745,http://localhost:5000/api/product/newProducts/?page=1,16920,0,2045
1717757560559,16920,GetNewProducts,200,OK,Thread Group 5000 1-1608,text,true,,1864,150,1745,1745,http://localhost:5000/api/product/newProducts/?page=1,16920,0,2048
1717757560565,16914,GetNewProducts,200,OK,Thread Group 5000 1-1680,text,true,,1864,150,1745,1745,http://localhost:5000/api/product/newProducts/?page=1,16914,0,2042
1717757561063,16415,GetNewProducts,200,OK,Thread Group 5000 1-3353,text,true,,1864,150,1745,1745,http://localhost:5000/api/product/newProducts/?page=1,16415,0,1544
1717757560564,16914,GetNewProducts,200,OK,Thread Group 5000 1-1666,text,true,,1864,150,1745,1745,http://localhost:5000/api/product/newProducts/?page=1,16914,0,2041
1717757561064,16413,GetNewProducts,200,OK,Thread Group 5000 1-3624,text,true,,1864,150,1745,1745,http://localhost:5000/api/product/newProducts/?page=1,16413,0,1543
1717757561127,16411,GetNewProducts,200,OK,Thread Group 5000 1-4545,text,true,,1864,150,1624,1624,http://localhost:5000/api/product/newProducts/?page=1,16411,0,1541
1717757561071,16406,GetNewProducts,200,OK,Thread Group 5000 1-1560,text,true,,1864,150,1745,1745,http://localhost:5000/api/product/newProducts/?page=1,16406,0,1535
1717757561066,16410,GetNewProducts,200,OK,Thread Group 5000 1-2348,text,true,,1864,150,1745,1745,http://localhost:5000/api/product/newProducts/?page=1,16410,0,1540
1717757561066,16410,GetNewProducts,200,OK,Thread Group 5000 1-3873,text,true,,1864,150,1745,1745,http://localhost:5000/api/product/newProducts/?page=1,16410,0,1541
1717757561072,16404,GetNewProducts,200,OK,Thread Group 5000 1-4776,text,true,,1864,150,1745,1745,http://localhost:5000/api/product/newProducts/?page=1,16404,0,1534
1717757560567,16908,GetNewProducts,200,OK,Thread Group 5000 1-1694,text,true,,1864,150,1745,1745,http://localhost:5000/api/product/newProducts/?page=1,16908,0,2038
1717757561068,16407,GetNewProducts,200,OK,Thread Group 5000 1-2372,text,true,,1864,150,1745,1745,http://localhost:5000/api/product/newProducts/?page=1,16407,0,1538
1717757560553,16921,GetNewProducts,200,OK,Thread Group 5000 1-1553,text,true,,1864,150,1745,1745,http://localhost:5000/api/product/newProducts/?page=1,16921,0,2054
1717757560551,16923,GetNewProducts,200,OK,Thread Group 5000 1-1529,text,true,,1864,150,1745,1745,http://localhost:5000/api/product/newProducts/?page=1,16923,0,2056
1717757561070,16403,GetNewProducts,200,OK,Thread Group 5000 1-3208,text,true,,1864,150,1745,1745,http://localhost:5000/api/product/newProducts/?page=1,16403,0,1536
1717757560558,16915,GetNewProducts,200,OK,Thread Group 5000 1-1599,text,true,,1864,150,1745,1745,http://localhost:5000/api/product/newProducts/?page=1,16915,0,2047
1717757560562,16910,GetNewProducts,200,OK,Thread Group 5000 1-1638,text,true,,1864,150,1745,1745,http://localhost:5000/api/product/newProducts/?page=1,16910,0,2043
1717757560562,16910,GetNewProducts,200,OK,Thread Group 5000 1-1653,text,true,,1864,150,1745,1745,http://localhost:5000/api/product/newProducts/?page=1,16910,0,2045
1717757560557,16914,GetNewProducts,200,OK,Thread Group 5000 1-1588,text,true,,1864,150,1745,1745,http://localhost:5000/api/product/newProducts/?page=1,16914,0,2050
1717757560565,16906,GetNewProducts,200,OK,Thread Group 5000 1-1671,text,true,,1864,150,1745,1745,http://localhost:5000/api/product/newProducts/?page=1,16906,0,2040
1717757560563,16907,GetNewProducts,200,OK,Thread Group 5000 1-1650,text,true,,1864,150,1745,1745,http://localhost:5000/api/product/newProducts/?page=1,16907,0,2042
1717757560566,16904,GetNewProducts,200,OK,Thread Group 5000 1-1687,text,true,,1864,150,1745,1745,http://localhost:5000/api/product/newProducts/?page=1,16904,0,2039
1717757560559,16912,GetNewProducts,200,OK,Thread Group 5000 1-3310,text,true,,1864,150,1745,1745,http://localhost:5000/api/product/newProducts/?page=1,16912,0,2046
1717757561067,16402,GetNewProducts,200,OK,Thread Group 5000 1-3076,text,true,,1864,150,1745,1745,http://localhost:5000/api/product/newProducts/?page=1,16402,0,1539
1717757560559,16910,GetNewProducts,200,OK,Thread Group 5000 1-1601,text,true,,1864,150,1745,1745,http://localhost:5000/api/product/newProducts/?page=1,16910,0,2047
1717757560561,16907,GetNewProducts,200,OK,Thread Group 5000 1-1628,text,true,,1864,150,1745,1745,http://localhost:5000/api/product/newProducts/?page=1,16907,0,2046
1717757560561,16907,GetNewProducts,200,OK,Thread Group 5000 1-1634,text,true,,1864,150,1745,1745,http://localhost:5000/api/product/newProducts/?page=1,16907,0,2044
1717757561064,16404,GetNewProducts,200,OK,Thread Group 5000 1-3105,text,true,,1864,150,1745,1745,http://localhost:5000/api/product/newProducts/?page=1,16404,0,1543
1717757561062,16405,GetNewProducts,200,OK,Thread Group 5000 1-3113,text,true,,1864,150,1745,1745,http://localhost:5000/api/product/newProducts/?page=1,16405,0,1544
1717757560554,16913,GetNewProducts,200,OK,Thread Group 5000 1-1570,text,true,,1864,150,1745,1745,http://localhost:5000/api/product/newProducts/?page=1,16913,0,2051
1717757560552,16915,GetNewProducts,200,OK,Thread Group 5000 1-3202,text,true,,1864,150,1745,1745,http://localhost:5000/api/product/newProducts/?page=1,16915,0,2053
1717757561065,16401,GetNewProducts,200,OK,Thread Group 5000 1-4145,text,true,,1864,150,1745,1745,http://localhost:5000/api/product/newProducts/?page=1,16401,0,1541
1717757561063,16403,GetNewProducts,200,OK,Thread Group 5000 1-4509,text,true,,1864,150,1745,1745,http://localhost:5000/api/product/newProducts/?page=1,16403,0,1543
1717757561066,16399,GetNewProducts,200,OK,Thread Group 5000 1-3868,text,true,,1864,150,1745,1745,http://localhost:5000/api/product/newProducts/?page=1,16399,0,1541
1717757561068,16397,GetNewProducts,200,OK,Thread Group 5000 1-4552,text,true,,1864,150,1745,1745,http://localhost:5000/api/product/newProducts/?page=1,16397,0,1538
1717757560620,16919,GetNewProducts,200,OK,Thread Group 5000 1-2107,text,true,,1864,150,1587,1587,http://localhost:5000/api/product/newProducts/?page=1,16919,0,2048
1717757561077,16387,GetNewProducts,200,OK,Thread Group 5000 1-4225,text,true,,1864,150,1745,1745,http://localhost:5000/api/product/newProducts/?page=1,16387,0,1529
1717757561073,16391,GetNewProducts,200,OK,Thread Group 5000 1-4784,text,true,,1864,150,1745,1745,http://localhost:5000/api/product/newProducts/?page=1,16391,0,1533
1717757561063,16401,GetNewProducts,200,OK,Thread Group 5000 1-4497,text,true,,1864,150,1745,1745,http://localhost:5000/api/product/newProducts/?page=1,16401,0,1544
1717757561075,16388,GetNewProducts,200,OK,Thread Group 5000 1-4135,text,true,,1864,150,1745,1745,http://localhost:5000/api/product/newProducts/?page=1,16388,0,1530
1717757561070,16393,GetNewProducts,200,OK,Thread Group 5000 1-3181,text,true,,1864,150,1745,1745,http://localhost:5000/api/product/newProducts/?page=1,16393,0,1536
1717757561071,16392,GetNewProducts,200,OK,Thread Group 5000 1-3905,text,true,,1864,150,1745,1745,http://localhost:5000/api/product/newProducts/?page=1,16392,0,1535
1717757560566,16896,GetNewProducts,200,OK,Thread Group 5000 1-1681,text,true,,1864,150,1745,1745,http://localhost:5000/api/product/newProducts/?page=1,16896,0,2039
1717757561071,16391,GetNewProducts,200,OK,Thread Group 5000 1-3224,text,true,,1864,150,1745,1745,http://localhost:5000/api/product/newProducts/?page=1,16391,0,1535
1717757561070,16391,GetNewProducts,200,OK,Thread Group 5000 1-1604,text,true,,1864,150,1745,1745,http://localhost:5000/api/product/newProducts/?page=1,16391,0,1536
1717757561069,16392,GetNewProducts,200,OK,Thread Group 5000 1-3030,text,true,,1864,150,1745,1745,http://localhost:5000/api/product/newProducts/?page=1,16392,0,1536
1717757561066,16394,GetNewProducts,200,OK,Thread Group 5000 1-3696,text,true,,1864,150,1745,1745,http://localhost:5000/api/product/newProducts/?page=1,16394,0,1540
1717757561067,16393,GetNewProducts,200,OK,Thread Group 5000 1-3304,text,true,,1864,150,1745,1745,http://localhost:5000/api/product/newProducts/?page=1,16393,0,1538
1717757560565,16895,GetNewProducts,200,OK,Thread Group 5000 1-3391,text,true,,1864,150,1745,1745,http://localhost:5000/api/product/newProducts/?page=1,16895,0,2040
1717757560566,16893,GetNewProducts,200,OK,Thread Group 5000 1-3412,text,true,,1864,150,1745,1745,http://localhost:5000/api/product/newProducts/?page=1,16893,0,2040
1717757561066,16392,GetNewProducts,200,OK,Thread Group 5000 1-3764,text,true,,1864,150,1745,1745,http://localhost:5000/api/product/newProducts/?page=1,16392,0,1539
1717757561073,16385,GetNewProducts,200,OK,Thread Group 5000 1-3994,text,true,,1864,150,1745,1745,http://localhost:5000/api/product/newProducts/?page=1,16385,0,1532
1717757561134,16406,GetNewProducts,200,OK,Thread Group 5000 1-2533,text,true,,1864,150,1568,1568,http://localhost:5000/api/product/newProducts/?page=1,16406,0,1534
1717757560619,16922,GetNewProducts,200,OK,Thread Group 5000 1-2090,text,true,,1864,150,1567,1567,http://localhost:5000/api/product/newProducts/?page=1,16922,0,2049
1717757561127,16415,GetNewProducts,200,OK,Thread Group 5000 1-3604,text,true,,1864,150,1566,1566,http://localhost:5000/api/product/newProducts/?page=1,16415,0,1539
1717757560625,16917,GetNewProducts,200,OK,Thread Group 5000 1-2165,text,true,,1864,150,1565,1565,http://localhost:5000/api/product/newProducts/?page=1,16917,0,2042
1717757560616,16927,GetNewProducts,200,OK,Thread Group 5000 1-2060,text,true,,1864,150,1564,1564,http://localhost:5000/api/product/newProducts/?page=1,16927,0,2051
1717757560624,16919,GetNewProducts,200,OK,Thread Group 5000 1-2153,text,true,,1864,150,1563,1563,http://localhost:5000/api/product/newProducts/?page=1,16919,0,2043
1717757560614,16930,GetNewProducts,200,OK,Thread Group 5000 1-942,text,true,,1864,150,1562,1562,http://localhost:5000/api/product/newProducts/?page=1,16930,0,2053
1717757560617,16928,GetNewProducts,200,OK,Thread Group 5000 1-2070,text,true,,1864,150,1561,1561,http://localhost:5000/api/product/newProducts/?page=1,16928,0,2051
1717757560615,16931,GetNewProducts,200,OK,Thread Group 5000 1-2048,text,true,,1864,150,1560,1560,http://localhost:5000/api/product/newProducts/?page=1,16931,0,2053
1717757560613,16933,GetNewProducts,200,OK,Thread Group 5000 1-2033,text,true,,1864,150,1559,1559,http://localhost:5000/api/product/newProducts/?page=1,16933,0,2055
1717757560627,16925,GetNewProducts,200,OK,Thread Group 5000 1-2181,text,true,,1864,150,1558,1558,http://localhost:5000/api/product/newProducts/?page=1,16925,0,2040
1717757560614,16938,GetNewProducts,200,OK,Thread Group 5000 1-2036,text,true,,1864,150,1557,1557,http://localhost:5000/api/product/newProducts/?page=1,16938,0,2053
1717757560625,16928,GetNewProducts,200,OK,Thread Group 5000 1-266,text,true,,1864,150,1556,1556,http://localhost:5000/api/product/newProducts/?page=1,16928,0,2043
1717757560624,16929,GetNewProducts,200,OK,Thread Group 5000 1-2148,text,true,,1864,150,1555,1555,http://localhost:5000/api/product/newProducts/?page=1,16929,0,2044
1717757560617,16936,GetNewProducts,200,OK,Thread Group 5000 1-2072,text,true,,1864,150,1554,1554,http://localhost:5000/api/product/newProducts/?page=1,16936,0,2050
1717757561124,16430,GetNewProducts,200,OK,Thread Group 5000 1-3029,text,true,,1864,150,1553,1553,http://localhost:5000/api/product/newProducts/?page=1,16430,0,1543
1717757560622,16932,GetNewProducts,200,OK,Thread Group 5000 1-2127,text,true,,1864,150,1552,1552,http://localhost:5000/api/product/newProducts/?page=1,16932,0,2046
1717757560627,16928,GetNewProducts,200,OK,Thread Group 5000 1-2178,text,true,,1864,150,1551,1551,http://localhost:5000/api/product/newProducts/?page=1,16928,0,2041
1717757561128,16427,GetNewProducts,200,OK,Thread Group 5000 1-3361,text,true,,1864,150,1550,1550,http://localhost:5000/api/product/newProducts/?page=1,16427,0,1539
1717757560618,16938,GetNewProducts,200,OK,Thread Group 5000 1-2083,text,true,,1864,150,1549,1549,http://localhost:5000/api/product/newProducts/?page=1,16938,0,2050
1717757561125,16434,GetNewProducts,200,OK,Thread Group 5000 1-3913,text,true,,1864,150,1548,1548,http://localhost:5000/api/product/newProducts/?page=1,16434,0,1543
1717757561126,16433,GetNewProducts,200,OK,Thread Group 5000 1-3640,text,true,,1864,150,1547,1547,http://localhost:5000/api/product/newProducts/?page=1,16433,0,1542
1717757561128,16432,GetNewProducts,200,OK,Thread Group 5000 1-3112,text,true,,1864,150,1546,1546,http://localhost:5000/api/product/newProducts/?page=1,16432,0,1540
1717757561131,16429,GetNewProducts,200,OK,Thread Group 5000 1-3813,text,true,,1864,150,1545,1545,http://localhost:5000/api/product/newProducts/?page=1,16429,0,1537
1717757560621,16939,GetNewProducts,200,OK,Thread Group 5000 1-2115,text,true,,1864,150,1544,1544,http://localhost:5000/api/product/newProducts/?page=1,16939,0,2047
1717757560622,16939,GetNewProducts,200,OK,Thread Group 5000 1-2136,text,true,,1864,150,1543,1543,http://localhost:5000/api/product/newProducts/?page=1,16939,0,2046
1717757561129,16432,GetNewProducts,200,OK,Thread Group 5000 1-3722,text,true,,1864,150,1542,1542,http://localhost:5000/api/product/newProducts/?page=1,16432,0,1539
1717757561129,16433,GetNewProducts,200,OK,Thread Group 5000 1-4393,text,true,,1864,150,1541,1541,http://localhost:5000/api/product/newProducts/?page=1,16433,0,1539
1717757561132,16430,GetNewProducts,200,OK,Thread Group 5000 1-4207,text,true,,1864,150,1540,1540,http://localhost:5000/api/product/newProducts/?page=1,16430,0,1537
1717757561130,16433,GetNewProducts,200,OK,Thread Group 5000 1-3812,text,true,,1864,150,1539,1539,http://localhost:5000/api/product/newProducts/?page=1,16433,0,1538
1717757561131,16433,GetNewProducts,200,OK,Thread Group 5000 1-3755,text,true,,1864,150,1538,1538,http://localhost:5000/api/product/newProducts/?page=1,16433,0,1537
1717757561129,16435,GetNewProducts,200,OK,Thread Group 5000 1-4080,text,true,,1864,150,1537,1537,http://localhost:5000/api/product/newProducts/?page=1,16435,0,1539
1717757561135,16430,GetNewProducts,200,OK,Thread Group 5000 1-4244,text,true,,1864,150,1536,1536,http://localhost:5000/api/product/newProducts/?page=1,16430,0,1533
1717757560619,16946,GetNewProducts,200,OK,Thread Group 5000 1-2097,text,true,,1864,150,1535,1535,http://localhost:5000/api/product/newProducts/?page=1,16946,0,2049
1717757561130,16436,GetNewProducts,200,OK,Thread Group 5000 1-4352,text,true,,1864,150,1534,1534,http://localhost:5000/api/product/newProducts/?page=1,16436,0,1538
1717757561125,16441,GetNewProducts,200,OK,Thread Group 5000 1-2623,text,true,,1864,150,1533,1533,http://localhost:5000/api/product/newProducts/?page=1,16441,0,1544
1717757561135,16431,GetNewProducts,200,OK,Thread Group 5000 1-4285,text,true,,1864,150,1532,1532,http://localhost:5000/api/product/newProducts/?page=1,16431,0,1534
1717757561130,16437,GetNewProducts,200,OK,Thread Group 5000 1-3168,text,true,,1864,150,1531,1531,http://localhost:5000/api/product/newProducts/?page=1,16437,0,1538
1717757561127,16440,GetNewProducts,200,OK,Thread Group 5000 1-3499,text,true,,1864,150,1530,1530,http://localhost:5000/api/product/newProducts/?page=1,16440,0,1541
1717757561136,16432,GetNewProducts,200,OK,Thread Group 5000 1-4868,text,true,,1864,150,1529,1529,http://localhost:5000/api/product/newProducts/?page=1,16432,0,1533
1717757561139,16430,GetNewProducts,200,OK,Thread Group 5000 1-3536,text,true,,1864,150,1528,1528,http://localhost:5000/api/product/newProducts/?page=1,16430,0,1530
1717757560623,16946,GetNewProducts,200,OK,Thread Group 5000 1-2139,text,true,,1864,150,1527,1527,http://localhost:5000/api/product/newProducts/?page=1,16946,0,2045
1717757561138,16432,GetNewProducts,200,OK,Thread Group 5000 1-3552,text,true,,1864,150,1526,1526,http://localhost:5000/api/product/newProducts/?page=1,16432,0,1531
1717757561137,16433,GetNewProducts,200,OK,Thread Group 5000 1-4089,text,true,,1864,150,1525,1525,http://localhost:5000/api/product/newProducts/?page=1,16433,0,1532
1717757560621,16950,GetNewProducts,200,OK,Thread Group 5000 1-2120,text,true,,1864,150,1524,1524,http://localhost:5000/api/product/newProducts/?page=1,16950,0,2047
1717757561126,16445,GetNewProducts,200,OK,Thread Group 5000 1-3906,text,true,,1864,150,1523,1523,http://localhost:5000/api/product/newProducts/?page=1,16445,0,1543
1717757561139,16432,GetNewProducts,200,OK,Thread Group 5000 1-3460,text,true,,1864,150,1522,1522,http://localhost:5000/api/product/newProducts/?page=1,16432,0,1530
1717757561125,16447,GetNewProducts,200,OK,Thread Group 5000 1-3669,text,true,,1864,150,1521,1521,http://localhost:5000/api/product/newProducts/?page=1,16447,0,1544
1717757560613,16959,GetNewProducts,200,OK,Thread Group 5000 1-2030,text,true,,1864,150,1520,1520,http://localhost:5000/api/product/newProducts/?page=1,16959,0,2056
1717757561127,16446,GetNewProducts,200,OK,Thread Group 5000 1-2336,text,true,,1864,150,1519,1519,http://localhost:5000/api/product/newProducts/?page=1,16446,0,1542
1717757561131,16443,GetNewProducts,200,OK,Thread Group 5000 1-4318,text,true,,1864,150,1518,1518,http://localhost:5000/api/product/newProducts/?page=1,16443,0,1537
1717757560622,16952,GetNewProducts,200,OK,Thread Group 5000 1-2128,text,true,,1864,150,1517,1517,http://localhost:5000/api/product/newProducts/?page=1,16952,0,2046
1717757561134,16440,GetNewProducts,200,OK,Thread Group 5000 1-3356,text,true,,1864,150,1516,1516,http://localhost:5000/api/product/newProducts/?page=1,16440,0,1535
1717757561126,16449,GetNewProducts,200,OK,Thread Group 5000 1-3253,text,true,,1864,150,1515,1515,http://localhost:5000/api/product/newProducts/?page=1,16449,0,1543
1717757561134,16441,GetNewProducts,200,OK,Thread Group 5000 1-3716,text,true,,1864,150,1514,1514,http://localhost:5000/api/product/newProducts/?page=1,16441,0,1535
1717757560624,16952,GetNewProducts,200,OK,Thread Group 5000 1-2147,text,true,,1864,150,1513,1513,http://localhost:5000/api/product/newProducts/?page=1,16952,0,2044
1717757560614,16962,GetNewProducts,200,OK,Thread Group 5000 1-4143,text,true,,1864,150,1512,1512,http://localhost:5000/api/product/newProducts/?page=1,16962,0,2055
1717757561132,16445,GetNewProducts,200,OK,Thread Group 5000 1-3735,text,true,,1864,150,1511,1511,http://localhost:5000/api/product/newProducts/?page=1,16445,0,1536
1717757561127,16450,GetNewProducts,200,OK,Thread Group 5000 1-3097,text,true,,1864,150,1510,1510,http://localhost:5000/api/product/newProducts/?page=1,16450,0,1542
1717757560626,16952,GetNewProducts,200,OK,Thread Group 5000 1-4303,text,true,,1864,150,1509,1509,http://localhost:5000/api/product/newProducts/?page=1,16952,0,2042
1717757560625,16954,GetNewProducts,200,OK,Thread Group 5000 1-2166,text,true,,1864,150,1508,1508,http://localhost:5000/api/product/newProducts/?page=1,16954,0,2043
1717757560614,16965,GetNewProducts,200,OK,Thread Group 5000 1-2042,text,true,,1864,150,1507,1507,http://localhost:5000/api/product/newProducts/?page=1,16965,0,2055
1717757560613,16967,GetNewProducts,200,OK,Thread Group 5000 1-2031,text,true,,1864,150,1506,1506,http://localhost:5000/api/product/newProducts/?page=1,16967,0,2056
1717757560627,16953,GetNewProducts,200,OK,Thread Group 5000 1-1036,text,true,,1864,150,1505,1505,http://localhost:5000/api/product/newProducts/?page=1,16953,0,2041
1717757560628,16953,GetNewProducts,200,OK,Thread Group 5000 1-2190,text,true,,1864,150,1504,1504,http://localhost:5000/api/product/newProducts/?page=1,16953,0,2040
1717757560624,16957,GetNewProducts,200,OK,Thread Group 5000 1-2152,text,true,,1864,150,1503,1503,http://localhost:5000/api/product/newProducts/?page=1,16957,0,2044
1717757561127,16455,GetNewProducts,200,OK,Thread Group 5000 1-4188,text,true,,1864,150,1502,1502,http://localhost:5000/api/product/newProducts/?page=1,16455,0,1541
1717757560618,16964,GetNewProducts,200,OK,Thread Group 5000 1-2080,text,true,,1864,150,1501,1501,http://localhost:5000/api/product/newProducts/?page=1,16964,0,2051
1717757561135,16448,GetNewProducts,200,OK,Thread Group 5000 1-3892,text,true,,1864,150,1500,1500,http://localhost:5000/api/product/newProducts/?page=1,16448,0,1534
1717757561129,16454,GetNewProducts,200,OK,Thread Group 5000 1-4409,text,true,,1864,150,1499,1499,http://localhost:5000/api/product/newProducts/?page=1,16454,0,1539
1717757561131,16454,GetNewProducts,200,OK,Thread Group 5000 1-3797,text,true,,1864,150,1498,1498,http://localhost:5000/api/product/newProducts/?page=1,16453,0,1537
1717757560616,16969,GetNewProducts,200,OK,Thread Group 5000 1-2061,text,true,,1864,150,1497,1497,http://localhost:5000/api/product/newProducts/?page=1,16969,0,2053
1717757561128,16458,GetNewProducts,200,OK,Thread Group 5000 1-3680,text,true,,1864,150,1496,1496,http://localhost:5000/api/product/newProducts/?page=1,16458,0,1540
1717757561129,16457,GetNewProducts,200,OK,Thread Group 5000 1-3846,text,true,,1864,150,1495,1495,http://localhost:5000/api/product/newProducts/?page=1,16457,0,1539
1717757560616,16971,GetNewProducts,200,OK,Thread Group 5000 1-948,text,true,,1864,150,1494,1494,http://localhost:5000/api/product/newProducts/?page=1,16971,0,2053
1717757560617,16970,GetNewProducts,200,OK,Thread Group 5000 1-2067,text,true,,1864,150,1493,1493,http://localhost:5000/api/product/newProducts/?page=1,16970,0,2052
1717757561129,16458,GetNewProducts,200,OK,Thread Group 5000 1-3859,text,true,,1864,150,1492,1492,http://localhost:5000/api/product/newProducts/?page=1,16458,0,1539
1717757561130,16458,GetNewProducts,200,OK,Thread Group 5000 1-4058,text,true,,1864,150,1491,1491,http://localhost:5000/api/product/newProducts/?page=1,16458,0,1538
1717757561136,16452,GetNewProducts,200,OK,Thread Group 5000 1-3600,text,true,,1864,150,1490,1490,http://localhost:5000/api/product/newProducts/?page=1,16452,0,1534
1717757560616,16972,GetNewProducts,200,OK,Thread Group 5000 1-2065,text,true,,1864,150,1489,1489,http://localhost:5000/api/product/newProducts/?page=1,16972,0,2053
1717757560629,16960,GetNewProducts,200,OK,Thread Group 5000 1-2203,text,true,,1864,150,1488,1488,http://localhost:5000/api/product/newProducts/?page=1,16960,0,2039
1717757561137,16453,GetNewProducts,200,OK,Thread Group 5000 1-3575,text,true,,1864,150,1487,1487,http://localhost:5000/api/product/newProducts/?page=1,16453,0,1533
1717757560618,16973,GetNewProducts,200,OK,Thread Group 5000 1-2085,text,true,,1864,150,1486,1486,http://localhost:5000/api/product/newProducts/?page=1,16973,0,2052
1717757560631,16960,GetNewProducts,200,OK,Thread Group 5000 1-2232,text,true,,1864,150,1485,1485,http://localhost:5000/api/product/newProducts/?page=1,16960,0,2037
1717757561130,16461,GetNewProducts,200,OK,Thread Group 5000 1-3806,text,true,,1864,150,1484,1484,http://localhost:5000/api/product/newProducts/?page=1,16461,0,1538
1717757560630,16962,GetNewProducts,200,OK,Thread Group 5000 1-2221,text,true,,1864,150,1483,1483,http://localhost:5000/api/product/newProducts/?page=1,16962,0,2038
1717757560620,16972,GetNewProducts,200,OK,Thread Group 5000 1-2101,text,true,,1864,150,1482,1482,http://localhost:5000/api/product/newProducts/?page=1,16972,0,2049
1717757560616,16977,GetNewProducts,200,OK,Thread Group 5000 1-2055,text,true,,1864,150,1481,1481,http://localhost:5000/api/product/newProducts/?page=1,16977,0,2052
1717757560620,16973,GetNewProducts,200,OK,Thread Group 5000 1-4229,text,true,,1864,150,1480,1480,http://localhost:5000/api/product/newProducts/?page=1,16973,0,2050
1717757561136,16457,GetNewProducts,200,OK,Thread Group 5000 1-3594,text,true,,1864,150,1479,1479,http://localhost:5000/api/product/newProducts/?page=1,16457,0,1533
1717757560621,16973,GetNewProducts,200,OK,Thread Group 5000 1-975,text,true,,1864,150,1478,1478,http://localhost:5000/api/product/newProducts/?page=1,16973,0,2049
1717757561138,16457,GetNewProducts,200,OK,Thread Group 5000 1-4085,text,true,,1864,150,1477,1477,http://localhost:5000/api/product/newProducts/?page=1,16457,0,1532
1717757560621,16974,GetNewProducts,200,OK,Thread Group 5000 1-438,text,true,,1864,150,1476,1476,http://localhost:5000/api/product/newProducts/?page=1,16974,0,2048
1717757560626,16970,GetNewProducts,200,OK,Thread Group 5000 1-2169,text,true,,1864,150,1475,1475,http://localhost:5000/api/product/newProducts/?page=1,16970,0,2044
1717757560623,16973,GetNewProducts,200,OK,Thread Group 5000 1-2140,text,true,,1864,150,1474,1474,http://localhost:5000/api/product/newProducts/?page=1,16973,0,2048
1717757561131,16466,GetNewProducts,200,OK,Thread Group 5000 1-3754,text,true,,1864,150,1473,1473,http://localhost:5000/api/product/newProducts/?page=1,16466,0,1538
1717757560624,16973,GetNewProducts,200,OK,Thread Group 5000 1-2157,text,true,,1864,150,1472,1472,http://localhost:5000/api/product/newProducts/?page=1,16973,0,2046
1717757560627,16970,GetNewProducts,200,OK,Thread Group 5000 1-2187,text,true,,1864,150,1471,1471,http://localhost:5000/api/product/newProducts/?page=1,16970,0,2043
1717757561138,16460,GetNewProducts,200,OK,Thread Group 5000 1-2490,text,true,,1864,150,1470,1470,http://localhost:5000/api/product/newProducts/?page=1,16460,0,1532
1717757560626,16972,GetNewProducts,200,OK,Thread Group 5000 1-2172,text,true,,1864,150,1469,1469,http://localhost:5000/api/product/newProducts/?page=1,16972,0,2042
1717757561132,16467,GetNewProducts,200,OK,Thread Group 5000 1-3839,text,true,,1864,150,1468,1468,http://localhost:5000/api/product/newProducts/?page=1,16467,0,1537
1717757560628,16972,GetNewProducts,200,OK,Thread Group 5000 1-2195,text,true,,1864,150,1467,1467,http://localhost:5000/api/product/newProducts/?page=1,16972,0,2042
1717757560623,16977,GetNewProducts,200,OK,Thread Group 5000 1-2142,text,true,,1864,150,1466,1466,http://localhost:5000/api/product/newProducts/?page=1,16977,0,2047
1717757561131,16470,GetNewProducts,200,OK,Thread Group 5000 1-3183,text,true,,1864,150,1465,1465,http://localhost:5000/api/product/newProducts/?page=1,16470,0,1538
1717757561128,16473,GetNewProducts,200,OK,Thread Group 5000 1-3862,text,true,,1864,150,1464,1464,http://localhost:5000/api/product/newProducts/?page=1,16473,0,1542
1717757561130,16471,GetNewProducts,200,OK,Thread Group 5000 1-3804,text,true,,1864,150,1463,1463,http://localhost:5000/api/product/newProducts/?page=1,16471,0,1538
1717757561133,16469,GetNewProducts,200,OK,Thread Group 5000 1-3708,text,true,,1864,150,1462,1462,http://localhost:5000/api/product/newProducts/?page=1,16469,0,1536
1717757560625,16977,GetNewProducts,200,OK,Thread Group 5000 1-2158,text,true,,1864,150,1461,1461,http://localhost:5000/api/product/newProducts/?page=1,16977,0,2045
1717757560634,16969,GetNewProducts,200,OK,Thread Group 5000 1-2259,text,true,,1864,150,1460,1460,http://localhost:5000/api/product/newProducts/?page=1,16969,0,2035
1717757561139,16464,GetNewProducts,200,OK,Thread Group 5000 1-3449,text,true,,1864,150,1459,1459,http://localhost:5000/api/product/newProducts/?page=1,16464,0,1532
1717757561127,16476,GetNewProducts,200,OK,Thread Group 5000 1-3876,text,true,,1864,150,1458,1458,http://localhost:5000/api/product/newProducts/?page=1,16476,0,1542
1717757560626,16978,GetNewProducts,200,OK,Thread Group 5000 1-2170,text,true,,1864,150,1457,1457,http://localhost:5000/api/product/newProducts/?page=1,16978,0,2045
1717757560618,16987,GetNewProducts,200,OK,Thread Group 5000 1-2079,text,true,,1864,150,1456,1456,http://localhost:5000/api/product/newProducts/?page=1,16987,0,2051
1717757560628,16978,GetNewProducts,200,OK,Thread Group 5000 1-2193,text,true,,1864,150,1455,1455,http://localhost:5000/api/product/newProducts/?page=1,16978,0,2041
1717757561126,16480,GetNewProducts,200,OK,Thread Group 5000 1-3313,text,true,,1864,150,1454,1454,http://localhost:5000/api/product/newProducts/?page=1,16480,0,1543
1717757561128,16479,GetNewProducts,200,OK,Thread Group 5000 1-3849,text,true,,1864,150,1453,1453,http://localhost:5000/api/product/newProducts/?page=1,16479,0,1543
1717757561125,16482,GetNewProducts,200,OK,Thread Group 5000 1-3939,text,true,,1864,150,1452,1452,http://localhost:5000/api/product/newProducts/?page=1,16482,0,1544
1717757561129,16478,GetNewProducts,200,OK,Thread Group 5000 1-4846,text,true,,1864,150,1451,1451,http://localhost:5000/api/product/newProducts/?page=1,16478,0,1541
1717757560633,16975,GetNewProducts,200,OK,Thread Group 5000 1-1080,text,true,,1864,150,1450,1450,http://localhost:5000/api/product/newProducts/?page=1,16975,0,2036
1717757560619,16989,GetNewProducts,200,OK,Thread Group 5000 1-2092,text,true,,1864,150,1449,1449,http://localhost:5000/api/product/newProducts/?page=1,16989,0,2050
1717757561130,16479,GetNewProducts,200,OK,Thread Group 5000 1-4142,text,true,,1864,150,1448,1448,http://localhost:5000/api/product/newProducts/?page=1,16479,0,1541
1717757561132,16477,GetNewProducts,200,OK,Thread Group 5000 1-3235,text,true,,1864,150,1447,1447,http://localhost:5000/api/product/newProducts/?page=1,16477,0,1539
1717757561132,16478,GetNewProducts,200,OK,Thread Group 5000 1-4246,text,true,,1864,150,1446,1446,http://localhost:5000/api/product/newProducts/?page=1,16478,0,1537
1717757560620,16991,GetNewProducts,200,OK,Thread Group 5000 1-2105,text,true,,1864,150,1445,1445,http://localhost:5000/api/product/newProducts/?page=1,16991,0,2049
1717757561129,16482,GetNewProducts,200,OK,Thread Group 5000 1-4493,text,true,,1864,150,1444,1444,http://localhost:5000/api/product/newProducts/?page=1,16482,0,1540
1717757561126,16486,GetNewProducts,200,OK,Thread Group 5000 1-3879,text,true,,1864,150,1443,1443,http://localhost:5000/api/product/newProducts/?page=1,16486,0,1545
1717757560627,16985,GetNewProducts,200,OK,Thread Group 5000 1-2184,text,true,,1864,150,1442,1442,http://localhost:5000/api/product/newProducts/?page=1,16985,0,2044
1717757561126,16487,GetNewProducts,200,OK,Thread Group 5000 1-4817,text,true,,1864,150,1441,1441,http://localhost:5000/api/product/newProducts/?page=1,16487,0,1545
1717757561133,16480,GetNewProducts,200,OK,Thread Group 5000 1-3725,text,true,,1864,150,1440,1440,http://localhost:5000/api/product/newProducts/?page=1,16480,0,1538
1717757561131,16483,GetNewProducts,200,OK,Thread Group 5000 1-3758,text,true,,1864,150,1439,1439,http://localhost:5000/api/product/newProducts/?page=1,16483,0,1540
1717757561133,16481,GetNewProducts,200,OK,Thread Group 5000 1-2554,text,true,,1864,150,1438,1438,http://localhost:5000/api/product/newProducts/?page=1,16481,0,1538
1717757561127,16488,GetNewProducts,200,OK,Thread Group 5000 1-1816,text,true,,1864,150,1437,1437,http://localhost:5000/api/product/newProducts/?page=1,16488,0,1544
1717757561131,16485,GetNewProducts,200,OK,Thread Group 5000 1-3195,text,true,,1864,150,1436,1436,http://localhost:5000/api/product/newProducts/?page=1,16485,0,1540
1717757561131,16485,GetNewProducts,200,OK,Thread Group 5000 1-3215,text,true,,1864,150,1435,1435,http://localhost:5000/api/product/newProducts/?page=1,16485,0,1538
1717757561134,16483,GetNewProducts,200,OK,Thread Group 5000 1-3705,text,true,,1864,150,1434,1434,http://localhost:5000/api/product/newProducts/?page=1,16483,0,1537
1717757561133,16484,GetNewProducts,200,OK,Thread Group 5000 1-4922,text,true,,1864,150,1433,1433,http://localhost:5000/api/product/newProducts/?page=1,16484,0,1536
1717757561132,16485,GetNewProducts,200,OK,Thread Group 5000 1-4258,text,true,,1864,150,1432,1432,http://localhost:5000/api/product/newProducts/?page=1,16485,0,1539
1717757561128,16490,GetNewProducts,200,OK,Thread Group 5000 1-3108,text,true,,1864,150,1431,1431,http://localhost:5000/api/product/newProducts/?page=1,16490,0,1543
1717757561134,16484,GetNewProducts,200,OK,Thread Group 5000 1-3636,text,true,,1864,150,1430,1430,http://localhost:5000/api/product/newProducts/?page=1,16484,0,1535
1717757561128,16491,GetNewProducts,200,OK,Thread Group 5000 1-3854,text,true,,1864,150,1429,1429,http://localhost:5000/api/product/newProducts/?page=1,16491,0,1543
1717757561127,16492,GetNewProducts,200,OK,Thread Group 5000 1-3099,text,true,,1864,150,1428,1428,http://localhost:5000/api/product/newProducts/?page=1,16492,0,1542
1717757560614,17006,GetNewProducts,200,OK,Thread Group 5000 1-2035,text,true,,1864,150,1427,1427,http://localhost:5000/api/product/newProducts/?page=1,17006,0,2057
1717757560621,17000,GetNewProducts,200,OK,Thread Group 5000 1-978,text,true,,1864,150,1426,1426,http://localhost:5000/api/product/newProducts/?page=1,17000,0,2048
1717757561127,16494,GetNewProducts,200,OK,Thread Group 5000 1-3489,text,true,,1864,150,1425,1425,http://localhost:5000/api/product/newProducts/?page=1,16494,0,1542
1717757561133,16489,GetNewProducts,200,OK,Thread Group 5000 1-3292,text,true,,1864,150,1424,1424,http://localhost:5000/api/product/newProducts/?page=1,16489,0,1538
1717757561129,16493,GetNewProducts,200,OK,Thread Group 5000 1-3730,text,true,,1864,150,1423,1423,http://localhost:5000/api/product/newProducts/?page=1,16493,0,1542
1717757560615,17007,GetNewProducts,200,OK,Thread Group 5000 1-2050,text,true,,1864,150,1422,1422,http://localhost:5000/api/product/newProducts/?page=1,17007,0,2056
1717757561129,16494,GetNewProducts,200,OK,Thread Group 5000 1-3820,text,true,,1864,150,1421,1421,http://localhost:5000/api/product/newProducts/?page=1,16494,0,1540
1717757561133,16490,GetNewProducts,200,OK,Thread Group 5000 1-3322,text,true,,1864,150,1420,1420,http://localhost:5000/api/product/newProducts/?page=1,16490,0,1538
1717757561130,16494,GetNewProducts,200,OK,Thread Group 5000 1-1520,text,true,,1864,150,1419,1419,http://localhost:5000/api/product/newProducts/?page=1,16494,0,1539
1717757560621,17003,GetNewProducts,200,OK,Thread Group 5000 1-2114,text,true,,1864,150,1418,1418,http://localhost:5000/api/product/newProducts/?page=1,17003,0,2048
1717757560622,17003,GetNewProducts,200,OK,Thread Group 5000 1-2130,text,true,,1864,150,1417,1417,http://localhost:5000/api/product/newProducts/?page=1,17003,0,2047
1717757560623,17003,GetNewProducts,200,OK,Thread Group 5000 1-2145,text,true,,1864,150,1416,1416,http://localhost:5000/api/product/newProducts/?page=1,17003,0,2046
1717757561134,16493,GetNewProducts,200,OK,Thread Group 5000 1-3379,text,true,,1864,150,1415,1415,http://localhost:5000/api/product/newProducts/?page=1,16493,0,1537
1717757561135,16492,GetNewProducts,200,OK,Thread Group 5000 1-3364,text,true,,1864,150,1414,1414,http://localhost:5000/api/product/newProducts/?page=1,16492,0,1536
1717757560625,17003,GetNewProducts,200,OK,Thread Group 5000 1-2163,text,true,,1864,150,1413,1413,http://localhost:5000/api/product/newProducts/?page=1,17003,0,2044
1717757560619,17009,GetNewProducts,200,OK,Thread Group 5000 1-2091,text,true,,1864,150,1412,1412,http://localhost:5000/api/product/newProducts/?page=1,17009,0,2052
1717757560617,17012,GetNewProducts,200,OK,Thread Group 5000 1-2076,text,true,,1864,150,1411,1411,http://localhost:5000/api/product/newProducts/?page=1,17012,0,2054
1717757561130,16499,GetNewProducts,200,OK,Thread Group 5000 1-3805,text,true,,1864,150,1410,1410,http://localhost:5000/api/product/newProducts/?page=1,16499,0,1541
1717757561131,16498,GetNewProducts,200,OK,Thread Group 5000 1-3788,text,true,,1864,150,1409,1409,http://localhost:5000/api/product/newProducts/?page=1,16498,0,1538
1717757561135,16495,GetNewProducts,200,OK,Thread Group 5000 1-4573,text,true,,1864,150,1408,1408,http://localhost:5000/api/product/newProducts/?page=1,16495,0,1536
1717757561136,16494,GetNewProducts,200,OK,Thread Group 5000 1-4842,text,true,,1864,150,1407,1407,http://localhost:5000/api/product/newProducts/?page=1,16494,0,1535
1717757561134,16497,GetNewProducts,200,OK,Thread Group 5000 1-3621,text,true,,1864,150,1406,1406,http://localhost:5000/api/product/newProducts/?page=1,16497,0,1535
1717757560623,17009,GetNewProducts,200,OK,Thread Group 5000 1-2137,text,true,,1864,150,1405,1405,http://localhost:5000/api/product/newProducts/?page=1,17009,0,2046
1717757561135,16497,GetNewProducts,200,OK,Thread Group 5000 1-3658,text,true,,1864,150,1404,1404,http://localhost:5000/api/product/newProducts/?page=1,16497,0,1536
1717757560624,17009,GetNewProducts,200,OK,Thread Group 5000 1-2154,text,true,,1864,150,1403,1403,http://localhost:5000/api/product/newProducts/?page=1,17009,0,2045
1717757561135,16498,GetNewProducts,200,OK,Thread Group 5000 1-4305,text,true,,1864,150,1402,1402,http://localhost:5000/api/product/newProducts/?page=1,16498,0,1534
1717757561131,16503,GetNewProducts,200,OK,Thread Group 5000 1-3761,text,true,,1864,150,1401,1401,http://localhost:5000/api/product/newProducts/?page=1,16503,0,1540
1717757561135,16499,GetNewProducts,200,OK,Thread Group 5000 1-3816,text,true,,1864,150,1400,1400,http://localhost:5000/api/product/newProducts/?page=1,16499,0,1534
1717757561135,16500,GetNewProducts,200,OK,Thread Group 5000 1-3618,text,true,,1864,150,1399,1399,http://localhost:5000/api/product/newProducts/?page=1,16500,0,1536
1717757561132,16503,GetNewProducts,200,OK,Thread Group 5000 1-4206,text,true,,1864,150,1398,1398,http://localhost:5000/api/product/newProducts/?page=1,16503,0,1537
1717757561132,16504,GetNewProducts,200,OK,Thread Group 5000 1-4147,text,true,,1864,150,1397,1397,http://localhost:5000/api/product/newProducts/?page=1,16504,0,1537
1717757560627,17010,GetNewProducts,200,OK,Thread Group 5000 1-2183,text,true,,1864,150,1396,1396,http://localhost:5000/api/product/newProducts/?page=1,17010,0,2042
1717757561137,16500,GetNewProducts,200,OK,Thread Group 5000 1-3567,text,true,,1864,150,1395,1395,http://localhost:5000/api/product/newProducts/?page=1,16500,0,1534
1717757561134,16504,GetNewProducts,200,OK,Thread Group 5000 1-4926,text,true,,1864,150,1394,1394,http://localhost:5000/api/product/newProducts/?page=1,16504,0,1535
1717757560621,17017,GetNewProducts,200,OK,Thread Group 5000 1-2110,text,true,,1864,150,1393,1393,http://localhost:5000/api/product/newProducts/?page=1,17017,0,2050
1717757561135,16503,GetNewProducts,200,OK,Thread Group 5000 1-3666,text,true,,1864,150,1392,1392,http://localhost:5000/api/product/newProducts/?page=1,16503,0,1534
1717757561133,16506,GetNewProducts,200,OK,Thread Group 5000 1-4378,text,true,,1864,150,1391,1391,http://localhost:5000/api/product/newProducts/?page=1,16506,0,1538
1717757561136,16503,GetNewProducts,200,OK,Thread Group 5000 1-3925,text,true,,1864,150,1390,1390,http://localhost:5000/api/product/newProducts/?page=1,16503,0,1534
1717757560626,17014,GetNewProducts,200,OK,Thread Group 5000 1-2175,text,true,,1864,150,1389,1389,http://localhost:5000/api/product/newProducts/?page=1,17014,0,2043
1717757561136,16505,GetNewProducts,200,OK,Thread Group 5000 1-4180,text,true,,1864,150,1388,1388,http://localhost:5000/api/product/newProducts/?page=1,16505,0,1533
1717757561137,16505,GetNewProducts,200,OK,Thread Group 5000 1-3984,text,true,,1864,150,1387,1387,http://localhost:5000/api/product/newProducts/?page=1,16505,0,1533
1717757560622,17020,GetNewProducts,200,OK,Thread Group 5000 1-2125,text,true,,1864,150,1386,1386,http://localhost:5000/api/product/newProducts/?page=1,17020,0,2049
1717757561132,16513,GetNewProducts,200,OK,Thread Group 5000 1-4231,text,true,,1864,150,1385,1385,http://localhost:5000/api/product/newProducts/?page=1,16513,0,1539
1717757561134,16511,GetNewProducts,200,OK,Thread Group 5000 1-3300,text,true,,1864,150,1384,1384,http://localhost:5000/api/product/newProducts/?page=1,16511,0,1536
1717757561133,16513,GetNewProducts,200,OK,Thread Group 5000 1-4330,text,true,,1864,150,1383,1383,http://localhost:5000/api/product/newProducts/?page=1,16513,0,1539
1717757561139,16507,GetNewProducts,200,OK,Thread Group 5000 1-3544,text,true,,1864,150,1382,1382,http://localhost:5000/api/product/newProducts/?page=1,16507,0,1532
1717757561139,16508,GetNewProducts,200,OK,Thread Group 5000 1-4864,text,true,,1864,150,1381,1381,http://localhost:5000/api/product/newProducts/?page=1,16508,0,1532
1717757560622,17025,GetNewProducts,200,OK,Thread Group 5000 1-2132,text,true,,1864,150,1380,1380,http://localhost:5000/api/product/newProducts/?page=1,17025,0,2049
1717757560625,17023,GetNewProducts,200,OK,Thread Group 5000 1-4288,text,true,,1864,150,1379,1379,http://localhost:5000/api/product/newProducts/?page=1,17023,0,2046
1717757560624,17024,GetNewProducts,200,OK,Thread Group 5000 1-2151,text,true,,1864,150,1378,1378,http://localhost:5000/api/product/newProducts/?page=1,17024,0,2048
1717757561138,16511,GetNewProducts,200,OK,Thread Group 5000 1-3559,text,true,,1864,150,1377,1377,http://localhost:5000/api/product/newProducts/?page=1,16511,0,1534
1717757561135,16515,GetNewProducts,200,OK,Thread Group 5000 1-3748,text,true,,1864,150,1376,1376,http://localhost:5000/api/product/newProducts/?page=1,16515,0,1535
1717757561136,16514,GetNewProducts,200,OK,Thread Group 5000 1-4661,text,true,,1864,150,1375,1375,http://localhost:5000/api/product/newProducts/?page=1,16514,0,1535
1717757561134,16516,GetNewProducts,200,OK,Thread Group 5000 1-4859,text,true,,1864,150,1374,1374,http://localhost:5000/api/product/newProducts/?page=1,16516,0,1538
1717757561133,16518,GetNewProducts,200,OK,Thread Group 5000 1-4927,text,true,,1864,150,1373,1373,http://localhost:5000/api/product/newProducts/?page=1,16518,0,1536
1717757561137,16514,GetNewProducts,200,OK,Thread Group 5000 1-4073,text,true,,1864,150,1372,1372,http://localhost:5000/api/product/newProducts/?page=1,16514,0,1533
1717757561132,16520,GetNewProducts,200,OK,Thread Group 5000 1-3720,text,true,,1864,150,1371,1371,http://localhost:5000/api/product/newProducts/?page=1,16520,0,1538
1717757560628,17024,GetNewProducts,200,OK,Thread Group 5000 1-2199,text,true,,1864,150,1370,1370,http://localhost:5000/api/product/newProducts/?page=1,17024,0,2042
1717757560627,17025,GetNewProducts,200,OK,Thread Group 5000 1-2188,text,true,,1864,150,1369,1369,http://localhost:5000/api/product/newProducts/?page=1,17025,0,2043
1717757561128,16525,GetNewProducts,200,OK,Thread Group 5000 1-4537,text,true,,1864,150,1368,1368,http://localhost:5000/api/product/newProducts/?page=1,16525,0,1542
1717757561137,16517,GetNewProducts,200,OK,Thread Group 5000 1-3577,text,true,,1864,150,1367,1367,http://localhost:5000/api/product/newProducts/?page=1,16517,0,1533
1717757560626,17029,GetNewProducts,200,OK,Thread Group 5000 1-1031,text,true,,1864,150,1366,1366,http://localhost:5000/api/product/newProducts/?page=1,17029,0,2046
1717757561137,16518,GetNewProducts,200,OK,Thread Group 5000 1-4814,text,true,,1864,150,1365,1365,http://localhost:5000/api/product/newProducts/?page=1,16518,0,1535
1717757560628,17027,GetNewProducts,200,OK,Thread Group 5000 1-2197,text,true,,1864,150,1364,1364,http://localhost:5000/api/product/newProducts/?page=1,17027,0,2042
1717757561136,16520,GetNewProducts,200,OK,Thread Group 5000 1-3897,text,true,,1864,150,1363,1363,http://localhost:5000/api/product/newProducts/?page=1,16520,0,1535
1717757561131,16525,GetNewProducts,200,OK,Thread Group 5000 1-3255,text,true,,1864,150,1362,1362,http://localhost:5000/api/product/newProducts/?page=1,16525,0,1541
1717757561134,16523,GetNewProducts,200,OK,Thread Group 5000 1-3675,text,true,,1864,150,1361,1361,http://localhost:5000/api/product/newProducts/?page=1,16523,0,1538
1717757560629,17028,GetNewProducts,200,OK,Thread Group 5000 1-2212,text,true,,1864,150,1360,1360,http://localhost:5000/api/product/newProducts/?page=1,17028,0,2041
1717757561138,16520,GetNewProducts,200,OK,Thread Group 5000 1-1735,text,true,,1864,150,1359,1359,http://localhost:5000/api/product/newProducts/?page=1,16520,0,1532
1717757561129,16529,GetNewProducts,200,OK,Thread Group 5000 1-3775,text,true,,1864,150,1358,1358,http://localhost:5000/api/product/newProducts/?page=1,16529,0,1541
1717757561136,16523,GetNewProducts,200,OK,Thread Group 5000 1-3981,text,true,,1864,150,1357,1357,http://localhost:5000/api/product/newProducts/?page=1,16523,0,1535
1717757561132,16527,GetNewProducts,200,OK,Thread Group 5000 1-2078,text,true,,1864,150,1356,1356,http://localhost:5000/api/product/newProducts/?page=1,16527,0,1540
1717757561128,16532,GetNewProducts,200,OK,Thread Group 5000 1-3853,text,true,,1864,150,1355,1355,http://localhost:5000/api/product/newProducts/?page=1,16532,0,1543
1717757561135,16525,GetNewProducts,200,OK,Thread Group 5000 1-3780,text,true,,1864,150,1354,1354,http://localhost:5000/api/product/newProducts/?page=1,16525,0,1536
1717757561138,16523,GetNewProducts,200,OK,Thread Group 5000 1-4774,text,true,,1864,150,1353,1353,http://localhost:5000/api/product/newProducts/?page=1,16523,0,1534
1717757561138,16523,GetNewProducts,200,OK,Thread Group 5000 1-3561,text,true,,1864,150,1352,1352,http://localhost:5000/api/product/newProducts/?page=1,16523,0,1533
1717757561129,16533,GetNewProducts,200,OK,Thread Group 5000 1-3844,text,true,,1864,150,1351,1351,http://localhost:5000/api/product/newProducts/?page=1,16533,0,1543
1717757561129,16533,GetNewProducts,200,OK,Thread Group 5000 1-3134,text,true,,1864,150,1350,1350,http://localhost:5000/api/product/newProducts/?page=1,16533,0,1541
1717757561130,16533,GetNewProducts,200,OK,Thread Group 5000 1-3174,text,true,,1864,150,1349,1349,http://localhost:5000/api/product/newProducts/?page=1,16533,0,1540
1717757561138,16525,GetNewProducts,200,OK,Thread Group 5000 1-3539,text,true,,1864,150,1348,1348,http://localhost:5000/api/product/newProducts/?page=1,16525,0,1533
1717757561130,16534,GetNewProducts,200,OK,Thread Group 5000 1-3803,text,true,,1864,150,1347,1347,http://localhost:5000/api/product/newProducts/?page=1,16534,0,1540
1717757561139,16525,GetNewProducts,200,OK,Thread Group 5000 1-4855,text,true,,1864,150,1346,1346,http://localhost:5000/api/product/newProducts/?page=1,16525,0,1533
1717757561137,16528,GetNewProducts,200,OK,Thread Group 5000 1-4689,text,true,,1864,150,1345,1345,http://localhost:5000/api/product/newProducts/?page=1,16528,0,1535
1717757561139,16526,GetNewProducts,200,OK,Thread Group 5000 1-2411,text,true,,1864,150,1344,1344,http://localhost:5000/api/product/newProducts/?page=1,16526,0,1533
1717757561129,16536,GetNewProducts,200,OK,Thread Group 5000 1-3822,text,true,,1864,150,1343,1343,http://localhost:5000/api/product/newProducts/?page=1,16536,0,1542
1717757561131,16535,GetNewProducts,200,OK,Thread Group 5000 1-3783,text,true,,1864,150,1342,1342,http://localhost:5000/api/product/newProducts/?page=1,16535,0,1540
1717757561137,16529,GetNewProducts,200,OK,Thread Group 5000 1-4056,text,true,,1864,150,1341,1341,http://localhost:5000/api/product/newProducts/?page=1,16529,0,1535
1717757561130,16537,GetNewProducts,200,OK,Thread Group 5000 1-4385,text,true,,1864,150,1340,1340,http://localhost:5000/api/product/newProducts/?page=1,16537,0,1542
1717757560631,17036,GetNewProducts,200,OK,Thread Group 5000 1-2224,text,true,,1864,150,1339,1339,http://localhost:5000/api/product/newProducts/?page=1,17036,0,2040
1717757561130,16538,GetNewProducts,200,OK,Thread Group 5000 1-3169,text,true,,1864,150,1338,1338,http://localhost:5000/api/product/newProducts/?page=1,16538,0,1541
1717757560632,17037,GetNewProducts,200,OK,Thread Group 5000 1-2245,text,true,,1864,150,1337,1337,http://localhost:5000/api/product/newProducts/?page=1,17037,0,2039
1717757561132,16537,GetNewProducts,200,OK,Thread Group 5000 1-4235,text,true,,1864,150,1336,1336,http://localhost:5000/api/product/newProducts/?page=1,16537,0,1539
1717757561131,16539,GetNewProducts,200,OK,Thread Group 5000 1-3260,text,true,,1864,150,1335,1335,http://localhost:5000/api/product/newProducts/?page=1,16539,0,1540
1717757561134,16536,GetNewProducts,200,OK,Thread Group 5000 1-4240,text,true,,1864,150,1334,1334,http://localhost:5000/api/product/newProducts/?page=1,16536,0,1538
1717757561130,16541,GetNewProducts,200,OK,Thread Group 5000 1-3830,text,true,,1864,150,1333,1333,http://localhost:5000/api/product/newProducts/?page=1,16541,0,1542
1717757561131,16540,GetNewProducts,200,OK,Thread Group 5000 1-3767,text,true,,1864,150,1332,1332,http://localhost:5000/api/product/newProducts/?page=1,16540,0,1540
1717757561134,16538,GetNewProducts,200,OK,Thread Group 5000 1-1785,text,true,,1864,150,1331,1331,http://localhost:5000/api/product/newProducts/?page=1,16538,0,1538
1717757561139,16533,GetNewProducts,200,OK,Thread Group 5000 1-3429,text,true,,1864,150,1330,1330,http://localhost:5000/api/product/newProducts/?page=1,16533,0,1533
1717757561137,16536,GetNewProducts,200,OK,Thread Group 5000 1-2550,text,true,,1864,150,1329,1329,http://localhost:5000/api/product/newProducts/?page=1,16536,0,1534
1717757561138,16536,GetNewProducts,200,OK,Thread Group 5000 1-4810,text,true,,1864,150,1328,1328,http://localhost:5000/api/product/newProducts/?page=1,16536,0,1534
1717757561139,16535,GetNewProducts,200,OK,Thread Group 5000 1-4753,text,true,,1864,150,1327,1327,http://localhost:5000/api/product/newProducts/?page=1,16535,0,1532
1717757561139,16536,GetNewProducts,200,OK,Thread Group 5000 1-4707,text,true,,1864,150,1326,1326,http://localhost:5000/api/product/newProducts/?page=1,16536,0,1532
1717757561131,16544,GetNewProducts,200,OK,Thread Group 5000 1-3786,text,true,,1864,150,1325,1325,http://localhost:5000/api/product/newProducts/?page=1,16544,0,1541
1717757561135,16541,GetNewProducts,200,OK,Thread Group 5000 1-4237,text,true,,1864,150,1324,1324,http://localhost:5000/api/product/newProducts/?page=1,16541,0,1537
1717757561131,16545,GetNewProducts,200,OK,Thread Group 5000 1-3743,text,true,,1864,150,1323,1323,http://localhost:5000/api/product/newProducts/?page=1,16545,0,1540
1717757561131,16545,GetNewProducts,200,OK,Thread Group 5000 1-3218,text,true,,1864,150,1322,1322,http://localhost:5000/api/product/newProducts/?page=1,16545,0,1541
1717757561134,16543,GetNewProducts,200,OK,Thread Group 5000 1-3326,text,true,,1864,150,1321,1321,http://localhost:5000/api/product/newProducts/?page=1,16543,0,1537
1717757561139,16538,GetNewProducts,200,OK,Thread Group 5000 1-3441,text,true,,1864,150,1320,1320,http://localhost:5000/api/product/newProducts/?page=1,16538,0,1533
1717757561137,16541,GetNewProducts,200,OK,Thread Group 5000 1-3562,text,true,,1864,150,1319,1319,http://localhost:5000/api/product/newProducts/?page=1,16541,0,1534
1717757561132,16547,GetNewProducts,200,OK,Thread Group 5000 1-3266,text,true,,1864,150,1318,1318,http://localhost:5000/api/product/newProducts/?page=1,16547,0,1540
1717757561133,16546,GetNewProducts,200,OK,Thread Group 5000 1-3681,text,true,,1864,150,1317,1317,http://localhost:5000/api/product/newProducts/?page=1,16546,0,1538
1717757561135,16544,GetNewProducts,200,OK,Thread Group 5000 1-3350,text,true,,1864,150,1316,1316,http://localhost:5000/api/product/newProducts/?page=1,16544,0,1536
1717757561136,16544,GetNewProducts,200,OK,Thread Group 5000 1-3909,text,true,,1864,150,1315,1315,http://localhost:5000/api/product/newProducts/?page=1,16544,0,1536
1717757561138,16542,GetNewProducts,200,OK,Thread Group 5000 1-3538,text,true,,1864,150,1314,1314,http://localhost:5000/api/product/newProducts/?page=1,16542,0,1533
1717757561139,16542,GetNewProducts,200,OK,Thread Group 5000 1-3488,text,true,,1864,150,1313,1313,http://localhost:5000/api/product/newProducts/?page=1,16542,0,1532
1717757561136,16545,GetNewProducts,200,OK,Thread Group 5000 1-3647,text,true,,1864,150,1312,1312,http://localhost:5000/api/product/newProducts/?page=1,16545,0,1536
1717757561133,16549,GetNewProducts,200,OK,Thread Group 5000 1-3250,text,true,,1864,150,1311,1311,http://localhost:5000/api/product/newProducts/?page=1,16549,0,1538
1717757561134,16548,GetNewProducts,200,OK,Thread Group 5000 1-3690,text,true,,1864,150,1310,1310,http://localhost:5000/api/product/newProducts/?page=1,16548,0,1537
1717757561135,16548,GetNewProducts,200,OK,Thread Group 5000 1-3466,text,true,,1864,150,1309,1309,http://localhost:5000/api/product/newProducts/?page=1,16548,0,1536
1717757561139,16545,GetNewProducts,200,OK,Thread Group 5000 1-4536,text,true,,1864,150,1308,1308,http://localhost:5000/api/product/newProducts/?page=1,16545,0,1532
1717757561134,16550,GetNewProducts,200,OK,Thread Group 5000 1-3644,text,true,,1864,150,1307,1307,http://localhost:5000/api/product/newProducts/?page=1,16550,0,1538
1717757561134,16551,GetNewProducts,200,OK,Thread Group 5000 1-3286,text,true,,1864,150,1306,1306,http://localhost:5000/api/product/newProducts/?page=1,16551,0,1537
1717757561136,16549,GetNewProducts,200,OK,Thread Group 5000 1-3602,text,true,,1864,150,1305,1305,http://localhost:5000/api/product/newProducts/?page=1,16549,0,1535
1717757561133,16552,GetNewProducts,200,OK,Thread Group 5000 1-4987,text,true,,1864,150,1304,1304,http://localhost:5000/api/product/newProducts/?page=1,16552,0,1538
1717757561137,16549,GetNewProducts,200,OK,Thread Group 5000 1-3591,text,true,,1864,150,1303,1303,http://localhost:5000/api/product/newProducts/?page=1,16549,0,1536
1717757561136,16550,GetNewProducts,200,OK,Thread Group 5000 1-1747,text,true,,1864,150,1302,1302,http://localhost:5000/api/product/newProducts/?page=1,16550,0,1535
1717757561134,16553,GetNewProducts,200,OK,Thread Group 5000 1-4296,text,true,,1864,150,1301,1301,http://localhost:5000/api/product/newProducts/?page=1,16553,0,1538
1717757561136,16551,GetNewProducts,200,OK,Thread Group 5000 1-3386,text,true,,1864,150,1300,1300,http://localhost:5000/api/product/newProducts/?page=1,16551,0,1535
1717757561137,16551,GetNewProducts,200,OK,Thread Group 5000 1-3392,text,true,,1864,150,1299,1299,http://localhost:5000/api/product/newProducts/?page=1,16551,0,1534
1717757561137,16552,GetNewProducts,200,OK,Thread Group 5000 1-4788,text,true,,1864,150,1298,1298,http://localhost:5000/api/product/newProducts/?page=1,16552,0,1534
1717757561138,16551,GetNewProducts,200,OK,Thread Group 5000 1-4819,text,true,,1864,150,1297,1297,http://localhost:5000/api/product/newProducts/?page=1,16551,0,1535
1717757561136,16554,GetNewProducts,200,OK,Thread Group 5000 1-3607,text,true,,1864,150,1296,1296,http://localhost:5000/api/product/newProducts/?page=1,16554,0,1536
1717757561135,16555,GetNewProducts,200,OK,Thread Group 5000 1-4205,text,true,,1864,150,1295,1295,http://localhost:5000/api/product/newProducts/?page=1,16555,0,1536
1717757561139,16552,GetNewProducts,200,OK,Thread Group 5000 1-3473,text,true,,1864,150,1294,1294,http://localhost:5000/api/product/newProducts/?page=1,16552,0,1534
1717757561135,16556,GetNewProducts,200,OK,Thread Group 5000 1-1820,text,true,,1864,150,1293,1293,http://localhost:5000/api/product/newProducts/?page=1,16556,0,1537
1717757561137,16554,GetNewProducts,200,OK,Thread Group 5000 1-4795,text,true,,1864,150,1292,1292,http://localhost:5000/api/product/newProducts/?page=1,16554,0,1535
1717757561137,16555,GetNewProducts,200,OK,Thread Group 5000 1-2462,text,true,,1864,150,1291,1291,http://localhost:5000/api/product/newProducts/?page=1,16555,0,1536
1717757561138,16554,GetNewProducts,200,OK,Thread Group 5000 1-1688,text,true,,1864,150,1290,1290,http://localhost:5000/api/product/newProducts/?page=1,16554,0,1534
1717757561138,16555,GetNewProducts,200,OK,Thread Group 5000 1-4770,text,true,,1864,150,1289,1289,http://localhost:5000/api/product/newProducts/?page=1,16555,0,1535
1717757561136,16557,GetNewProducts,200,OK,Thread Group 5000 1-3597,text,true,,1864,150,1288,1288,http://localhost:5000/api/product/newProducts/?page=1,16557,0,1536
1717757561138,16556,GetNewProducts,200,OK,Thread Group 5000 1-3450,text,true,,1864,150,1287,1287,http://localhost:5000/api/product/newProducts/?page=1,16556,0,1534
1717757561125,16569,GetNewProducts,200,OK,Thread Group 5000 1-3740,text,true,,1864,150,1286,1286,http://localhost:5000/api/product/newProducts/?page=1,16569,0,1546
1717757561138,16557,GetNewProducts,200,OK,Thread Group 5000 1-4851,text,true,,1864,150,1285,1285,http://localhost:5000/api/product/newProducts/?page=1,16557,0,1535
1717757561136,16559,GetNewProducts,200,OK,Thread Group 5000 1-787,text,true,,1864,150,1284,1284,http://localhost:5000/api/product/newProducts/?page=1,16559,0,1537
1717757561127,16569,GetNewProducts,200,OK,Thread Group 5000 1-3877,text,true,,1864,150,1283,1283,http://localhost:5000/api/product/newProducts/?page=1,16569,0,1544
1717757561137,16559,GetNewProducts,200,OK,Thread Group 5000 1-4657,text,true,,1864,150,1282,1282,http://localhost:5000/api/product/newProducts/?page=1,16559,0,1534
1717757561138,16559,GetNewProducts,200,OK,Thread Group 5000 1-3557,text,true,,1864,150,1281,1281,http://localhost:5000/api/product/newProducts/?page=1,16559,0,1533
1717757561139,16558,GetNewProducts,200,OK,Thread Group 5000 1-3537,text,true,,1864,150,1280,1280,http://localhost:5000/api/product/newProducts/?page=1,16558,0,1532
1717757560613,17085,GetNewProducts,200,OK,Thread Group 5000 1-4122,text,true,,1864,150,1279,1279,http://localhost:5000/api/product/newProducts/?page=1,17085,0,2059
1717757561138,16561,GetNewProducts,200,OK,Thread Group 5000 1-3546,text,true,,1864,150,1278,1278,http://localhost:5000/api/product/newProducts/?page=1,16561,0,1534
1717757560617,17082,GetNewProducts,200,OK,Thread Group 5000 1-2069,text,true,,1864,150,1277,1277,http://localhost:5000/api/product/newProducts/?page=1,17082,0,2054
1717757561137,16563,GetNewProducts,200,OK,Thread Group 5000 1-3582,text,true,,1864,150,1276,1276,http://localhost:5000/api/product/newProducts/?page=1,16563,0,1535
1717757560614,17086,GetNewProducts,200,OK,Thread Group 5000 1-2046,text,true,,1864,150,1275,1275,http://localhost:5000/api/product/newProducts/?page=1,17086,0,2058
1717757561126,16575,GetNewProducts,200,OK,Thread Group 5000 1-3907,text,true,,1864,150,1274,1274,http://localhost:5000/api/product/newProducts/?page=1,16575,0,1546
1717757560616,17085,GetNewProducts,200,OK,Thread Group 5000 1-2057,text,true,,1864,150,1273,1273,http://localhost:5000/api/product/newProducts/?page=1,17085,0,2055
1717757561139,16563,GetNewProducts,200,OK,Thread Group 5000 1-4164,text,true,,1864,150,1272,1272,http://localhost:5000/api/product/newProducts/?page=1,16563,0,1532
1717757561139,16563,GetNewProducts,200,OK,Thread Group 5000 1-4625,text,true,,1864,150,1271,1271,http://localhost:5000/api/product/newProducts/?page=1,16563,0,1533
1717757560619,17084,GetNewProducts,200,OK,Thread Group 5000 1-2087,text,true,,1864,150,1270,1270,http://localhost:5000/api/product/newProducts/?page=1,17084,0,2053
1717757560622,17082,GetNewProducts,200,OK,Thread Group 5000 1-2135,text,true,,1864,150,1269,1269,http://localhost:5000/api/product/newProducts/?page=1,17082,0,2050
1717757560620,17084,GetNewProducts,200,OK,Thread Group 5000 1-2099,text,true,,1864,150,1268,1268,http://localhost:5000/api/product/newProducts/?page=1,17084,0,2052
1717757561138,16567,GetNewProducts,200,OK,Thread Group 5000 1-4125,text,true,,1864,150,1267,1267,http://localhost:5000/api/product/newProducts/?page=1,16567,0,1533
1717757560621,17084,GetNewProducts,200,OK,Thread Group 5000 1-2112,text,true,,1864,150,1266,1266,http://localhost:5000/api/product/newProducts/?page=1,17084,0,2050
1717757561139,16567,GetNewProducts,200,OK,Thread Group 5000 1-4614,text,true,,1864,150,1265,1265,http://localhost:5000/api/product/newProducts/?page=1,16567,0,1533
1717757560626,17080,GetNewProducts,200,OK,Thread Group 5000 1-2174,text,true,,1864,150,1264,1264,http://localhost:5000/api/product/newProducts/?page=1,17080,0,2046
1717757561127,16579,GetNewProducts,200,OK,Thread Group 5000 1-4276,text,true,,1864,150,1263,1263,http://localhost:5000/api/product/newProducts/?page=1,16579,0,1545
1717757561139,16568,GetNewProducts,200,OK,Thread Group 5000 1-4843,text,true,,1864,150,1262,1262,http://localhost:5000/api/product/newProducts/?page=1,16568,0,1533
1717757561128,16579,GetNewProducts,200,OK,Thread Group 5000 1-3852,text,true,,1864,150,1261,1261,http://localhost:5000/api/product/newProducts/?page=1,16579,0,1544
1717757561129,16579,GetNewProducts,200,OK,Thread Group 5000 1-3828,text,true,,1864,150,1260,1260,http://localhost:5000/api/product/newProducts/?page=1,16579,0,1543
1717757560628,17081,GetNewProducts,200,OK,Thread Group 5000 1-2189,text,true,,1864,150,1259,1259,http://localhost:5000/api/product/newProducts/?page=1,17081,0,2044
1717757561130,16580,GetNewProducts,200,OK,Thread Group 5000 1-3789,text,true,,1864,150,1258,1258,http://localhost:5000/api/product/newProducts/?page=1,16580,0,1542
1717757561131,16579,GetNewProducts,200,OK,Thread Group 5000 1-3197,text,true,,1864,150,1257,1257,http://localhost:5000/api/product/newProducts/?page=1,16579,0,1541
1717757560624,17087,GetNewProducts,200,OK,Thread Group 5000 1-2155,text,true,,1864,150,1256,1256,http://localhost:5000/api/product/newProducts/?page=1,17087,0,2048
1717757560628,17083,GetNewProducts,200,OK,Thread Group 5000 1-2196,text,true,,1864,150,1255,1255,http://localhost:5000/api/product/newProducts/?page=1,17083,0,2044
1717757561125,16586,GetNewProducts,200,OK,Thread Group 5000 1-3926,text,true,,1864,150,1254,1254,http://localhost:5000/api/product/newProducts/?page=1,16586,0,1548
1717757561132,16580,GetNewProducts,200,OK,Thread Group 5000 1-3262,text,true,,1864,150,1253,1253,http://localhost:5000/api/product/newProducts/?page=1,16580,0,1540
1717757561124,16588,GetNewProducts,200,OK,Thread Group 5000 1-3923,text,true,,1864,150,1252,1252,http://localhost:5000/api/product/newProducts/?page=1,16588,0,1549
1717757561134,16579,GetNewProducts,200,OK,Thread Group 5000 1-3727,text,true,,1864,150,1251,1251,http://localhost:5000/api/product/newProducts/?page=1,16579,0,1539
1717757561135,16578,GetNewProducts,200,OK,Thread Group 5000 1-3657,text,true,,1864,150,1250,1250,http://localhost:5000/api/product/newProducts/?page=1,16578,0,1537
1717757561136,16578,GetNewProducts,200,OK,Thread Group 5000 1-3599,text,true,,1864,150,1249,1249,http://localhost:5000/api/product/newProducts/?page=1,16578,0,1537
1717757561133,16582,GetNewProducts,200,OK,Thread Group 5000 1-3723,text,true,,1864,150,1248,1248,http://localhost:5000/api/product/newProducts/?page=1,16582,0,1540
1717757561138,16577,GetNewProducts,200,OK,Thread Group 5000 1-4108,text,true,,1864,150,1247,1247,http://localhost:5000/api/product/newProducts/?page=1,16577,0,1534
1717757560630,17085,GetNewProducts,200,OK,Thread Group 5000 1-2216,text,true,,1864,150,1246,1246,http://localhost:5000/api/product/newProducts/?page=1,17085,0,2042
1717757561127,16589,GetNewProducts,200,OK,Thread Group 5000 1-3865,text,true,,1864,150,1245,1245,http://localhost:5000/api/product/newProducts/?page=1,16589,0,1545
1717757560631,17085,GetNewProducts,200,OK,Thread Group 5000 1-2226,text,true,,1864,150,1244,1244,http://localhost:5000/api/product/newProducts/?page=1,17085,0,2042
1717757561137,16580,GetNewProducts,200,OK,Thread Group 5000 1-3997,text,true,,1864,150,1243,1243,http://localhost:5000/api/product/newProducts/?page=1,16580,0,1535
1717757561133,16584,GetNewProducts,200,OK,Thread Group 5000 1-4387,text,true,,1864,150,1242,1242,http://localhost:5000/api/product/newProducts/?page=1,16584,0,1540
1717757561137,16581,GetNewProducts,200,OK,Thread Group 5000 1-3569,text,true,,1864,150,1241,1241,http://localhost:5000/api/product/newProducts/?page=1,16581,0,1535
1717757561126,16592,GetNewProducts,200,OK,Thread Group 5000 1-3265,text,true,,1864,150,1240,1240,http://localhost:5000/api/product/newProducts/?page=1,16592,0,1546
1717757560614,17105,GetNewProducts,200,OK,Thread Group 5000 1-2039,text,true,,1864,150,1239,1239,http://localhost:5000/api/product/newProducts/?page=1,17105,0,2059
1717757560617,17103,GetNewProducts,200,OK,Thread Group 5000 1-2075,text,true,,1864,150,1238,1238,http://localhost:5000/api/product/newProducts/?page=1,17103,0,2056
1717757560615,17105,GetNewProducts,200,OK,Thread Group 5000 1-2053,text,true,,1864,150,1237,1237,http://localhost:5000/api/product/newProducts/?page=1,17105,0,2057
1717757560626,17095,GetNewProducts,200,OK,Thread Group 5000 1-2168,text,true,,1864,150,1236,1236,http://localhost:5000/api/product/newProducts/?page=1,17095,0,2047
1717757560622,17099,GetNewProducts,200,OK,Thread Group 5000 1-2129,text,true,,1864,150,1235,1235,http://localhost:5000/api/product/newProducts/?page=1,17099,0,2051
1717757560627,17094,GetNewProducts,200,OK,Thread Group 5000 1-2180,text,true,,1864,150,1234,1234,http://localhost:5000/api/product/newProducts/?page=1,17094,0,2046
1717757560620,17102,GetNewProducts,200,OK,Thread Group 5000 1-2106,text,true,,1864,150,1233,1233,http://localhost:5000/api/product/newProducts/?page=1,17102,0,2053
1717757560619,17103,GetNewProducts,200,OK,Thread Group 5000 1-4213,text,true,,1864,150,1232,1232,http://localhost:5000/api/product/newProducts/?page=1,17103,0,2053
1717757560621,17102,GetNewProducts,200,OK,Thread Group 5000 1-2121,text,true,,1864,150,1231,1231,http://localhost:5000/api/product/newProducts/?page=1,17102,0,2051
1717757560623,17100,GetNewProducts,200,OK,Thread Group 5000 1-4272,text,true,,1864,150,1230,1230,http://localhost:5000/api/product/newProducts/?page=1,17100,0,2050
1717757560635,17089,GetNewProducts,200,OK,Thread Group 5000 1-2264,text,true,,1864,150,1229,1229,http://localhost:5000/api/product/newProducts/?page=1,17089,0,2038
1717757560632,17093,GetNewProducts,200,OK,Thread Group 5000 1-2239,text,true,,1864,150,1228,1228,http://localhost:5000/api/product/newProducts/?page=1,17093,0,2042
1717757561130,16595,GetNewProducts,200,OK,Thread Group 5000 1-4377,text,true,,1864,150,1227,1227,http://localhost:5000/api/product/newProducts/?page=1,16595,0,1543
1717757561139,16587,GetNewProducts,200,OK,Thread Group 5000 1-4616,text,true,,1864,150,1226,1226,http://localhost:5000/api/product/newProducts/?page=1,16587,0,1534
1717757561129,16597,GetNewProducts,200,OK,Thread Group 5000 1-4117,text,true,,1864,150,1225,1225,http://localhost:5000/api/product/newProducts/?page=1,16597,0,1544
1717757560638,17089,GetNewProducts,200,OK,Thread Group 5000 1-2283,text,true,,1864,150,1224,1224,http://localhost:5000/api/product/newProducts/?page=1,17089,0,2036
1717757561128,16599,GetNewProducts,200,OK,Thread Group 5000 1-3348,text,true,,1864,150,1223,1223,http://localhost:5000/api/product/newProducts/?page=1,16599,0,1545
1717757561139,16588,GetNewProducts,200,OK,Thread Group 5000 1-4840,text,true,,1864,150,1222,1222,http://localhost:5000/api/product/newProducts/?page=1,16588,0,1534
1717757561131,16597,GetNewProducts,200,OK,Thread Group 5000 1-3814,text,true,,1864,150,1221,1221,http://localhost:5000/api/product/newProducts/?page=1,16597,0,1543
1717757561130,16598,GetNewProducts,200,OK,Thread Group 5000 1-3811,text,true,,1864,150,1220,1220,http://localhost:5000/api/product/newProducts/?page=1,16598,0,1544
1717757561134,16595,GetNewProducts,200,OK,Thread Group 5000 1-3592,text,true,,1864,150,1219,1219,http://localhost:5000/api/product/newProducts/?page=1,16595,0,1539
1717757561132,16598,GetNewProducts,200,OK,Thread Group 5000 1-3792,text,true,,1864,150,1218,1218,http://localhost:5000/api/product/newProducts/?page=1,16598,0,1541
1717757561134,16597,GetNewProducts,200,OK,Thread Group 5000 1-4232,text,true,,1864,150,1217,1217,http://localhost:5000/api/product/newProducts/?page=1,16597,0,1539
1717757561136,16595,GetNewProducts,200,OK,Thread Group 5000 1-4791,text,true,,1864,150,1216,1216,http://localhost:5000/api/product/newProducts/?page=1,16595,0,1538
1717757561131,16600,GetNewProducts,200,OK,Thread Group 5000 1-3219,text,true,,1864,150,1215,1215,http://localhost:5000/api/product/newProducts/?page=1,16600,0,1543
1717757561136,16596,GetNewProducts,200,OK,Thread Group 5000 1-3616,text,true,,1864,150,1214,1214,http://localhost:5000/api/product/newProducts/?page=1,16596,0,1537
1717757561135,16597,GetNewProducts,200,OK,Thread Group 5000 1-3753,text,true,,1864,150,1213,1213,http://localhost:5000/api/product/newProducts/?page=1,16597,0,1538
1717757560629,17103,GetNewProducts,200,OK,Thread Group 5000 1-2205,text,true,,1864,150,1212,1212,http://localhost:5000/api/product/newProducts/?page=1,17103,0,2044
1717757560634,17099,GetNewProducts,200,OK,Thread Group 5000 1-2256,text,true,,1864,150,1211,1211,http://localhost:5000/api/product/newProducts/?page=1,17099,0,2039
1717757561137,16596,GetNewProducts,200,OK,Thread Group 5000 1-3563,text,true,,1864,150,1210,1210,http://localhost:5000/api/product/newProducts/?page=1,16596,0,1537
1717757560631,17103,GetNewProducts,200,OK,Thread Group 5000 1-2235,text,true,,1864,150,1209,1209,http://localhost:5000/api/product/newProducts/?page=1,17103,0,2043
1717757561137,16598,GetNewProducts,200,OK,Thread Group 5000 1-4036,text,true,,1864,150,1208,1208,http://localhost:5000/api/product/newProducts/?page=1,16598,0,1536
1717757560636,17099,GetNewProducts,200,OK,Thread Group 5000 1-1079,text,true,,1864,150,1207,1207,http://localhost:5000/api/product/newProducts/?page=1,17099,0,2038
1717757561138,16598,GetNewProducts,200,OK,Thread Group 5000 1-3542,text,true,,1864,150,1206,1206,http://localhost:5000/api/product/newProducts/?page=1,16598,0,1536
1717757560630,17106,GetNewProducts,200,OK,Thread Group 5000 1-2227,text,true,,1864,150,1205,1205,http://localhost:5000/api/product/newProducts/?page=1,17106,0,2044
1717757561139,16598,GetNewProducts,200,OK,Thread Group 5000 1-3534,text,true,,1864,150,1204,1204,http://localhost:5000/api/product/newProducts/?page=1,16598,0,1535
1717757560633,17105,GetNewProducts,200,OK,Thread Group 5000 1-2251,text,true,,1864,150,1203,1203,http://localhost:5000/api/product/newProducts/?page=1,17105,0,2041
1717757561078,16660,GetNewProducts,200,OK,Thread Group 5000 1-4482,text,true,,1864,150,1202,1202,http://localhost:5000/api/product/newProducts/?page=1,16660,0,2050
1717757561082,16656,GetNewProducts,200,OK,Thread Group 5000 1-3031,text,true,,1864,150,1201,1201,http://localhost:5000/api/product/newProducts/?page=1,16656,0,2045
1717757560578,17161,GetNewProducts,200,OK,Thread Group 5000 1-3614,text,true,,1864,150,1200,1200,http://localhost:5000/api/product/newProducts/?page=1,17161,0,2549
1717757560572,17168,GetNewProducts,200,OK,Thread Group 5000 1-1718,text,true,,1864,150,1199,1199,http://localhost:5000/api/product/newProducts/?page=1,17168,0,2555
1717757561080,16660,GetNewProducts,200,OK,Thread Group 5000 1-4890,text,true,,1864,150,1198,1198,http://localhost:5000/api/product/newProducts/?page=1,16660,0,2048
1717757561079,16661,GetNewProducts,200,OK,Thread Group 5000 1-4917,text,true,,1864,150,1197,1197,http://localhost:5000/api/product/newProducts/?page=1,16661,0,2049
1717757561086,16655,GetNewProducts,200,OK,Thread Group 5000 1-3642,text,true,,1864,150,1196,1196,http://localhost:5000/api/product/newProducts/?page=1,16655,0,2041
1717757560567,17174,GetNewProducts,200,OK,Thread Group 5000 1-1698,text,true,,1864,150,1195,1195,http://localhost:5000/api/product/newProducts/?page=1,17174,0,2560
1717757560571,17171,GetNewProducts,200,OK,Thread Group 5000 1-1715,text,true,,1864,150,1194,1194,http://localhost:5000/api/product/newProducts/?page=1,17171,0,2556
1717757560577,17165,GetNewProducts,200,OK,Thread Group 5000 1-1750,text,true,,1864,150,1193,1193,http://localhost:5000/api/product/newProducts/?page=1,17165,0,2551
1717757560570,17173,GetNewProducts,200,OK,Thread Group 5000 1-1706,text,true,,1864,150,1192,1192,http://localhost:5000/api/product/newProducts/?page=1,17173,0,2558
1717757560576,17167,GetNewProducts,200,OK,Thread Group 5000 1-1738,text,true,,1864,150,1191,1191,http://localhost:5000/api/product/newProducts/?page=1,17167,0,2552
1717757561092,16652,GetNewProducts,200,OK,Thread Group 5000 1-4613,text,true,,1864,150,1190,1190,http://localhost:5000/api/product/newProducts/?page=1,16652,0,2036
1717757561078,16668,GetNewProducts,200,OK,Thread Group 5000 1-4283,text,true,,1864,150,1189,1189,http://localhost:5000/api/product/newProducts/?page=1,16668,0,2050
1717757561093,16653,GetNewProducts,200,OK,Thread Group 5000 1-4755,text,true,,1864,150,1188,1188,http://localhost:5000/api/product/newProducts/?page=1,16653,0,2035
1717757561078,16669,GetNewProducts,200,OK,Thread Group 5000 1-2173,text,true,,1864,150,1187,1187,http://localhost:5000/api/product/newProducts/?page=1,16669,0,2050
1717757560575,17172,GetNewProducts,200,OK,Thread Group 5000 1-1734,text,true,,1864,150,1186,1186,http://localhost:5000/api/product/newProducts/?page=1,17172,0,2553
1717757560572,17175,GetNewProducts,200,OK,Thread Group 5000 1-1723,text,true,,1864,150,1185,1185,http://localhost:5000/api/product/newProducts/?page=1,17175,0,2556
1717757560575,17173,GetNewProducts,200,OK,Thread Group 5000 1-1732,text,true,,1864,150,1184,1184,http://localhost:5000/api/product/newProducts/?page=1,17173,0,2553
1717757560581,17167,GetNewProducts,200,OK,Thread Group 5000 1-1794,text,true,,1864,150,1183,1183,http://localhost:5000/api/product/newProducts/?page=1,17167,0,2547
1717757560579,17169,GetNewProducts,200,OK,Thread Group 5000 1-1774,text,true,,1864,150,1182,1182,http://localhost:5000/api/product/newProducts/?page=1,17169,0,2549
1717757560567,17182,GetNewProducts,200,OK,Thread Group 5000 1-1702,text,true,,1864,150,1181,1181,http://localhost:5000/api/product/newProducts/?page=1,17182,0,2561
1717757561092,16657,GetNewProducts,200,OK,Thread Group 5000 1-4709,text,true,,1864,150,1180,1180,http://localhost:5000/api/product/newProducts/?page=1,16657,0,2036
1717757560576,17174,GetNewProducts,200,OK,Thread Group 5000 1-1740,text,true,,1864,150,1179,1179,http://localhost:5000/api/product/newProducts/?page=1,17174,0,2552
1717757561084,16667,GetNewProducts,200,OK,Thread Group 5000 1-4681,text,true,,1864,150,1178,1178,http://localhost:5000/api/product/newProducts/?page=1,16667,0,2044
1717757560578,17173,GetNewProducts,200,OK,Thread Group 5000 1-1759,text,true,,1864,150,1177,1177,http://localhost:5000/api/product/newProducts/?page=1,17173,0,2550
1717757560572,17180,GetNewProducts,200,OK,Thread Group 5000 1-1717,text,true,,1864,150,1176,1176,http://localhost:5000/api/product/newProducts/?page=1,17180,0,2557
1717757560580,17172,GetNewProducts,200,OK,Thread Group 5000 1-1777,text,true,,1864,150,1175,1175,http://localhost:5000/api/product/newProducts/?page=1,17172,0,2548
1717757560579,17174,GetNewProducts,200,OK,Thread Group 5000 1-1779,text,true,,1864,150,1174,1174,http://localhost:5000/api/product/newProducts/?page=1,17174,0,2549
1717757561093,16660,GetNewProducts,200,OK,Thread Group 5000 1-2613,text,true,,1864,150,1173,1173,http://localhost:5000/api/product/newProducts/?page=1,16660,0,2035
1717757560572,17181,GetNewProducts,200,OK,Thread Group 5000 1-1727,text,true,,1864,150,1172,1172,http://localhost:5000/api/product/newProducts/?page=1,17181,0,2556
1717757560580,17174,GetNewProducts,200,OK,Thread Group 5000 1-1789,text,true,,1864,150,1171,1171,http://localhost:5000/api/product/newProducts/?page=1,17174,0,2548
1717757560572,17182,GetNewProducts,200,OK,Thread Group 5000 1-3505,text,true,,1864,150,1170,1170,http://localhost:5000/api/product/newProducts/?page=1,17182,0,2557
1717757560578,17177,GetNewProducts,200,OK,Thread Group 5000 1-3605,text,true,,1864,150,1169,1169,http://localhost:5000/api/product/newProducts/?page=1,17177,0,2551
1717757560573,17183,GetNewProducts,200,OK,Thread Group 5000 1-1721,text,true,,1864,150,1168,1168,http://localhost:5000/api/product/newProducts/?page=1,17183,0,2555
1717757560578,17178,GetNewProducts,200,OK,Thread Group 5000 1-1758,text,true,,1864,150,1167,1167,http://localhost:5000/api/product/newProducts/?page=1,17178,0,2550
1717757560574,17183,GetNewProducts,200,OK,Thread Group 5000 1-1728,text,true,,1864,150,1166,1166,http://localhost:5000/api/product/newProducts/?page=1,17183,0,2554
1717757560576,17181,GetNewProducts,200,OK,Thread Group 5000 1-1745,text,true,,1864,150,1165,1165,http://localhost:5000/api/product/newProducts/?page=1,17181,0,2553
1717757560581,17177,GetNewProducts,200,OK,Thread Group 5000 1-1800,text,true,,1864,150,1164,1164,http://localhost:5000/api/product/newProducts/?page=1,17177,0,2548
1717757560578,17180,GetNewProducts,200,OK,Thread Group 5000 1-1762,text,true,,1864,150,1163,1163,http://localhost:5000/api/product/newProducts/?page=1,17180,0,2550
1717757560568,17191,GetNewProducts,200,OK,Thread Group 5000 1-1712,text,true,,1864,150,1162,1162,http://localhost:5000/api/product/newProducts/?page=1,17191,0,2561
1717757561079,16680,GetNewProducts,200,OK,Thread Group 5000 1-3679,text,true,,1864,150,1161,1161,http://localhost:5000/api/product/newProducts/?page=1,16680,0,2050
1717757561081,16678,GetNewProducts,200,OK,Thread Group 5000 1-3442,text,true,,1864,150,1160,1160,http://localhost:5000/api/product/newProducts/?page=1,16678,0,2047
1717757560581,17179,GetNewProducts,200,OK,Thread Group 5000 1-1793,text,true,,1864,150,1159,1159,http://localhost:5000/api/product/newProducts/?page=1,17179,0,2547
1717757561093,16668,GetNewProducts,200,OK,Thread Group 5000 1-4902,text,true,,1864,150,1158,1158,http://localhost:5000/api/product/newProducts/?page=1,16668,0,2036
1717757561081,16680,GetNewProducts,200,OK,Thread Group 5000 1-4559,text,true,,1864,150,1157,1157,http://localhost:5000/api/product/newProducts/?page=1,16680,0,2048
1717757561092,16672,GetNewProducts,200,OK,Thread Group 5000 1-2391,text,true,,1864,150,1156,1156,http://localhost:5000/api/product/newProducts/?page=1,16672,0,2037
1717757560571,17194,GetNewProducts,200,OK,Thread Group 5000 1-777,text,true,,1864,150,1155,1155,http://localhost:5000/api/product/newProducts/?page=1,17194,0,2558
1717757561083,16683,GetNewProducts,200,OK,Thread Group 5000 1-3022,text,true,,1864,150,1154,1154,http://localhost:5000/api/product/newProducts/?page=1,16683,0,2046
1717757560578,17188,GetNewProducts,200,OK,Thread Group 5000 1-1760,text,true,,1864,150,1153,1153,http://localhost:5000/api/product/newProducts/?page=1,17188,0,2551
1717757560580,17186,GetNewProducts,200,OK,Thread Group 5000 1-1784,text,true,,1864,150,1152,1152,http://localhost:5000/api/product/newProducts/?page=1,17186,0,2548
1717757561083,16684,GetNewProducts,200,OK,Thread Group 5000 1-4357,text,true,,1864,150,1151,1151,http://localhost:5000/api/product/newProducts/?page=1,16684,0,2045
1717757561082,16685,GetNewProducts,200,OK,Thread Group 5000 1-3006,text,true,,1864,150,1150,1150,http://localhost:5000/api/product/newProducts/?page=1,16685,0,2047
1717757561080,16688,GetNewProducts,200,OK,Thread Group 5000 1-2980,text,true,,1864,150,1149,1149,http://localhost:5000/api/product/newProducts/?page=1,16688,0,2050
1717757561092,16677,GetNewProducts,200,OK,Thread Group 5000 1-4875,text,true,,1864,150,1148,1148,http://localhost:5000/api/product/newProducts/?page=1,16677,0,2037
1717757561086,16683,GetNewProducts,200,OK,Thread Group 5000 1-3291,text,true,,1864,150,1147,1147,http://localhost:5000/api/product/newProducts/?page=1,16683,0,2043
1717757561092,16677,GetNewProducts,200,OK,Thread Group 5000 1-4856,text,true,,1864,150,1146,1146,http://localhost:5000/api/product/newProducts/?page=1,16677,0,2038
1717757560574,17196,GetNewProducts,200,OK,Thread Group 5000 1-1736,text,true,,1864,150,1145,1145,http://localhost:5000/api/product/newProducts/?page=1,17196,0,2554
1717757561086,16684,GetNewProducts,200,OK,Thread Group 5000 1-4375,text,true,,1864,150,1144,1144,http://localhost:5000/api/product/newProducts/?page=1,16684,0,2043
1717757560576,17194,GetNewProducts,200,OK,Thread Group 5000 1-786,text,true,,1864,150,1143,1143,http://localhost:5000/api/product/newProducts/?page=1,17194,0,2552
1717757561092,16679,GetNewProducts,200,OK,Thread Group 5000 1-4664,text,true,,1864,150,1142,1142,http://localhost:5000/api/product/newProducts/?page=1,16679,0,2038
1717757561082,16689,GetNewProducts,200,OK,Thread Group 5000 1-3172,text,true,,1864,150,1141,1141,http://localhost:5000/api/product/newProducts/?page=1,16689,0,2048
1717757560579,17193,GetNewProducts,200,OK,Thread Group 5000 1-1770,text,true,,1864,150,1140,1140,http://localhost:5000/api/product/newProducts/?page=1,17193,0,2549
1717757561082,16690,GetNewProducts,200,OK,Thread Group 5000 1-4557,text,true,,1864,150,1139,1139,http://localhost:5000/api/product/newProducts/?page=1,16690,0,2048
1717757561092,16681,GetNewProducts,200,OK,Thread Group 5000 1-4952,text,true,,1864,150,1138,1138,http://localhost:5000/api/product/newProducts/?page=1,16681,0,2037
1717757561078,16696,GetNewProducts,200,OK,Thread Group 5000 1-4430,text,true,,1864,150,1137,1137,http://localhost:5000/api/product/newProducts/?page=1,16696,0,2051
1717757560572,17202,GetNewProducts,200,OK,Thread Group 5000 1-1730,text,true,,1864,150,1136,1136,http://localhost:5000/api/product/newProducts/?page=1,17202,0,2557
1717757561092,16683,GetNewProducts,200,OK,Thread Group 5000 1-4705,text,true,,1864,150,1135,1135,http://localhost:5000/api/product/newProducts/?page=1,16683,0,2038
1717757561093,16682,GetNewProducts,200,OK,Thread Group 5000 1-4780,text,true,,1864,150,1134,1134,http://localhost:5000/api/product/newProducts/?page=1,16682,0,2037
1717757560574,17202,GetNewProducts,200,OK,Thread Group 5000 1-1737,text,true,,1864,150,1133,1133,http://localhost:5000/api/product/newProducts/?page=1,17202,0,2556
1717757560572,17204,GetNewProducts,200,OK,Thread Group 5000 1-1719,text,true,,1864,150,1132,1132,http://localhost:5000/api/product/newProducts/?page=1,17204,0,2556
1717757560566,17210,GetNewProducts,200,OK,Thread Group 5000 1-1665,text,true,,1864,150,1131,1131,http://localhost:5000/api/product/newProducts/?page=1,17210,0,2564
1717757560579,17198,GetNewProducts,200,OK,Thread Group 5000 1-1771,text,true,,1864,150,1130,1130,http://localhost:5000/api/product/newProducts/?page=1,17198,0,2550
1717757560577,17200,GetNewProducts,200,OK,Thread Group 5000 1-3585,text,true,,1864,150,1129,1129,http://localhost:5000/api/product/newProducts/?page=1,17200,0,2553
1717757560567,17212,GetNewProducts,200,OK,Thread Group 5000 1-769,text,true,,1864,150,1128,1128,http://localhost:5000/api/product/newProducts/?page=1,17212,0,2563
1717757560578,17201,GetNewProducts,200,OK,Thread Group 5000 1-1754,text,true,,1864,150,1127,1127,http://localhost:5000/api/product/newProducts/?page=1,17201,0,2550
1717757561092,16688,GetNewProducts,200,OK,Thread Group 5000 1-4779,text,true,,1864,150,1126,1126,http://localhost:5000/api/product/newProducts/?page=1,16688,0,2037
1717757561081,16699,GetNewProducts,200,OK,Thread Group 5000 1-4402,text,true,,1864,150,1125,1125,http://localhost:5000/api/product/newProducts/?page=1,16699,0,2047
1717757561081,16699,GetNewProducts,200,OK,Thread Group 5000 1-3398,text,true,,1864,150,1124,1124,http://localhost:5000/api/product/newProducts/?page=1,16699,0,2048
1717757560568,17213,GetNewProducts,200,OK,Thread Group 5000 1-1708,text,true,,1864,150,1123,1123,http://localhost:5000/api/product/newProducts/?page=1,17213,0,2562
1717757561084,16697,GetNewProducts,200,OK,Thread Group 5000 1-4568,text,true,,1864,150,1122,1122,http://localhost:5000/api/product/newProducts/?page=1,16697,0,2046
1717757560577,17204,GetNewProducts,200,OK,Thread Group 5000 1-1751,text,true,,1864,150,1121,1121,http://localhost:5000/api/product/newProducts/?page=1,17204,0,2552
1717757560567,17215,GetNewProducts,200,OK,Thread Group 5000 1-3426,text,true,,1864,150,1120,1120,http://localhost:5000/api/product/newProducts/?page=1,17215,0,2562
1717757560581,17201,GetNewProducts,200,OK,Thread Group 5000 1-1791,text,true,,1864,150,1119,1119,http://localhost:5000/api/product/newProducts/?page=1,17201,0,2548
1717757560580,17203,GetNewProducts,200,OK,Thread Group 5000 1-1772,text,true,,1864,150,1118,1118,http://localhost:5000/api/product/newProducts/?page=1,17203,0,2550
1717757561085,16698,GetNewProducts,200,OK,Thread Group 5000 1-3299,text,true,,1864,150,1117,1117,http://localhost:5000/api/product/newProducts/?page=1,16698,0,2044
1717757560581,17203,GetNewProducts,200,OK,Thread Group 5000 1-1792,text,true,,1864,150,1116,1116,http://localhost:5000/api/product/newProducts/?page=1,17203,0,2549
1717757561093,16691,GetNewProducts,200,OK,Thread Group 5000 1-4743,text,true,,1864,150,1115,1115,http://localhost:5000/api/product/newProducts/?page=1,16691,0,2036
1717757560580,17205,GetNewProducts,200,OK,Thread Group 5000 1-1787,text,true,,1864,150,1114,1114,http://localhost:5000/api/product/newProducts/?page=1,17205,0,2549
1717757560579,17207,GetNewProducts,200,OK,Thread Group 5000 1-1775,text,true,,1864,150,1113,1113,http://localhost:5000/api/product/newProducts/?page=1,17207,0,2550
1717757561092,16694,GetNewProducts,200,OK,Thread Group 5000 1-4735,text,true,,1864,150,1112,1112,http://localhost:5000/api/product/newProducts/?page=1,16694,0,2037
1717757560575,17212,GetNewProducts,200,OK,Thread Group 5000 1-1731,text,true,,1864,150,1111,1111,http://localhost:5000/api/product/newProducts/?page=1,17212,0,2554
1717757560580,17207,GetNewProducts,200,OK,Thread Group 5000 1-1780,text,true,,1864,150,1110,1110,http://localhost:5000/api/product/newProducts/?page=1,17207,0,2550
1717757560578,17209,GetNewProducts,200,OK,Thread Group 5000 1-1761,text,true,,1864,150,1109,1109,http://localhost:5000/api/product/newProducts/?page=1,17209,0,2552
1717757561080,16708,GetNewProducts,200,OK,Thread Group 5000 1-3347,text,true,,1864,150,1108,1108,http://localhost:5000/api/product/newProducts/?page=1,16708,0,2049
1717757560576,17213,GetNewProducts,200,OK,Thread Group 5000 1-1743,text,true,,1864,150,1107,1107,http://localhost:5000/api/product/newProducts/?page=1,17213,0,2553
1717757561093,16696,GetNewProducts,200,OK,Thread Group 5000 1-4802,text,true,,1864,150,1106,1106,http://localhost:5000/api/product/newProducts/?page=1,16696,0,2036
1717757560579,17210,GetNewProducts,200,OK,Thread Group 5000 1-3627,text,true,,1864,150,1105,1105,http://localhost:5000/api/product/newProducts/?page=1,17210,0,2550
1717757560570,17220,GetNewProducts,200,OK,Thread Group 5000 1-1707,text,true,,1864,150,1104,1104,http://localhost:5000/api/product/newProducts/?page=1,17220,0,2559
1717757560567,17223,GetNewProducts,200,OK,Thread Group 5000 1-1703,text,true,,1864,150,1103,1103,http://localhost:5000/api/product/newProducts/?page=1,17223,0,2562
1717757560573,17218,GetNewProducts,200,OK,Thread Group 5000 1-1725,text,true,,1864,150,1102,1102,http://localhost:5000/api/product/newProducts/?page=1,17218,0,2557
1717757560577,17214,GetNewProducts,200,OK,Thread Group 5000 1-1756,text,true,,1864,150,1101,1101,http://localhost:5000/api/product/newProducts/?page=1,17214,0,2553
1717757561093,16698,GetNewProducts,200,OK,Thread Group 5000 1-4797,text,true,,1864,150,1100,1100,http://localhost:5000/api/product/newProducts/?page=1,16698,0,2036
1717757561093,16699,GetNewProducts,200,OK,Thread Group 5000 1-4671,text,true,,1864,150,1099,1099,http://localhost:5000/api/product/newProducts/?page=1,16699,0,2036
1717757561084,16709,GetNewProducts,200,OK,Thread Group 5000 1-3367,text,true,,1864,150,1098,1098,http://localhost:5000/api/product/newProducts/?page=1,16709,0,2045
1717757561093,16701,GetNewProducts,200,OK,Thread Group 5000 1-4992,text,true,,1864,150,1097,1097,http://localhost:5000/api/product/newProducts/?page=1,16701,0,2037
1717757560573,17221,GetNewProducts,200,OK,Thread Group 5000 1-1733,text,true,,1864,150,1096,1096,http://localhost:5000/api/product/newProducts/?page=1,17221,0,2557
1717757560571,17224,GetNewProducts,200,OK,Thread Group 5000 1-1711,text,true,,1864,150,1095,1095,http://localhost:5000/api/product/newProducts/?page=1,17224,0,2558
1717757561078,16717,GetNewProducts,200,OK,Thread Group 5000 1-4937,text,true,,1864,150,1094,1094,http://localhost:5000/api/product/newProducts/?page=1,16717,0,2052
1717757561093,16703,GetNewProducts,200,OK,Thread Group 5000 1-4899,text,true,,1864,150,1093,1093,http://localhost:5000/api/product/newProducts/?page=1,16703,0,2036
1717757561092,16704,GetNewProducts,200,OK,Thread Group 5000 1-4669,text,true,,1864,150,1092,1092,http://localhost:5000/api/product/newProducts/?page=1,16704,0,2037
1717757561092,16705,GetNewProducts,200,OK,Thread Group 5000 1-4876,text,true,,1864,150,1091,1091,http://localhost:5000/api/product/newProducts/?page=1,16705,0,2038
1717757560578,17219,GetNewProducts,200,OK,Thread Group 5000 1-802,text,true,,1864,150,1090,1090,http://localhost:5000/api/product/newProducts/?page=1,17219,0,2551
1717757560580,17217,GetNewProducts,200,OK,Thread Group 5000 1-1788,text,true,,1864,150,1089,1089,http://localhost:5000/api/product/newProducts/?page=1,17217,0,2550
1717757561084,16714,GetNewProducts,200,OK,Thread Group 5000 1-3073,text,true,,1864,150,1088,1088,http://localhost:5000/api/product/newProducts/?page=1,16714,0,2046
1717757560581,17218,GetNewProducts,200,OK,Thread Group 5000 1-1797,text,true,,1864,150,1087,1087,http://localhost:5000/api/product/newProducts/?page=1,17218,0,2549
1717757560580,17219,GetNewProducts,200,OK,Thread Group 5000 1-1773,text,true,,1864,150,1086,1086,http://localhost:5000/api/product/newProducts/?page=1,17219,0,2550
1717757561081,16719,GetNewProducts,200,OK,Thread Group 5000 1-2544,text,true,,1864,150,1085,1085,http://localhost:5000/api/product/newProducts/?page=1,16719,0,2049
1717757560576,17224,GetNewProducts,200,OK,Thread Group 5000 1-1746,text,true,,1864,150,1084,1084,http://localhost:5000/api/product/newProducts/?page=1,17224,0,2553
1717757561091,16710,GetNewProducts,200,OK,Thread Group 5000 1-4610,text,true,,1864,150,1083,1083,http://localhost:5000/api/product/newProducts/?page=1,16710,0,2038
1717757560574,17227,GetNewProducts,200,OK,Thread Group 5000 1-1729,text,true,,1864,150,1082,1082,http://localhost:5000/api/product/newProducts/?page=1,17227,0,2556
1717757560579,17222,GetNewProducts,200,OK,Thread Group 5000 1-1783,text,true,,1864,150,1081,1081,http://localhost:5000/api/product/newProducts/?page=1,17222,0,2550
1717757561093,16709,GetNewProducts,200,OK,Thread Group 5000 1-4643,text,true,,1864,150,1080,1080,http://localhost:5000/api/product/newProducts/?page=1,16709,0,2036
1717757560569,17233,GetNewProducts,200,OK,Thread Group 5000 1-1716,text,true,,1864,150,1079,1079,http://localhost:5000/api/product/newProducts/?page=1,17233,0,2561
1717757560575,17228,GetNewProducts,200,OK,Thread Group 5000 1-1739,text,true,,1864,150,1078,1078,http://localhost:5000/api/product/newProducts/?page=1,17228,0,2554
1717757561092,16711,GetNewProducts,200,OK,Thread Group 5000 1-4848,text,true,,1864,150,1077,1077,http://localhost:5000/api/product/newProducts/?page=1,16711,0,2038
1717757561093,16711,GetNewProducts,200,OK,Thread Group 5000 1-4891,text,true,,1864,150,1076,1076,http://localhost:5000/api/product/newProducts/?page=1,16711,0,2036
1717757560566,17238,GetNewProducts,200,OK,Thread Group 5000 1-1692,text,true,,1864,150,1075,1075,http://localhost:5000/api/product/newProducts/?page=1,17238,0,2564
1717757560576,17229,GetNewProducts,200,OK,Thread Group 5000 1-3568,text,true,,1864,150,1074,1074,http://localhost:5000/api/product/newProducts/?page=1,17229,0,2554
1717757561078,16728,GetNewProducts,200,OK,Thread Group 5000 1-4312,text,true,,1864,150,1073,1073,http://localhost:5000/api/product/newProducts/?page=1,16728,0,2052
1717757561079,16727,GetNewProducts,200,OK,Thread Group 5000 1-4504,text,true,,1864,150,1072,1072,http://localhost:5000/api/product/newProducts/?page=1,16727,0,2051
1717757561081,16725,GetNewProducts,200,OK,Thread Group 5000 1-2994,text,true,,1864,150,1071,1071,http://localhost:5000/api/product/newProducts/?page=1,16725,0,2048
1717757561082,16725,GetNewProducts,200,OK,Thread Group 5000 1-4345,text,true,,1864,150,1070,1070,http://localhost:5000/api/product/newProducts/?page=1,16725,0,2048
1717757560577,17230,GetNewProducts,200,OK,Thread Group 5000 1-1752,text,true,,1864,150,1069,1069,http://localhost:5000/api/product/newProducts/?page=1,17230,0,2553
1717757560581,17227,GetNewProducts,200,OK,Thread Group 5000 1-1790,text,true,,1864,150,1068,1068,http://localhost:5000/api/product/newProducts/?page=1,17227,0,2548
1717757560573,17236,GetNewProducts,200,OK,Thread Group 5000 1-1720,text,true,,1864,150,1067,1067,http://localhost:5000/api/product/newProducts/?page=1,17236,0,2557
1717757561083,16726,GetNewProducts,200,OK,Thread Group 5000 1-4399,text,true,,1864,150,1066,1066,http://localhost:5000/api/product/newProducts/?page=1,16726,0,2046
1717757560568,17241,GetNewProducts,200,OK,Thread Group 5000 1-1704,text,true,,1864,150,1065,1065,http://localhost:5000/api/product/newProducts/?page=1,17241,0,2562
1717757561080,16730,GetNewProducts,200,OK,Thread Group 5000 1-2964,text,true,,1864,150,1064,1064,http://localhost:5000/api/product/newProducts/?page=1,16730,0,2050
1717757560581,17229,GetNewProducts,200,OK,Thread Group 5000 1-1799,text,true,,1864,150,1063,1063,http://localhost:5000/api/product/newProducts/?page=1,17229,0,2548
1717757561083,16728,GetNewProducts,200,OK,Thread Group 5000 1-4561,text,true,,1864,150,1062,1062,http://localhost:5000/api/product/newProducts/?page=1,16728,0,2047
1717757560578,17233,GetNewProducts,200,OK,Thread Group 5000 1-1764,text,true,,1864,150,1061,1061,http://localhost:5000/api/product/newProducts/?page=1,17233,0,2552
1717757561091,16721,GetNewProducts,200,OK,Thread Group 5000 1-4742,text,true,,1864,150,1060,1060,http://localhost:5000/api/product/newProducts/?page=1,16721,0,2038
1717757560579,17233,GetNewProducts,200,OK,Thread Group 5000 1-3625,text,true,,1864,150,1059,1059,http://localhost:5000/api/product/newProducts/?page=1,17233,0,2551
1717757561092,16721,GetNewProducts,200,OK,Thread Group 5000 1-4668,text,true,,1864,150,1058,1058,http://localhost:5000/api/product/newProducts/?page=1,16721,0,2038
1717757560573,17241,GetNewProducts,200,OK,Thread Group 5000 1-1724,text,true,,1864,150,1057,1057,http://localhost:5000/api/product/newProducts/?page=1,17241,0,2557
1717757560579,17235,GetNewProducts,200,OK,Thread Group 5000 1-1778,text,true,,1864,150,1056,1056,http://localhost:5000/api/product/newProducts/?page=1,17235,0,2550
1717757561093,16721,GetNewProducts,200,OK,Thread Group 5000 1-4782,text,true,,1864,150,1055,1055,http://localhost:5000/api/product/newProducts/?page=1,16721,0,2036
1717757561093,16722,GetNewProducts,200,OK,Thread Group 5000 1-4714,text,true,,1864,150,1054,1054,http://localhost:5000/api/product/newProducts/?page=1,16722,0,2036
1717757560579,17236,GetNewProducts,200,OK,Thread Group 5000 1-1767,text,true,,1864,150,1053,1053,http://localhost:5000/api/product/newProducts/?page=1,17236,0,2550
1717757560570,17246,GetNewProducts,200,OK,Thread Group 5000 1-1710,text,true,,1864,150,1052,1052,http://localhost:5000/api/product/newProducts/?page=1,17246,0,2559
1717757561078,16738,GetNewProducts,200,OK,Thread Group 5000 1-4262,text,true,,1864,150,1051,1051,http://localhost:5000/api/product/newProducts/?page=1,16738,0,2051
1717757560579,17238,GetNewProducts,200,OK,Thread Group 5000 1-1769,text,true,,1864,150,1050,1050,http://localhost:5000/api/product/newProducts/?page=1,17238,0,2551
1717757560577,17240,GetNewProducts,200,OK,Thread Group 5000 1-1753,text,true,,1864,150,1049,1049,http://localhost:5000/api/product/newProducts/?page=1,17240,0,2553
1717757560580,17238,GetNewProducts,200,OK,Thread Group 5000 1-1781,text,true,,1864,150,1048,1048,http://localhost:5000/api/product/newProducts/?page=1,17238,0,2550
1717757560576,17242,GetNewProducts,200,OK,Thread Group 5000 1-1744,text,true,,1864,150,1047,1047,http://localhost:5000/api/product/newProducts/?page=1,17242,0,2554
1717757561092,16727,GetNewProducts,200,OK,Thread Group 5000 1-1164,text,true,,1864,150,1046,1046,http://localhost:5000/api/product/newProducts/?page=1,16727,0,2038
1717757561086,16733,GetNewProducts,200,OK,Thread Group 5000 1-4591,text,true,,1864,150,1045,1045,http://localhost:5000/api/product/newProducts/?page=1,16733,0,2043
1717757561092,16728,GetNewProducts,200,OK,Thread Group 5000 1-4991,text,true,,1864,150,1044,1044,http://localhost:5000/api/product/newProducts/?page=1,16728,0,2037
1717757560572,17248,GetNewProducts,200,OK,Thread Group 5000 1-1722,text,true,,1864,150,1043,1043,http://localhost:5000/api/product/newProducts/?page=1,17248,0,2557
1717757561092,16729,GetNewProducts,200,OK,Thread Group 5000 1-4994,text,true,,1864,150,1042,1042,http://localhost:5000/api/product/newProducts/?page=1,16729,0,2037
1717757560580,17241,GetNewProducts,200,OK,Thread Group 5000 1-1776,text,true,,1864,150,1041,1041,http://localhost:5000/api/product/newProducts/?page=1,17241,0,2550
1717757560581,17241,GetNewProducts,200,OK,Thread Group 5000 1-3655,text,true,,1864,150,1040,1040,http://localhost:5000/api/product/newProducts/?page=1,17241,0,2548
1717757561080,16742,GetNewProducts,200,OK,Thread Group 5000 1-3490,text,true,,1864,150,1039,1039,http://localhost:5000/api/product/newProducts/?page=1,16742,0,2049
1717757560576,17247,GetNewProducts,200,OK,Thread Group 5000 1-1742,text,true,,1864,150,1038,1038,http://localhost:5000/api/product/newProducts/?page=1,17247,0,2553
1717757561092,16732,GetNewProducts,200,OK,Thread Group 5000 1-4968,text,true,,1864,150,1037,1037,http://localhost:5000/api/product/newProducts/?page=1,16732,0,2038
1717757561093,16731,GetNewProducts,200,OK,Thread Group 5000 1-4650,text,true,,1864,150,1036,1036,http://localhost:5000/api/product/newProducts/?page=1,16731,0,2036
1717757561080,16744,GetNewProducts,200,OK,Thread Group 5000 1-4892,text,true,,1864,150,1035,1035,http://localhost:5000/api/product/newProducts/?page=1,16744,0,2050
1717757560577,17248,GetNewProducts,200,OK,Thread Group 5000 1-1749,text,true,,1864,150,1034,1034,http://localhost:5000/api/product/newProducts/?page=1,17248,0,2553
1717757561083,16742,GetNewProducts,200,OK,Thread Group 5000 1-4361,text,true,,1864,150,1033,1033,http://localhost:5000/api/product/newProducts/?page=1,16742,0,2047
1717757560568,17258,GetNewProducts,200,OK,Thread Group 5000 1-1713,text,true,,1864,150,1032,1032,http://localhost:5000/api/product/newProducts/?page=1,17258,0,2562
1717757560567,17259,GetNewProducts,200,OK,Thread Group 5000 1-1701,text,true,,1864,150,1031,1031,http://localhost:5000/api/product/newProducts/?page=1,17259,0,2563
1717757560579,17248,GetNewProducts,200,OK,Thread Group 5000 1-1768,text,true,,1864,150,1030,1030,http://localhost:5000/api/product/newProducts/?page=1,17248,0,2551
1717757561093,16735,GetNewProducts,200,OK,Thread Group 5000 1-4832,text,true,,1864,150,1029,1029,http://localhost:5000/api/product/newProducts/?page=1,16735,0,2037
1717757561081,16747,GetNewProducts,200,OK,Thread Group 5000 1-4554,text,true,,1864,150,1028,1028,http://localhost:5000/api/product/newProducts/?page=1,16747,0,2048
1717757561079,16750,GetNewProducts,200,OK,Thread Group 5000 1-4675,text,true,,1864,150,1027,1027,http://localhost:5000/api/product/newProducts/?page=1,16750,0,2050
1717757560567,17262,GetNewProducts,200,OK,Thread Group 5000 1-1693,text,true,,1864,150,1026,1026,http://localhost:5000/api/product/newProducts/?page=1,17262,0,2563
1717757560577,17253,GetNewProducts,200,OK,Thread Group 5000 1-1757,text,true,,1864,150,1025,1025,http://localhost:5000/api/product/newProducts/?page=1,17253,0,2553
1717757560577,17253,GetNewProducts,200,OK,Thread Group 5000 1-3583,text,true,,1864,150,1024,1024,http://localhost:5000/api/product/newProducts/?page=1,17253,0,2552
1717757561082,16748,GetNewProducts,200,OK,Thread Group 5000 1-2991,text,true,,1864,150,1023,1023,http://localhost:5000/api/product/newProducts/?page=1,16748,0,2047
1717757561093,16738,GetNewProducts,200,OK,Thread Group 5000 1-4649,text,true,,1864,150,1022,1022,http://localhost:5000/api/product/newProducts/?page=1,16738,0,2037
1717757560580,17251,GetNewProducts,200,OK,Thread Group 5000 1-785,text,true,,1864,150,1021,1021,http://localhost:5000/api/product/newProducts/?page=1,17251,0,2550
1717757561093,16739,GetNewProducts,200,OK,Thread Group 5000 1-2510,text,true,,1864,150,1020,1020,http://localhost:5000/api/product/newProducts/?page=1,16739,0,2036
1717757561092,16741,GetNewProducts,200,OK,Thread Group 5000 1-4919,text,true,,1864,150,1019,1019,http://localhost:5000/api/product/newProducts/?page=1,16741,0,2037
1717757560580,17253,GetNewProducts,200,OK,Thread Group 5000 1-1786,text,true,,1864,150,1018,1018,http://localhost:5000/api/product/newProducts/?page=1,17253,0,2549
1717757561085,16749,GetNewProducts,200,OK,Thread Group 5000 1-4602,text,true,,1864,150,1017,1017,http://localhost:5000/api/product/newProducts/?page=1,16749,0,2044
1717757561092,16742,GetNewProducts,200,OK,Thread Group 5000 1-4618,text,true,,1864,150,1016,1016,http://localhost:5000/api/product/newProducts/?page=1,16742,0,2037
1717757561079,16756,GetNewProducts,200,OK,Thread Group 5000 1-4311,text,true,,1864,150,1015,1015,http://localhost:5000/api/product/newProducts/?page=1,16756,0,2050
1717757561084,16751,GetNewProducts,200,OK,Thread Group 5000 1-4682,text,true,,1864,150,1014,1014,http://localhost:5000/api/product/newProducts/?page=1,16751,0,2045
1717757560566,17270,GetNewProducts,200,OK,Thread Group 5000 1-1697,text,true,,1864,150,1013,1013,http://localhost:5000/api/product/newProducts/?page=1,17270,0,2564
1717757561081,16755,GetNewProducts,200,OK,Thread Group 5000 1-4829,text,true,,1864,150,1012,1012,http://localhost:5000/api/product/newProducts/?page=1,16755,0,2049
1717757561092,16744,GetNewProducts,200,OK,Thread Group 5000 1-4726,text,true,,1864,150,1011,1011,http://localhost:5000/api/product/newProducts/?page=1,16744,0,2037
1717757561085,16752,GetNewProducts,200,OK,Thread Group 5000 1-3588,text,true,,1864,150,1010,1010,http://localhost:5000/api/product/newProducts/?page=1,16752,0,2045
1717757561092,16746,GetNewProducts,200,OK,Thread Group 5000 1-4621,text,true,,1864,150,1009,1009,http://localhost:5000/api/product/newProducts/?page=1,16746,0,2038
1717757560583,17255,GetNewProducts,200,OK,Thread Group 5000 1-3688,text,true,,1864,150,1008,1008,http://localhost:5000/api/product/newProducts/?page=1,17255,0,2560
1717757561082,16757,GetNewProducts,200,OK,Thread Group 5000 1-4751,text,true,,1864,150,1007,1007,http://localhost:5000/api/product/newProducts/?page=1,16757,0,2047
1717757560595,17244,GetNewProducts,200,OK,Thread Group 5000 1-1908,text,true,,1864,150,1006,1006,http://localhost:5000/api/product/newProducts/?page=1,17244,0,2548
1717757560581,17258,GetNewProducts,200,OK,Thread Group 5000 1-1795,text,true,,1864,150,1005,1005,http://localhost:5000/api/product/newProducts/?page=1,17258,0,2562
1717757560584,17256,GetNewProducts,200,OK,Thread Group 5000 1-825,text,true,,1864,150,1004,1004,http://localhost:5000/api/product/newProducts/?page=1,17256,0,2559
1717757560582,17258,GetNewProducts,200,OK,Thread Group 5000 1-1798,text,true,,1864,150,1003,1003,http://localhost:5000/api/product/newProducts/?page=1,17258,0,2561
1717757560596,17245,GetNewProducts,200,OK,Thread Group 5000 1-862,text,true,,1864,150,1002,1002,http://localhost:5000/api/product/newProducts/?page=1,17245,0,2547
1717757560583,17258,GetNewProducts,200,OK,Thread Group 5000 1-1813,text,true,,1864,150,1001,1001,http://localhost:5000/api/product/newProducts/?page=1,17258,0,2560
1717757560584,17258,GetNewProducts,200,OK,Thread Group 5000 1-1824,text,true,,1864,150,1000,1000,http://localhost:5000/api/product/newProducts/?page=1,17258,0,2559
1717757560586,17257,GetNewProducts,200,OK,Thread Group 5000 1-1837,text,true,,1864,150,999,999,http://localhost:5000/api/product/newProducts/?page=1,17257,0,2558
1717757560582,17261,GetNewProducts,200,OK,Thread Group 5000 1-1802,text,true,,1864,150,998,998,http://localhost:5000/api/product/newProducts/?page=1,17261,0,2561
1717757560585,17259,GetNewProducts,200,OK,Thread Group 5000 1-1833,text,true,,1864,150,997,997,http://localhost:5000/api/product/newProducts/?page=1,17259,0,2559
1717757560596,17248,GetNewProducts,200,OK,Thread Group 5000 1-1912,text,true,,1864,150,996,996,http://localhost:5000/api/product/newProducts/?page=1,17248,0,2548
1717757560583,17262,GetNewProducts,200,OK,Thread Group 5000 1-3678,text,true,,1864,150,995,995,http://localhost:5000/api/product/newProducts/?page=1,17262,0,2560
1717757560583,17262,GetNewProducts,200,OK,Thread Group 5000 1-1817,text,true,,1864,150,994,994,http://localhost:5000/api/product/newProducts/?page=1,17262,0,2561
1717757560601,17244,GetNewProducts,200,OK,Thread Group 5000 1-1940,text,true,,1864,150,993,993,http://localhost:5000/api/product/newProducts/?page=1,17244,0,2543
1717757560584,17262,GetNewProducts,200,OK,Thread Group 5000 1-1821,text,true,,1864,150,992,992,http://localhost:5000/api/product/newProducts/?page=1,17262,0,2560
1717757560582,17264,GetNewProducts,200,OK,Thread Group 5000 1-3668,text,true,,1864,150,991,991,http://localhost:5000/api/product/newProducts/?page=1,17264,0,2562
1717757560582,17264,GetNewProducts,200,OK,Thread Group 5000 1-1814,text,true,,1864,150,990,990,http://localhost:5000/api/product/newProducts/?page=1,17264,0,2561
1717757560583,17265,GetNewProducts,200,OK,Thread Group 5000 1-3686,text,true,,1864,150,989,989,http://localhost:5000/api/product/newProducts/?page=1,17265,0,2560
1717757560582,17266,GetNewProducts,200,OK,Thread Group 5000 1-1811,text,true,,1864,150,988,988,http://localhost:5000/api/product/newProducts/?page=1,17266,0,2561
1717757560582,17267,GetNewProducts,200,OK,Thread Group 5000 1-1801,text,true,,1864,150,987,987,http://localhost:5000/api/product/newProducts/?page=1,17267,0,2562
1717757560586,17263,GetNewProducts,200,OK,Thread Group 5000 1-1835,text,true,,1864,150,986,986,http://localhost:5000/api/product/newProducts/?page=1,17263,0,2557
1717757560594,17256,GetNewProducts,200,OK,Thread Group 5000 1-1903,text,true,,1864,150,985,985,http://localhost:5000/api/product/newProducts/?page=1,17256,0,2549
1717757560585,17265,GetNewProducts,200,OK,Thread Group 5000 1-1828,text,true,,1864,150,984,984,http://localhost:5000/api/product/newProducts/?page=1,17265,0,2559
1717757560585,17265,GetNewProducts,200,OK,Thread Group 5000 1-1829,text,true,,1864,150,983,983,http://localhost:5000/api/product/newProducts/?page=1,17265,0,2559
1717757560604,17247,GetNewProducts,200,OK,Thread Group 5000 1-1947,text,true,,1864,150,982,982,http://localhost:5000/api/product/newProducts/?page=1,17247,0,2539
1717757560600,17251,GetNewProducts,200,OK,Thread Group 5000 1-1923,text,true,,1864,150,981,981,http://localhost:5000/api/product/newProducts/?page=1,17251,0,2544
1717757560594,17257,GetNewProducts,200,OK,Thread Group 5000 1-1901,text,true,,1864,150,980,980,http://localhost:5000/api/product/newProducts/?page=1,17257,0,2550
1717757560594,17258,GetNewProducts,200,OK,Thread Group 5000 1-876,text,true,,1864,150,979,979,http://localhost:5000/api/product/newProducts/?page=1,17258,0,2550
1717757560582,17271,GetNewProducts,200,OK,Thread Group 5000 1-1805,text,true,,1864,150,978,978,http://localhost:5000/api/product/newProducts/?page=1,17271,0,2562
1717757560582,17272,GetNewProducts,200,OK,Thread Group 5000 1-1808,text,true,,1864,150,977,977,http://localhost:5000/api/product/newProducts/?page=1,17272,0,2562
1717757560585,17269,GetNewProducts,200,OK,Thread Group 5000 1-1832,text,true,,1864,150,976,976,http://localhost:5000/api/product/newProducts/?page=1,17269,0,2560
1717757560584,17271,GetNewProducts,200,OK,Thread Group 5000 1-824,text,true,,1864,150,975,975,http://localhost:5000/api/product/newProducts/?page=1,17271,0,2560
1717757560594,17262,GetNewProducts,200,OK,Thread Group 5000 1-1904,text,true,,1864,150,974,974,http://localhost:5000/api/product/newProducts/?page=1,17262,0,2551
1717757560583,17273,GetNewProducts,200,OK,Thread Group 5000 1-1815,text,true,,1864,150,973,973,http://localhost:5000/api/product/newProducts/?page=1,17273,0,2561
1717757560594,17262,GetNewProducts,200,OK,Thread Group 5000 1-1905,text,true,,1864,150,972,972,http://localhost:5000/api/product/newProducts/?page=1,17262,0,2551
1717757560584,17273,GetNewProducts,200,OK,Thread Group 5000 1-1823,text,true,,1864,150,971,971,http://localhost:5000/api/product/newProducts/?page=1,17273,0,2560
1717757560582,17275,GetNewProducts,200,OK,Thread Group 5000 1-1803,text,true,,1864,150,970,970,http://localhost:5000/api/product/newProducts/?page=1,17275,0,2562
1717757560586,17272,GetNewProducts,200,OK,Thread Group 5000 1-1836,text,true,,1864,150,969,969,http://localhost:5000/api/product/newProducts/?page=1,17272,0,2559
1717757560585,17273,GetNewProducts,200,OK,Thread Group 5000 1-1830,text,true,,1864,150,968,968,http://localhost:5000/api/product/newProducts/?page=1,17273,0,2559
1717757560586,17273,GetNewProducts,200,OK,Thread Group 5000 1-1834,text,true,,1864,150,967,967,http://localhost:5000/api/product/newProducts/?page=1,17273,0,2558
1717757560605,17254,GetNewProducts,200,OK,Thread Group 5000 1-1950,text,true,,1864,150,966,966,http://localhost:5000/api/product/newProducts/?page=1,17254,0,2539
1717757560584,17275,GetNewProducts,200,OK,Thread Group 5000 1-1825,text,true,,1864,150,965,965,http://localhost:5000/api/product/newProducts/?page=1,17275,0,2561
1717757560595,17265,GetNewProducts,200,OK,Thread Group 5000 1-3840,text,true,,1864,150,964,964,http://localhost:5000/api/product/newProducts/?page=1,17265,0,2550
1717757560584,17276,GetNewProducts,200,OK,Thread Group 5000 1-1818,text,true,,1864,150,963,963,http://localhost:5000/api/product/newProducts/?page=1,17276,0,2560
1717757560582,17279,GetNewProducts,200,OK,Thread Group 5000 1-1804,text,true,,1864,150,962,962,http://localhost:5000/api/product/newProducts/?page=1,17279,0,2563
1717757560582,17279,GetNewProducts,200,OK,Thread Group 5000 1-1807,text,true,,1864,150,961,961,http://localhost:5000/api/product/newProducts/?page=1,17279,0,2562
1717757560606,17255,GetNewProducts,200,OK,Thread Group 5000 1-1962,text,true,,1864,150,960,960,http://localhost:5000/api/product/newProducts/?page=1,17255,0,2538
1717757560594,17269,GetNewProducts,200,OK,Thread Group 5000 1-1907,text,true,,1864,150,959,959,http://localhost:5000/api/product/newProducts/?page=1,17269,0,2550
1717757560584,17279,GetNewProducts,200,OK,Thread Group 5000 1-1819,text,true,,1864,150,958,958,http://localhost:5000/api/product/newProducts/?page=1,17279,0,2560
1717757561093,16771,GetNewProducts,200,OK,Thread Group 5000 1-4752,text,true,,1864,150,957,957,http://localhost:5000/api/product/newProducts/?page=1,16771,0,2052
1717757561094,16770,GetNewProducts,200,OK,Thread Group 5000 1-4976,text,true,,1864,150,956,956,http://localhost:5000/api/product/newProducts/?page=1,16770,0,2051
1717757561094,16771,GetNewProducts,200,OK,Thread Group 5000 1-4723,text,true,,1864,150,955,955,http://localhost:5000/api/product/newProducts/?page=1,16771,0,2051
1717757561092,16773,GetNewProducts,200,OK,Thread Group 5000 1-4744,text,true,,1864,150,954,954,http://localhost:5000/api/product/newProducts/?page=1,16773,0,2053
1717757560597,17268,GetNewProducts,200,OK,Thread Group 5000 1-1911,text,true,,1864,150,953,953,http://localhost:5000/api/product/newProducts/?page=1,17268,0,2547
1717757561095,16771,GetNewProducts,200,OK,Thread Group 5000 1-4980,text,true,,1864,150,952,952,http://localhost:5000/api/product/newProducts/?page=1,16771,0,2050
1717757561093,16773,GetNewProducts,200,OK,Thread Group 5000 1-4711,text,true,,1864,150,951,951,http://localhost:5000/api/product/newProducts/?page=1,16773,0,2051
1717757561094,16772,GetNewProducts,200,OK,Thread Group 5000 1-4900,text,true,,1864,150,950,950,http://localhost:5000/api/product/newProducts/?page=1,16772,0,2051
1717757561094,16773,GetNewProducts,200,OK,Thread Group 5000 1-4722,text,true,,1864,150,949,949,http://localhost:5000/api/product/newProducts/?page=1,16773,0,2051
1717757561096,16772,GetNewProducts,200,OK,Thread Group 5000 1-4883,text,true,,1864,150,948,948,http://localhost:5000/api/product/newProducts/?page=1,16772,0,2049
1717757560604,17264,GetNewProducts,200,OK,Thread Group 5000 1-1935,text,true,,1864,150,947,947,http://localhost:5000/api/product/newProducts/?page=1,17264,0,2540
1717757561093,16776,GetNewProducts,200,OK,Thread Group 5000 1-4686,text,true,,1864,150,946,946,http://localhost:5000/api/product/newProducts/?page=1,16776,0,2052
1717757561095,16774,GetNewProducts,200,OK,Thread Group 5000 1-2489,text,true,,1864,150,945,945,http://localhost:5000/api/product/newProducts/?page=1,16774,0,2050
1717757561094,16776,GetNewProducts,200,OK,Thread Group 5000 1-4903,text,true,,1864,150,944,944,http://localhost:5000/api/product/newProducts/?page=1,16776,0,2051
1717757561093,16777,GetNewProducts,200,OK,Thread Group 5000 1-4746,text,true,,1864,150,943,943,http://localhost:5000/api/product/newProducts/?page=1,16777,0,2052
1717757561095,16775,GetNewProducts,200,OK,Thread Group 5000 1-2482,text,true,,1864,150,942,942,http://localhost:5000/api/product/newProducts/?page=1,16775,0,2050
1717757561096,16775,GetNewProducts,200,OK,Thread Group 5000 1-4909,text,true,,1864,150,941,941,http://localhost:5000/api/product/newProducts/?page=1,16775,0,2049
1717757561095,16776,GetNewProducts,200,OK,Thread Group 5000 1-4879,text,true,,1864,150,940,940,http://localhost:5000/api/product/newProducts/?page=1,16776,0,2050
1717757561096,16776,GetNewProducts,200,OK,Thread Group 5000 1-4930,text,true,,1864,150,939,939,http://localhost:5000/api/product/newProducts/?page=1,16776,0,2049
1717757561096,16776,GetNewProducts,200,OK,Thread Group 5000 1-4798,text,true,,1864,150,938,938,http://localhost:5000/api/product/newProducts/?page=1,16776,0,2049
1717757561094,16779,GetNewProducts,200,OK,Thread Group 5000 1-4972,text,true,,1864,150,937,937,http://localhost:5000/api/product/newProducts/?page=1,16779,0,2051
1717757561095,16778,GetNewProducts,200,OK,Thread Group 5000 1-4993,text,true,,1864,150,936,936,http://localhost:5000/api/product/newProducts/?page=1,16778,0,2050
1717757561093,16781,GetNewProducts,200,OK,Thread Group 5000 1-4944,text,true,,1864,150,935,935,http://localhost:5000/api/product/newProducts/?page=1,16781,0,2051
1717757561095,16779,GetNewProducts,200,OK,Thread Group 5000 1-4787,text,true,,1864,150,934,934,http://localhost:5000/api/product/newProducts/?page=1,16779,0,2050
1717757561096,16778,GetNewProducts,200,OK,Thread Group 5000 1-4904,text,true,,1864,150,933,933,http://localhost:5000/api/product/newProducts/?page=1,16778,0,2049
1717757561097,16778,GetNewProducts,200,OK,Thread Group 5000 1-2974,text,true,,1864,150,932,932,http://localhost:5000/api/product/newProducts/?page=1,16778,0,2048
1717757561098,16777,GetNewProducts,200,OK,Thread Group 5000 1-3184,text,true,,1864,150,931,931,http://localhost:5000/api/product/newProducts/?page=1,16777,0,2047
1717757561097,16778,GetNewProducts,200,OK,Thread Group 5000 1-4999,text,true,,1864,150,930,930,http://localhost:5000/api/product/newProducts/?page=1,16778,0,2048
1717757561099,16778,GetNewProducts,200,OK,Thread Group 5000 1-4514,text,true,,1864,150,929,929,http://localhost:5000/api/product/newProducts/?page=1,16778,0,2046
1717757561094,16783,GetNewProducts,200,OK,Thread Group 5000 1-4748,text,true,,1864,150,928,928,http://localhost:5000/api/product/newProducts/?page=1,16783,0,2051
1717757561094,16784,GetNewProducts,200,OK,Thread Group 5000 1-4747,text,true,,1864,150,927,927,http://localhost:5000/api/product/newProducts/?page=1,16784,0,2050
1717757561100,16778,GetNewProducts,200,OK,Thread Group 5000 1-3001,text,true,,1864,150,926,926,http://localhost:5000/api/product/newProducts/?page=1,16778,0,2046
1717757561093,16788,GetNewProducts,200,OK,Thread Group 5000 1-4687,text,true,,1864,150,925,925,http://localhost:5000/api/product/newProducts/?page=1,16788,0,2051
1717757561097,16784,GetNewProducts,200,OK,Thread Group 5000 1-4433,text,true,,1864,150,924,924,http://localhost:5000/api/product/newProducts/?page=1,16784,0,2048
1717757561099,16783,GetNewProducts,200,OK,Thread Group 5000 1-3461,text,true,,1864,150,923,923,http://localhost:5000/api/product/newProducts/?page=1,16783,0,2047
1717757561098,16784,GetNewProducts,200,OK,Thread Group 5000 1-3321,text,true,,1864,150,922,922,http://localhost:5000/api/product/newProducts/?page=1,16784,0,2048
1717757561102,16781,GetNewProducts,200,OK,Thread Group 5000 1-3259,text,true,,1864,150,921,921,http://localhost:5000/api/product/newProducts/?page=1,16781,0,2043
1717757561094,16789,GetNewProducts,200,OK,Thread Group 5000 1-4754,text,true,,1864,150,920,920,http://localhost:5000/api/product/newProducts/?page=1,16789,0,2050
1717757561100,16784,GetNewProducts,200,OK,Thread Group 5000 1-4420,text,true,,1864,150,919,919,http://localhost:5000/api/product/newProducts/?page=1,16784,0,2046
1717757561104,16781,GetNewProducts,200,OK,Thread Group 5000 1-3110,text,true,,1864,150,918,918,http://localhost:5000/api/product/newProducts/?page=1,16781,0,2042
1717757561101,16784,GetNewProducts,200,OK,Thread Group 5000 1-3242,text,true,,1864,150,917,917,http://localhost:5000/api/product/newProducts/?page=1,16784,0,2044
1717757561101,16784,GetNewProducts,200,OK,Thread Group 5000 1-1882,text,true,,1864,150,916,916,http://localhost:5000/api/product/newProducts/?page=1,16784,0,2044
1717757561103,16783,GetNewProducts,200,OK,Thread Group 5000 1-4379,text,true,,1864,150,915,915,http://localhost:5000/api/product/newProducts/?page=1,16783,0,2042
1717757561098,16788,GetNewProducts,200,OK,Thread Group 5000 1-4010,text,true,,1864,150,914,914,http://localhost:5000/api/product/newProducts/?page=1,16788,0,2047
1717757561105,16782,GetNewProducts,200,OK,Thread Group 5000 1-3139,text,true,,1864,150,913,913,http://localhost:5000/api/product/newProducts/?page=1,16782,0,2041
1717757561103,16784,GetNewProducts,200,OK,Thread Group 5000 1-3662,text,true,,1864,150,912,912,http://localhost:5000/api/product/newProducts/?page=1,16784,0,2043
1717757561100,16787,GetNewProducts,200,OK,Thread Group 5000 1-3226,text,true,,1864,150,911,911,http://localhost:5000/api/product/newProducts/?page=1,16787,0,2045
1717757561093,16795,GetNewProducts,200,OK,Thread Group 5000 1-4783,text,true,,1864,150,910,910,http://localhost:5000/api/product/newProducts/?page=1,16795,0,2051
1717757561094,16795,GetNewProducts,200,OK,Thread Group 5000 1-4997,text,true,,1864,150,909,909,http://localhost:5000/api/product/newProducts/?page=1,16795,0,2051
1717757561096,16793,GetNewProducts,200,OK,Thread Group 5000 1-4772,text,true,,1864,150,908,908,http://localhost:5000/api/product/newProducts/?page=1,16793,0,2050
1717757561101,16789,GetNewProducts,200,OK,Thread Group 5000 1-3240,text,true,,1864,150,907,907,http://localhost:5000/api/product/newProducts/?page=1,16789,0,2045
1717757561099,16791,GetNewProducts,200,OK,Thread Group 5000 1-2965,text,true,,1864,150,906,906,http://localhost:5000/api/product/newProducts/?page=1,16791,0,2047
1717757561094,16797,GetNewProducts,200,OK,Thread Group 5000 1-4895,text,true,,1864,150,905,905,http://localhost:5000/api/product/newProducts/?page=1,16797,0,2051
1717757561093,16798,GetNewProducts,200,OK,Thread Group 5000 1-4773,text,true,,1864,150,904,904,http://localhost:5000/api/product/newProducts/?page=1,16798,0,2052
1717757561102,16790,GetNewProducts,200,OK,Thread Group 5000 1-4920,text,true,,1864,150,903,903,http://localhost:5000/api/product/newProducts/?page=1,16790,0,2044
1717757561102,16790,GetNewProducts,200,OK,Thread Group 5000 1-3013,text,true,,1864,150,902,902,http://localhost:5000/api/product/newProducts/?page=1,16790,0,2044
1717757561096,16796,GetNewProducts,200,OK,Thread Group 5000 1-4939,text,true,,1864,150,901,901,http://localhost:5000/api/product/newProducts/?page=1,16796,0,2049
1717757561099,16794,GetNewProducts,200,OK,Thread Group 5000 1-3452,text,true,,1864,150,900,900,http://localhost:5000/api/product/newProducts/?page=1,16794,0,2047
1717757561093,16800,GetNewProducts,200,OK,Thread Group 5000 1-4913,text,true,,1864,150,899,899,http://localhost:5000/api/product/newProducts/?page=1,16800,0,2052
1717757561095,16799,GetNewProducts,200,OK,Thread Group 5000 1-4888,text,true,,1864,150,898,898,http://localhost:5000/api/product/newProducts/?page=1,16799,0,2050
1717757561096,16798,GetNewProducts,200,OK,Thread Group 5000 1-4985,text,true,,1864,150,897,897,http://localhost:5000/api/product/newProducts/?page=1,16798,0,2049
1717757561098,16797,GetNewProducts,200,OK,Thread Group 5000 1-4428,text,true,,1864,150,896,896,http://localhost:5000/api/product/newProducts/?page=1,16797,0,2047
1717757561098,16797,GetNewProducts,200,OK,Thread Group 5000 1-4955,text,true,,1864,150,895,895,http://localhost:5000/api/product/newProducts/?page=1,16797,0,2047
1717757561097,16798,GetNewProducts,200,OK,Thread Group 5000 1-4460,text,true,,1864,150,894,894,http://localhost:5000/api/product/newProducts/?page=1,16798,0,2048
1717757561095,16801,GetNewProducts,200,OK,Thread Group 5000 1-4757,text,true,,1864,150,893,893,http://localhost:5000/api/product/newProducts/?page=1,16801,0,2050
1717757561096,16800,GetNewProducts,200,OK,Thread Group 5000 1-2586,text,true,,1864,150,892,892,http://localhost:5000/api/product/newProducts/?page=1,16800,0,2049
1717757561101,16796,GetNewProducts,200,OK,Thread Group 5000 1-3009,text,true,,1864,150,891,891,http://localhost:5000/api/product/newProducts/?page=1,16796,0,2045
1717757561100,16797,GetNewProducts,200,OK,Thread Group 5000 1-3384,text,true,,1864,150,890,890,http://localhost:5000/api/product/newProducts/?page=1,16797,0,2045
1717757561098,16800,GetNewProducts,200,OK,Thread Group 5000 1-3194,text,true,,1864,150,889,889,http://localhost:5000/api/product/newProducts/?page=1,16800,0,2047
1717757561102,16796,GetNewProducts,200,OK,Thread Group 5000 1-3016,text,true,,1864,150,888,888,http://localhost:5000/api/product/newProducts/?page=1,16796,0,2044
1717757561098,16801,GetNewProducts,200,OK,Thread Group 5000 1-4081,text,true,,1864,150,887,887,http://localhost:5000/api/product/newProducts/?page=1,16801,0,2047
1717757561103,16796,GetNewProducts,200,OK,Thread Group 5000 1-3334,text,true,,1864,150,886,886,http://localhost:5000/api/product/newProducts/?page=1,16796,0,2042
1717757561099,16801,GetNewProducts,200,OK,Thread Group 5000 1-4928,text,true,,1864,150,885,885,http://localhost:5000/api/product/newProducts/?page=1,16801,0,2046
1717757561104,16796,GetNewProducts,200,OK,Thread Group 5000 1-3371,text,true,,1864,150,884,884,http://localhost:5000/api/product/newProducts/?page=1,16796,0,2041
1717757561102,16798,GetNewProducts,200,OK,Thread Group 5000 1-3670,text,true,,1864,150,883,883,http://localhost:5000/api/product/newProducts/?page=1,16798,0,2043
1717757561104,16797,GetNewProducts,200,OK,Thread Group 5000 1-4373,text,true,,1864,150,882,882,http://localhost:5000/api/product/newProducts/?page=1,16797,0,2043
1717757561104,16797,GetNewProducts,200,OK,Thread Group 5000 1-3118,text,true,,1864,150,881,881,http://localhost:5000/api/product/newProducts/?page=1,16797,0,2041
1717757561105,16797,GetNewProducts,200,OK,Thread Group 5000 1-3402,text,true,,1864,150,880,880,http://localhost:5000/api/product/newProducts/?page=1,16797,0,2040
1717757561106,16797,GetNewProducts,200,OK,Thread Group 5000 1-3482,text,true,,1864,150,879,879,http://localhost:5000/api/product/newProducts/?page=1,16797,0,2041
1717757561106,16797,GetNewProducts,200,OK,Thread Group 5000 1-3092,text,true,,1864,150,878,878,http://localhost:5000/api/product/newProducts/?page=1,16797,0,2041
1717757561108,16795,GetNewProducts,200,OK,Thread Group 5000 1-3363,text,true,,1864,150,877,877,http://localhost:5000/api/product/newProducts/?page=1,16795,0,2037
1717757561107,16797,GetNewProducts,200,OK,Thread Group 5000 1-3358,text,true,,1864,150,876,876,http://localhost:5000/api/product/newProducts/?page=1,16797,0,2040
1717757561105,16800,GetNewProducts,200,OK,Thread Group 5000 1-3095,text,true,,1864,150,875,875,http://localhost:5000/api/product/newProducts/?page=1,16800,0,2042
1717757561095,16810,GetNewProducts,200,OK,Thread Group 5000 1-4995,text,true,,1864,150,874,874,http://localhost:5000/api/product/newProducts/?page=1,16810,0,2051
1717757561108,16797,GetNewProducts,200,OK,Thread Group 5000 1-2447,text,true,,1864,150,873,873,http://localhost:5000/api/product/newProducts/?page=1,16797,0,2039
1717757561104,16802,GetNewProducts,200,OK,Thread Group 5000 1-1490,text,true,,1864,150,872,872,http://localhost:5000/api/product/newProducts/?page=1,16802,0,2043
1717757561106,16800,GetNewProducts,200,OK,Thread Group 5000 1-3062,text,true,,1864,150,871,871,http://localhost:5000/api/product/newProducts/?page=1,16800,0,2039
1717757561107,16800,GetNewProducts,200,OK,Thread Group 5000 1-3050,text,true,,1864,150,870,870,http://localhost:5000/api/product/newProducts/?page=1,16800,0,2040
1717757561095,16813,GetNewProducts,200,OK,Thread Group 5000 1-4733,text,true,,1864,150,869,869,http://localhost:5000/api/product/newProducts/?page=1,16813,0,2051
1717757561108,16800,GetNewProducts,200,OK,Thread Group 5000 1-3382,text,true,,1864,150,868,868,http://localhost:5000/api/product/newProducts/?page=1,16800,0,2039
1717757561099,16809,GetNewProducts,200,OK,Thread Group 5000 1-3041,text,true,,1864,150,867,867,http://localhost:5000/api/product/newProducts/?page=1,16809,0,2047
1717757561107,16802,GetNewProducts,200,OK,Thread Group 5000 1-3932,text,true,,1864,150,866,866,http://localhost:5000/api/product/newProducts/?page=1,16802,0,2039
1717757561107,16802,GetNewProducts,200,OK,Thread Group 5000 1-3059,text,true,,1864,150,865,865,http://localhost:5000/api/product/newProducts/?page=1,16802,0,2040
1717757561099,16811,GetNewProducts,200,OK,Thread Group 5000 1-4986,text,true,,1864,150,864,864,http://localhost:5000/api/product/newProducts/?page=1,16811,0,2048
1717757561109,16801,GetNewProducts,200,OK,Thread Group 5000 1-3406,text,true,,1864,150,863,863,http://localhost:5000/api/product/newProducts/?page=1,16801,0,2038
1717757561106,16805,GetNewProducts,200,OK,Thread Group 5000 1-4510,text,true,,1864,150,862,862,http://localhost:5000/api/product/newProducts/?page=1,16805,0,2041
1717757561096,16815,GetNewProducts,200,OK,Thread Group 5000 1-4769,text,true,,1864,150,861,861,http://localhost:5000/api/product/newProducts/?page=1,16815,0,2050
1717757561108,16804,GetNewProducts,200,OK,Thread Group 5000 1-3018,text,true,,1864,150,860,860,http://localhost:5000/api/product/newProducts/?page=1,16804,0,2039
1717757561097,16816,GetNewProducts,200,OK,Thread Group 5000 1-4647,text,true,,1864,150,859,859,http://localhost:5000/api/product/newProducts/?page=1,16816,0,2050
1717757561099,16814,GetNewProducts,200,OK,Thread Group 5000 1-3827,text,true,,1864,150,858,858,http://localhost:5000/api/product/newProducts/?page=1,16814,0,2048
1717757561102,16811,GetNewProducts,200,OK,Thread Group 5000 1-4414,text,true,,1864,150,857,857,http://localhost:5000/api/product/newProducts/?page=1,16811,0,2045
1717757561098,16816,GetNewProducts,200,OK,Thread Group 5000 1-4030,text,true,,1864,150,856,856,http://localhost:5000/api/product/newProducts/?page=1,16816,0,2049
1717757561100,16814,GetNewProducts,200,OK,Thread Group 5000 1-3214,text,true,,1864,150,855,855,http://localhost:5000/api/product/newProducts/?page=1,16814,0,2046
1717757561101,16814,GetNewProducts,200,OK,Thread Group 5000 1-3225,text,true,,1864,150,854,854,http://localhost:5000/api/product/newProducts/?page=1,16814,0,2046
1717757561100,16815,GetNewProducts,200,OK,Thread Group 5000 1-3252,text,true,,1864,150,853,853,http://localhost:5000/api/product/newProducts/?page=1,16815,0,2047
1717757561100,16816,GetNewProducts,200,OK,Thread Group 5000 1-3049,text,true,,1864,150,852,852,http://localhost:5000/api/product/newProducts/?page=1,16816,0,2046
1717757561098,16818,GetNewProducts,200,OK,Thread Group 5000 1-3842,text,true,,1864,150,851,851,http://localhost:5000/api/product/newProducts/?page=1,16818,0,2048
1717757561100,16816,GetNewProducts,200,OK,Thread Group 5000 1-3020,text,true,,1864,150,850,850,http://localhost:5000/api/product/newProducts/?page=1,16816,0,2047
1717757561100,16818,GetNewProducts,200,OK,Thread Group 5000 1-3143,text,true,,1864,150,849,849,http://localhost:5000/api/product/newProducts/?page=1,16818,0,2047
1717757561101,16817,GetNewProducts,200,OK,Thread Group 5000 1-4419,text,true,,1864,150,848,848,http://localhost:5000/api/product/newProducts/?page=1,16817,0,2046
1717757561105,16814,GetNewProducts,200,OK,Thread Group 5000 1-2353,text,true,,1864,150,847,847,http://localhost:5000/api/product/newProducts/?page=1,16814,0,2043
1717757561103,16816,GetNewProducts,200,OK,Thread Group 5000 1-3290,text,true,,1864,150,846,846,http://localhost:5000/api/product/newProducts/?page=1,16816,0,2044
1717757561103,16816,GetNewProducts,200,OK,Thread Group 5000 1-3638,text,true,,1864,150,845,845,http://localhost:5000/api/product/newProducts/?page=1,16816,0,2044
1717757561103,16817,GetNewProducts,200,OK,Thread Group 5000 1-3044,text,true,,1864,150,844,844,http://localhost:5000/api/product/newProducts/?page=1,16817,0,2045
1717757561102,16818,GetNewProducts,200,OK,Thread Group 5000 1-4914,text,true,,1864,150,843,843,http://localhost:5000/api/product/newProducts/?page=1,16818,0,2046
1717757561102,16819,GetNewProducts,200,OK,Thread Group 5000 1-3760,text,true,,1864,150,842,842,http://localhost:5000/api/product/newProducts/?page=1,16819,0,2045
1717757561101,16820,GetNewProducts,200,OK,Thread Group 5000 1-4921,text,true,,1864,150,841,841,http://localhost:5000/api/product/newProducts/?page=1,16820,0,2046
1717757561101,16821,GetNewProducts,200,OK,Thread Group 5000 1-1506,text,true,,1864,150,840,840,http://localhost:5000/api/product/newProducts/?page=1,16821,0,2045
1717757561104,16819,GetNewProducts,200,OK,Thread Group 5000 1-3346,text,true,,1864,150,839,839,http://localhost:5000/api/product/newProducts/?page=1,16819,0,2044
1717757561105,16818,GetNewProducts,200,OK,Thread Group 5000 1-4547,text,true,,1864,150,838,838,http://localhost:5000/api/product/newProducts/?page=1,16818,0,2043
1717757561104,16819,GetNewProducts,200,OK,Thread Group 5000 1-4372,text,true,,1864,150,837,837,http://localhost:5000/api/product/newProducts/?page=1,16819,0,2044
1717757561106,16818,GetNewProducts,200,OK,Thread Group 5000 1-4365,text,true,,1864,150,836,836,http://localhost:5000/api/product/newProducts/?page=1,16818,0,2042
1717757561107,16817,GetNewProducts,200,OK,Thread Group 5000 1-4565,text,true,,1864,150,835,835,http://localhost:5000/api/product/newProducts/?page=1,16817,0,2041
1717757561108,16818,GetNewProducts,200,OK,Thread Group 5000 1-1450,text,true,,1864,150,834,834,http://localhost:5000/api/product/newProducts/?page=1,16818,0,2040
1717757561107,16819,GetNewProducts,200,OK,Thread Group 5000 1-3351,text,true,,1864,150,834,834,http://localhost:5000/api/product/newProducts/?page=1,16819,0,2041
1717757561107,16819,GetNewProducts,200,OK,Thread Group 5000 1-4360,text,true,,1864,150,834,834,http://localhost:5000/api/product/newProducts/?page=1,16819,0,2041
1717757561106,16820,GetNewProducts,200,OK,Thread Group 5000 1-4564,text,true,,1864,150,834,834,http://localhost:5000/api/product/newProducts/?page=1,16820,0,2042
1717757561107,16819,GetNewProducts,200,OK,Thread Group 5000 1-4388,text,true,,1864,150,834,834,http://localhost:5000/api/product/newProducts/?page=1,16819,0,2041
1717757561108,16819,GetNewProducts,200,OK,Thread Group 5000 1-4049,text,true,,1864,150,829,829,http://localhost:5000/api/product/newProducts/?page=1,16819,0,2041
1717757561100,16828,GetNewProducts,200,OK,Thread Group 5000 1-4416,text,true,,1864,150,828,828,http://localhost:5000/api/product/newProducts/?page=1,16828,0,2047
1717757561099,16829,GetNewProducts,200,OK,Thread Group 5000 1-3201,text,true,,1864,150,827,827,http://localhost:5000/api/product/newProducts/?page=1,16829,0,2048
1717757561093,16836,GetNewProducts,200,OK,Thread Group 5000 1-4717,text,true,,1864,150,826,826,http://localhost:5000/api/product/newProducts/?page=1,16836,0,2056
1717757561098,16831,GetNewProducts,200,OK,Thread Group 5000 1-4513,text,true,,1864,150,825,825,http://localhost:5000/api/product/newProducts/?page=1,16831,0,2049
1717757561094,16835,GetNewProducts,200,OK,Thread Group 5000 1-4954,text,true,,1864,150,824,824,http://localhost:5000/api/product/newProducts/?page=1,16835,0,2054
1717757561100,16830,GetNewProducts,200,OK,Thread Group 5000 1-1527,text,true,,1864,150,823,823,http://localhost:5000/api/product/newProducts/?page=1,16830,0,2047
1717757561101,16830,GetNewProducts,200,OK,Thread Group 5000 1-3246,text,true,,1864,150,822,822,http://localhost:5000/api/product/newProducts/?page=1,16830,0,2046
1717757561101,16830,GetNewProducts,200,OK,Thread Group 5000 1-4187,text,true,,1864,150,821,821,http://localhost:5000/api/product/newProducts/?page=1,16830,0,2046
1717757561102,16830,GetNewProducts,200,OK,Thread Group 5000 1-4411,text,true,,1864,150,820,820,http://localhost:5000/api/product/newProducts/?page=1,16830,0,2045
1717757561095,16838,GetNewProducts,200,OK,Thread Group 5000 1-4886,text,true,,1864,150,819,819,http://localhost:5000/api/product/newProducts/?page=1,16838,0,2053
1717757561096,16837,GetNewProducts,200,OK,Thread Group 5000 1-4793,text,true,,1864,150,818,818,http://localhost:5000/api/product/newProducts/?page=1,16837,0,2053
1717757561098,16835,GetNewProducts,200,OK,Thread Group 5000 1-3198,text,true,,1864,150,817,817,http://localhost:5000/api/product/newProducts/?page=1,16835,0,2051
1717757561103,16831,GetNewProducts,200,OK,Thread Group 5000 1-4524,text,true,,1864,150,816,816,http://localhost:5000/api/product/newProducts/?page=1,16831,0,2044
1717757561109,16825,GetNewProducts,200,OK,Thread Group 5000 1-1163,text,true,,1864,150,815,815,http://localhost:5000/api/product/newProducts/?page=1,16825,0,2040
1717757561096,16839,GetNewProducts,200,OK,Thread Group 5000 1-4908,text,true,,1864,150,814,814,http://localhost:5000/api/product/newProducts/?page=1,16839,0,2053
1717757561096,16839,GetNewProducts,200,OK,Thread Group 5000 1-4906,text,true,,1864,150,813,813,http://localhost:5000/api/product/newProducts/?page=1,16839,0,2053
1717757561104,16831,GetNewProducts,200,OK,Thread Group 5000 1-3114,text,true,,1864,150,812,812,http://localhost:5000/api/product/newProducts/?page=1,16831,0,2043
1717757561099,16837,GetNewProducts,200,OK,Thread Group 5000 1-4026,text,true,,1864,150,811,811,http://localhost:5000/api/product/newProducts/?page=1,16837,0,2050
1717757561101,16835,GetNewProducts,200,OK,Thread Group 5000 1-4936,text,true,,1864,150,810,810,http://localhost:5000/api/product/newProducts/?page=1,16835,0,2048
1717757561105,16832,GetNewProducts,200,OK,Thread Group 5000 1-3082,text,true,,1864,150,809,809,http://localhost:5000/api/product/newProducts/?page=1,16832,0,2042
1717757561100,16838,GetNewProducts,200,OK,Thread Group 5000 1-4186,text,true,,1864,150,808,808,http://localhost:5000/api/product/newProducts/?page=1,16838,0,2049
1717757561108,16830,GetNewProducts,200,OK,Thread Group 5000 1-4392,text,true,,1864,150,807,807,http://localhost:5000/api/product/newProducts/?page=1,16830,0,2041
1717757561105,16833,GetNewProducts,200,OK,Thread Group 5000 1-4606,text,true,,1864,150,806,806,http://localhost:5000/api/product/newProducts/?page=1,16833,0,2042
1717757561106,16833,GetNewProducts,200,OK,Thread Group 5000 1-3083,text,true,,1864,150,805,805,http://localhost:5000/api/product/newProducts/?page=1,16833,0,2041
1717757561109,16830,GetNewProducts,200,OK,Thread Group 5000 1-3019,text,true,,1864,150,804,804,http://localhost:5000/api/product/newProducts/?page=1,16830,0,2040
1717757561104,16836,GetNewProducts,200,OK,Thread Group 5000 1-1482,text,true,,1864,150,803,803,http://localhost:5000/api/product/newProducts/?page=1,16836,0,2045
1717757561107,16833,GetNewProducts,200,OK,Thread Group 5000 1-4567,text,true,,1864,150,802,802,http://localhost:5000/api/product/newProducts/?page=1,16833,0,2040
1717757561101,16839,GetNewProducts,200,OK,Thread Group 5000 1-4421,text,true,,1864,150,801,801,http://localhost:5000/api/product/newProducts/?page=1,16839,0,2046
1717757561105,16836,GetNewProducts,200,OK,Thread Group 5000 1-4394,text,true,,1864,150,800,800,http://localhost:5000/api/product/newProducts/?page=1,16836,0,2044
1717757561108,16834,GetNewProducts,200,OK,Thread Group 5000 1-4397,text,true,,1864,150,799,799,http://localhost:5000/api/product/newProducts/?page=1,16834,0,2039
1717757561102,16840,GetNewProducts,200,OK,Thread Group 5000 1-4238,text,true,,1864,150,798,798,http://localhost:5000/api/product/newProducts/?page=1,16840,0,2047
1717757561103,16839,GetNewProducts,200,OK,Thread Group 5000 1-4491,text,true,,1864,150,797,797,http://localhost:5000/api/product/newProducts/?page=1,16839,0,2046
1717757561107,16836,GetNewProducts,200,OK,Thread Group 5000 1-3390,text,true,,1864,150,796,796,http://localhost:5000/api/product/newProducts/?page=1,16836,0,2040
1717757561101,16842,GetNewProducts,200,OK,Thread Group 5000 1-3005,text,true,,1864,150,795,795,http://localhost:5000/api/product/newProducts/?page=1,16842,0,2048
1717757561102,16842,GetNewProducts,200,OK,Thread Group 5000 1-3274,text,true,,1864,150,794,794,http://localhost:5000/api/product/newProducts/?page=1,16842,0,2047
1717757561107,16837,GetNewProducts,200,OK,Thread Group 5000 1-3063,text,true,,1864,150,793,793,http://localhost:5000/api/product/newProducts/?page=1,16837,0,2042
1717757561102,16843,GetNewProducts,200,OK,Thread Group 5000 1-4202,text,true,,1864,150,792,792,http://localhost:5000/api/product/newProducts/?page=1,16843,0,2045
1717757561094,16851,GetNewProducts,200,OK,Thread Group 5000 1-4897,text,true,,1864,150,791,791,http://localhost:5000/api/product/newProducts/?page=1,16851,0,2053
1717757561103,16843,GetNewProducts,200,OK,Thread Group 5000 1-3053,text,true,,1864,150,790,790,http://localhost:5000/api/product/newProducts/?page=1,16843,0,2044
1717757561104,16843,GetNewProducts,200,OK,Thread Group 5000 1-3048,text,true,,1864,150,789,789,http://localhost:5000/api/product/newProducts/?page=1,16843,0,2043
1717757561106,16841,GetNewProducts,200,OK,Thread Group 5000 1-4542,text,true,,1864,150,788,788,http://localhost:5000/api/product/newProducts/?page=1,16841,0,2041
1717757561107,16841,GetNewProducts,200,OK,Thread Group 5000 1-1472,text,true,,1864,150,787,787,http://localhost:5000/api/product/newProducts/?page=1,16841,0,2042
1717757561105,16843,GetNewProducts,200,OK,Thread Group 5000 1-3295,text,true,,1864,150,786,786,http://localhost:5000/api/product/newProducts/?page=1,16843,0,2042
1717757561108,16840,GetNewProducts,200,OK,Thread Group 5000 1-4850,text,true,,1864,150,785,785,http://localhost:5000/api/product/newProducts/?page=1,16840,0,2041
1717757561104,16845,GetNewProducts,200,OK,Thread Group 5000 1-4452,text,true,,1864,150,784,784,http://localhost:5000/api/product/newProducts/?page=1,16845,0,2045
1717757561094,16855,GetNewProducts,200,OK,Thread Group 5000 1-4715,text,true,,1864,150,783,783,http://localhost:5000/api/product/newProducts/?page=1,16855,0,2055
1717757561107,16842,GetNewProducts,200,OK,Thread Group 5000 1-3376,text,true,,1864,150,782,782,http://localhost:5000/api/product/newProducts/?page=1,16842,0,2040
1717757561095,16855,GetNewProducts,200,OK,Thread Group 5000 1-4887,text,true,,1864,150,781,781,http://localhost:5000/api/product/newProducts/?page=1,16855,0,2052
1717757561095,16855,GetNewProducts,200,OK,Thread Group 5000 1-4763,text,true,,1864,150,780,780,http://localhost:5000/api/product/newProducts/?page=1,16855,0,2054
1717757560642,17377,GetNewProducts,200,OK,Thread Group 5000 1-2297,text,true,,1864,150,779,779,http://localhost:5000/api/product/newProducts/?page=1,17377,0,3061
1717757560640,17378,GetNewProducts,200,OK,Thread Group 5000 1-4466,text,true,,1864,150,779,779,http://localhost:5000/api/product/newProducts/?page=1,17378,0,3063
1717757560631,17387,GetNewProducts,200,OK,Thread Group 5000 1-2230,text,true,,1864,150,779,779,http://localhost:5000/api/product/newProducts/?page=1,17387,0,3072
1717757560630,17388,GetNewProducts,200,OK,Thread Group 5000 1-2219,text,true,,1864,150,779,779,http://localhost:5000/api/product/newProducts/?page=1,17388,0,3073
1717757560641,17376,GetNewProducts,200,OK,Thread Group 5000 1-2292,text,true,,1864,150,779,779,http://localhost:5000/api/product/newProducts/?page=1,17376,0,3062
1717757560635,17382,GetNewProducts,200,OK,Thread Group 5000 1-4408,text,true,,1864,150,779,779,http://localhost:5000/api/product/newProducts/?page=1,17382,0,3068
1717757560638,17379,GetNewProducts,200,OK,Thread Group 5000 1-2280,text,true,,1864,150,779,779,http://localhost:5000/api/product/newProducts/?page=1,17379,0,3065
1717757561144,16872,GetNewProducts,200,OK,Thread Group 5000 1-4673,text,true,,1864,150,779,779,http://localhost:5000/api/product/newProducts/?page=1,16872,0,2559
1717757560632,17384,GetNewProducts,200,OK,Thread Group 5000 1-2241,text,true,,1864,150,779,779,http://localhost:5000/api/product/newProducts/?page=1,17384,0,3071
1717757560630,17385,GetNewProducts,200,OK,Thread Group 5000 1-2213,text,true,,1864,150,779,779,http://localhost:5000/api/product/newProducts/?page=1,17385,0,3073
1717757560640,17375,GetNewProducts,200,OK,Thread Group 5000 1-2287,text,true,,1864,150,779,779,http://localhost:5000/api/product/newProducts/?page=1,17375,0,3063
1717757561142,16872,GetNewProducts,200,OK,Thread Group 5000 1-4447,text,true,,1864,150,779,779,http://localhost:5000/api/product/newProducts/?page=1,16872,0,2561
1717757560644,17370,GetNewProducts,200,OK,Thread Group 5000 1-2305,text,true,,1864,150,779,779,http://localhost:5000/api/product/newProducts/?page=1,17370,0,3059
1717757561146,16868,GetNewProducts,200,OK,Thread Group 5000 1-4362,text,true,,1864,150,779,779,http://localhost:5000/api/product/newProducts/?page=1,16868,0,2557
1717757561140,16873,GetNewProducts,200,OK,Thread Group 5000 1-3560,text,true,,1864,150,779,779,http://localhost:5000/api/product/newProducts/?page=1,16873,0,2563
1717757561151,16862,GetNewProducts,200,OK,Thread Group 5000 1-1005,text,true,,1864,150,779,779,http://localhost:5000/api/product/newProducts/?page=1,16862,0,2552
1717757560632,17381,GetNewProducts,200,OK,Thread Group 5000 1-2237,text,true,,1864,150,779,779,http://localhost:5000/api/product/newProducts/?page=1,17381,0,3070
1717757560631,17381,GetNewProducts,200,OK,Thread Group 5000 1-4370,text,true,,1864,150,779,779,http://localhost:5000/api/product/newProducts/?page=1,17381,0,3072
1717757560628,17384,GetNewProducts,200,OK,Thread Group 5000 1-2194,text,true,,1864,150,779,779,http://localhost:5000/api/product/newProducts/?page=1,17384,0,3074
1717757560643,17368,GetNewProducts,200,OK,Thread Group 5000 1-2299,text,true,,1864,150,779,779,http://localhost:5000/api/product/newProducts/?page=1,17368,0,3059
1717757560633,17378,GetNewProducts,200,OK,Thread Group 5000 1-2252,text,true,,1864,150,779,779,http://localhost:5000/api/product/newProducts/?page=1,17378,0,3069
1717757560633,17378,GetNewProducts,200,OK,Thread Group 5000 1-2246,text,true,,1864,150,779,779,http://localhost:5000/api/product/newProducts/?page=1,17378,0,3069
1717757560634,17376,GetNewProducts,200,OK,Thread Group 5000 1-2257,text,true,,1864,150,779,779,http://localhost:5000/api/product/newProducts/?page=1,17376,0,3068
1717757560633,17377,GetNewProducts,200,OK,Thread Group 5000 1-2254,text,true,,1864,150,779,779,http://localhost:5000/api/product/newProducts/?page=1,17377,0,3069
1717757560635,17375,GetNewProducts,200,OK,Thread Group 5000 1-2266,text,true,,1864,150,779,779,http://localhost:5000/api/product/newProducts/?page=1,17375,0,3066
1717757560629,17380,GetNewProducts,200,OK,Thread Group 5000 1-2209,text,true,,1864,150,779,779,http://localhost:5000/api/product/newProducts/?page=1,17380,0,3073
1717757560634,17374,GetNewProducts,200,OK,Thread Group 5000 1-1093,text,true,,1864,150,779,779,http://localhost:5000/api/product/newProducts/?page=1,17374,0,3068
1717757560630,17379,GetNewProducts,200,OK,Thread Group 5000 1-2220,text,true,,1864,150,779,779,http://localhost:5000/api/product/newProducts/?page=1,17379,0,3072
1717757560633,17375,GetNewProducts,200,OK,Thread Group 5000 1-2249,text,true,,1864,150,779,779,http://localhost:5000/api/product/newProducts/?page=1,17375,0,3069
1717757561147,16860,GetNewProducts,200,OK,Thread Group 5000 1-3841,text,true,,1864,150,779,779,http://localhost:5000/api/product/newProducts/?page=1,16860,0,2554
1717757560639,17368,GetNewProducts,200,OK,Thread Group 5000 1-2285,text,true,,1864,150,779,779,http://localhost:5000/api/product/newProducts/?page=1,17368,0,3063
1717757561147,16860,GetNewProducts,200,OK,Thread Group 5000 1-4138,text,true,,1864,150,779,779,http://localhost:5000/api/product/newProducts/?page=1,16860,0,2554
1717757561107,16899,GetNewProducts,200,OK,Thread Group 5000 1-3058,text,true,,1864,150,779,779,http://localhost:5000/api/product/newProducts/?page=1,16899,0,2043
1717757561108,16898,GetNewProducts,200,OK,Thread Group 5000 1-4353,text,true,,1864,150,779,779,http://localhost:5000/api/product/newProducts/?page=1,16898,0,2042
1717757561110,16894,GetNewProducts,200,OK,Thread Group 5000 1-4556,text,true,,1864,150,779,779,http://localhost:5000/api/product/newProducts/?page=1,16894,0,2040
1717757561109,16894,GetNewProducts,200,OK,Thread Group 5000 1-3383,text,true,,1864,150,779,779,http://localhost:5000/api/product/newProducts/?page=1,16894,0,2041
1717757561108,16895,GetNewProducts,200,OK,Thread Group 5000 1-4839,text,true,,1864,150,779,779,http://localhost:5000/api/product/newProducts/?page=1,16895,0,2042
1717757561110,16892,GetNewProducts,200,OK,Thread Group 5000 1-3051,text,true,,1864,150,779,779,http://localhost:5000/api/product/newProducts/?page=1,16892,0,2040
1717757561103,16899,GetNewProducts,200,OK,Thread Group 5000 1-4481,text,true,,1864,150,779,779,http://localhost:5000/api/product/newProducts/?page=1,16899,0,2047
1717757561102,16899,GetNewProducts,200,OK,Thread Group 5000 1-3247,text,true,,1864,150,779,779,http://localhost:5000/api/product/newProducts/?page=1,16899,0,2048
1717757561104,16897,GetNewProducts,200,OK,Thread Group 5000 1-3131,text,true,,1864,150,779,779,http://localhost:5000/api/product/newProducts/?page=1,16897,0,2046
1717757561105,16896,GetNewProducts,200,OK,Thread Group 5000 1-4366,text,true,,1864,150,779,779,http://localhost:5000/api/product/newProducts/?page=1,16896,0,2045
1717757561106,16894,GetNewProducts,200,OK,Thread Group 5000 1-3079,text,true,,1864,150,779,779,http://localhost:5000/api/product/newProducts/?page=1,16894,0,2044
1717757561103,16897,GetNewProducts,200,OK,Thread Group 5000 1-3674,text,true,,1864,150,779,779,http://localhost:5000/api/product/newProducts/?page=1,16897,0,2047
1717757561096,16903,GetNewProducts,200,OK,Thread Group 5000 1-4905,text,true,,1864,150,779,779,http://localhost:5000/api/product/newProducts/?page=1,16903,0,2054
1717757561097,16902,GetNewProducts,200,OK,Thread Group 5000 1-4816,text,true,,1864,150,779,779,http://localhost:5000/api/product/newProducts/?page=1,16902,0,2053
1717757561101,16898,GetNewProducts,200,OK,Thread Group 5000 1-4415,text,true,,1864,150,779,779,http://localhost:5000/api/product/newProducts/?page=1,16898,0,2049
1717757561100,16898,GetNewProducts,200,OK,Thread Group 5000 1-3142,text,true,,1864,150,779,779,http://localhost:5000/api/product/newProducts/?page=1,16898,0,2050
1717757561098,16899,GetNewProducts,200,OK,Thread Group 5000 1-3199,text,true,,1864,150,779,779,http://localhost:5000/api/product/newProducts/?page=1,16899,0,2052
1717757561108,16890,GetNewProducts,200,OK,Thread Group 5000 1-3117,text,true,,1864,150,779,779,http://localhost:5000/api/product/newProducts/?page=1,16890,0,2042
1717757561104,16893,GetNewProducts,200,OK,Thread Group 5000 1-1595,text,true,,1864,150,779,779,http://localhost:5000/api/product/newProducts/?page=1,16893,0,2046
1717757561095,16901,GetNewProducts,200,OK,Thread Group 5000 1-5000,text,true,,1864,150,779,779,http://localhost:5000/api/product/newProducts/?page=1,16901,0,2055
1717757561098,16898,GetNewProducts,200,OK,Thread Group 5000 1-4432,text,true,,1864,150,779,779,http://localhost:5000/api/product/newProducts/?page=1,16898,0,2052
1717757561099,16896,GetNewProducts,200,OK,Thread Group 5000 1-3036,text,true,,1864,150,779,779,http://localhost:5000/api/product/newProducts/?page=1,16896,0,2051
1717757561107,16888,GetNewProducts,200,OK,Thread Group 5000 1-3089,text,true,,1864,150,779,779,http://localhost:5000/api/product/newProducts/?page=1,16888,0,2043
1717757561104,16890,GetNewProducts,200,OK,Thread Group 5000 1-4540,text,true,,1864,150,779,779,http://localhost:5000/api/product/newProducts/?page=1,16890,0,2046
1717757561094,16900,GetNewProducts,200,OK,Thread Group 5000 1-4734,text,true,,1864,150,779,779,http://localhost:5000/api/product/newProducts/?page=1,16900,0,2056
1717757561110,16884,GetNewProducts,200,OK,Thread Group 5000 1-3157,text,true,,1864,150,779,779,http://localhost:5000/api/product/newProducts/?page=1,16884,0,2040
1717757561096,16897,GetNewProducts,200,OK,Thread Group 5000 1-4854,text,true,,1864,150,779,779,http://localhost:5000/api/product/newProducts/?page=1,16897,0,2054
1717757561107,16886,GetNewProducts,200,OK,Thread Group 5000 1-3067,text,true,,1864,150,779,779,http://localhost:5000/api/product/newProducts/?page=1,16886,0,2042
1717757561106,16886,GetNewProducts,200,OK,Thread Group 5000 1-4973,text,true,,1864,150,779,779,http://localhost:5000/api/product/newProducts/?page=1,16886,0,2044
1717757561105,16887,GetNewProducts,200,OK,Thread Group 5000 1-4384,text,true,,1864,150,779,779,http://localhost:5000/api/product/newProducts/?page=1,16887,0,2045
1717757561109,16883,GetNewProducts,200,OK,Thread Group 5000 1-3161,text,true,,1864,150,779,779,http://localhost:5000/api/product/newProducts/?page=1,16883,0,2041
1717757561103,16888,GetNewProducts,200,OK,Thread Group 5000 1-1619,text,true,,1864,150,779,779,http://localhost:5000/api/product/newProducts/?page=1,16888,0,2046
1717757561110,16881,GetNewProducts,200,OK,Thread Group 5000 1-4635,text,true,,1864,150,779,779,http://localhost:5000/api/product/newProducts/?page=1,16881,0,2039
1717757561106,16884,GetNewProducts,200,OK,Thread Group 5000 1-3093,text,true,,1864,150,779,779,http://localhost:5000/api/product/newProducts/?page=1,16884,0,2044
1717757561106,16884,GetNewProducts,200,OK,Thread Group 5000 1-3070,text,true,,1864,150,779,779,http://localhost:5000/api/product/newProducts/?page=1,16884,0,2043
1717757561107,16883,GetNewProducts,200,OK,Thread Group 5000 1-3078,text,true,,1864,150,779,779,http://localhost:5000/api/product/newProducts/?page=1,16883,0,2042
1717757561108,16881,GetNewProducts,200,OK,Thread Group 5000 1-4692,text,true,,1864,150,779,779,http://localhost:5000/api/product/newProducts/?page=1,16881,0,2041
1717757561107,16882,GetNewProducts,200,OK,Thread Group 5000 1-3936,text,true,,1864,150,779,779,http://localhost:5000/api/product/newProducts/?page=1,16882,0,2042
1717757561100,16888,GetNewProducts,200,OK,Thread Group 5000 1-4031,text,true,,1864,150,779,779,http://localhost:5000/api/product/newProducts/?page=1,16888,0,2049
1717757561099,16889,GetNewProducts,200,OK,Thread Group 5000 1-4940,text,true,,1864,150,779,779,http://localhost:5000/api/product/newProducts/?page=1,16889,0,2050
1717757561102,16886,GetNewProducts,200,OK,Thread Group 5000 1-3855,text,true,,1864,150,779,779,http://localhost:5000/api/product/newProducts/?page=1,16886,0,2047
1717757561100,16887,GetNewProducts,200,OK,Thread Group 5000 1-3261,text,true,,1864,150,779,779,http://localhost:5000/api/product/newProducts/?page=1,16887,0,2049
1717757561106,16881,GetNewProducts,200,OK,Thread Group 5000 1-3315,text,true,,1864,150,779,779,http://localhost:5000/api/product/newProducts/?page=1,16881,0,2043
1717757561104,16882,GetNewProducts,200,OK,Thread Group 5000 1-4603,text,true,,1864,150,779,779,http://localhost:5000/api/product/newProducts/?page=1,16882,0,2045
1717757561102,16884,GetNewProducts,200,OK,Thread Group 5000 1-3709,text,true,,1864,150,779,779,http://localhost:5000/api/product/newProducts/?page=1,16884,0,2047
1717757561101,16881,GetNewProducts,200,OK,Thread Group 5000 1-3227,text,true,,1864,150,779,779,http://localhost:5000/api/product/newProducts/?page=1,16881,0,2048
1717757561102,16880,GetNewProducts,200,OK,Thread Group 5000 1-3699,text,true,,1864,150,779,779,http://localhost:5000/api/product/newProducts/?page=1,16880,0,2047
1717757561096,16885,GetNewProducts,200,OK,Thread Group 5000 1-4768,text,true,,1864,150,779,779,http://localhost:5000/api/product/newProducts/?page=1,16885,0,2053
1717757561097,16884,GetNewProducts,200,OK,Thread Group 5000 1-4039,text,true,,1864,150,779,779,http://localhost:5000/api/product/newProducts/?page=1,16884,0,2052
1717757561101,16880,GetNewProducts,200,OK,Thread Group 5000 1-3130,text,true,,1864,150,779,779,http://localhost:5000/api/product/newProducts/?page=1,16880,0,2048
1717757561104,16876,GetNewProducts,200,OK,Thread Group 5000 1-3065,text,true,,1864,150,779,779,http://localhost:5000/api/product/newProducts/?page=1,16876,0,2045
1717757561098,16882,GetNewProducts,200,OK,Thread Group 5000 1-3052,text,true,,1864,150,779,779,http://localhost:5000/api/product/newProducts/?page=1,16882,0,2051
1717757561103,16877,GetNewProducts,200,OK,Thread Group 5000 1-3303,text,true,,1864,150,779,779,http://localhost:5000/api/product/newProducts/?page=1,16877,0,2046
1717757561098,16881,GetNewProducts,200,OK,Thread Group 5000 1-3938,text,true,,1864,150,779,779,http://localhost:5000/api/product/newProducts/?page=1,16881,0,2051
1717757561095,16884,GetNewProducts,200,OK,Thread Group 5000 1-4803,text,true,,1864,150,779,779,http://localhost:5000/api/product/newProducts/?page=1,16884,0,2054
1717757561094,16885,GetNewProducts,200,OK,Thread Group 5000 1-4901,text,true,,1864,150,779,779,http://localhost:5000/api/product/newProducts/?page=1,16885,0,2055
1717757561095,16883,GetNewProducts,200,OK,Thread Group 5000 1-4885,text,true,,1864,150,779,779,http://localhost:5000/api/product/newProducts/?page=1,16883,0,2054
1717757561100,16878,GetNewProducts,200,OK,Thread Group 5000 1-4424,text,true,,1864,150,779,779,http://localhost:5000/api/product/newProducts/?page=1,16878,0,2049
1717757561101,16876,GetNewProducts,200,OK,Thread Group 5000 1-3151,text,true,,1864,150,779,779,http://localhost:5000/api/product/newProducts/?page=1,16876,0,2048
1717757561094,16883,GetNewProducts,200,OK,Thread Group 5000 1-4969,text,true,,1864,150,779,779,http://localhost:5000/api/product/newProducts/?page=1,16883,0,2055
1717757561096,16881,GetNewProducts,200,OK,Thread Group 5000 1-4946,text,true,,1864,150,779,779,http://localhost:5000/api/product/newProducts/?page=1,16881,0,2053
1717757561094,16882,GetNewProducts,200,OK,Thread Group 5000 1-4745,text,true,,1864,150,779,779,http://localhost:5000/api/product/newProducts/?page=1,16882,0,2055
1717757561094,16882,GetNewProducts,200,OK,Thread Group 5000 1-4966,text,true,,1864,150,779,779,http://localhost:5000/api/product/newProducts/?page=1,16882,0,2055
1717757561100,16876,GetNewProducts,200,OK,Thread Group 5000 1-4422,text,true,,1864,150,779,779,http://localhost:5000/api/product/newProducts/?page=1,16876,0,2049
1717757561098,16877,GetNewProducts,200,OK,Thread Group 5000 1-4435,text,true,,1864,150,779,779,http://localhost:5000/api/product/newProducts/?page=1,16877,0,2051
1717757561099,16876,GetNewProducts,200,OK,Thread Group 5000 1-3163,text,true,,1864,150,779,779,http://localhost:5000/api/product/newProducts/?page=1,16876,0,2050
1717757561093,16882,GetNewProducts,200,OK,Thread Group 5000 1-4712,text,true,,1864,150,779,779,http://localhost:5000/api/product/newProducts/?page=1,16882,0,2056
1717757561108,16866,GetNewProducts,200,OK,Thread Group 5000 1-3941,text,true,,1864,150,779,779,http://localhost:5000/api/product/newProducts/?page=1,16866,0,2041
1717757561103,16871,GetNewProducts,200,OK,Thread Group 5000 1-3698,text,true,,1864,150,779,779,http://localhost:5000/api/product/newProducts/?page=1,16871,0,2045
1717757561106,16868,GetNewProducts,200,OK,Thread Group 5000 1-3359,text,true,,1864,150,779,779,http://localhost:5000/api/product/newProducts/?page=1,16868,0,2043
1717757561107,16866,GetNewProducts,200,OK,Thread Group 5000 1-3375,text,true,,1864,150,779,779,http://localhost:5000/api/product/newProducts/?page=1,16866,0,2042
1717757561107,16866,GetNewProducts,200,OK,Thread Group 5000 1-3074,text,true,,1864,150,779,779,http://localhost:5000/api/product/newProducts/?page=1,16866,0,2042
1717757561108,16864,GetNewProducts,200,OK,Thread Group 5000 1-4395,text,true,,1864,150,779,779,http://localhost:5000/api/product/newProducts/?page=1,16864,0,2041
1717757561094,16878,GetNewProducts,200,OK,Thread Group 5000 1-4713,text,true,,1864,150,779,779,http://localhost:5000/api/product/newProducts/?page=1,16878,0,2055
1717757561105,16867,GetNewProducts,200,OK,Thread Group 5000 1-4638,text,true,,1864,150,779,779,http://localhost:5000/api/product/newProducts/?page=1,16867,0,2044
1717757561101,16870,GetNewProducts,200,OK,Thread Group 5000 1-4521,text,true,,1864,150,779,779,http://localhost:5000/api/product/newProducts/?page=1,16870,0,2048
1717757561106,16865,GetNewProducts,200,OK,Thread Group 5000 1-4363,text,true,,1864,150,779,779,http://localhost:5000/api/product/newProducts/?page=1,16865,0,2043
1717757561104,16867,GetNewProducts,200,OK,Thread Group 5000 1-4374,text,true,,1864,150,779,779,http://localhost:5000/api/product/newProducts/?page=1,16867,0,2045
1717757561102,16868,GetNewProducts,200,OK,Thread Group 5000 1-4511,text,true,,1864,150,779,779,http://localhost:5000/api/product/newProducts/?page=1,16868,0,2046
1717757561104,16866,GetNewProducts,200,OK,Thread Group 5000 1-4572,text,true,,1864,150,779,779,http://localhost:5000/api/product/newProducts/?page=1,16866,0,2045
1717757561102,16867,GetNewProducts,200,OK,Thread Group 5000 1-4925,text,true,,1864,150,779,779,http://localhost:5000/api/product/newProducts/?page=1,16867,0,2047
1717757561100,16869,GetNewProducts,200,OK,Thread Group 5000 1-3146,text,true,,1864,150,779,779,http://localhost:5000/api/product/newProducts/?page=1,16869,0,2048
1717757561104,16864,GetNewProducts,200,OK,Thread Group 5000 1-3337,text,true,,1864,150,779,779,http://localhost:5000/api/product/newProducts/?page=1,16864,0,2045
1717757561105,16863,GetNewProducts,200,OK,Thread Group 5000 1-3090,text,true,,1864,150,779,779,http://localhost:5000/api/product/newProducts/?page=1,16863,0,2043
1717757561101,16867,GetNewProducts,200,OK,Thread Group 5000 1-3779,text,true,,1864,150,779,779,http://localhost:5000/api/product/newProducts/?page=1,16867,0,2047
1717757561107,16860,GetNewProducts,200,OK,Thread Group 5000 1-3366,text,true,,1864,150,779,779,http://localhost:5000/api/product/newProducts/?page=1,16860,0,2043
1717757561108,16859,GetNewProducts,200,OK,Thread Group 5000 1-3483,text,true,,1864,150,779,779,http://localhost:5000/api/product/newProducts/?page=1,16859,0,2042
1717757561104,16863,GetNewProducts,200,OK,Thread Group 5000 1-4401,text,true,,1864,150,779,779,http://localhost:5000/api/product/newProducts/?page=1,16863,0,2044
1717757561106,16860,GetNewProducts,200,OK,Thread Group 5000 1-4364,text,true,,1864,150,779,779,http://localhost:5000/api/product/newProducts/?page=1,16860,0,2044
1717757561107,16859,GetNewProducts,200,OK,Thread Group 5000 1-4609,text,true,,1864,150,779,779,http://localhost:5000/api/product/newProducts/?page=1,16859,0,2043
1717757561104,16862,GetNewProducts,200,OK,Thread Group 5000 1-4957,text,true,,1864,150,779,779,http://localhost:5000/api/product/newProducts/?page=1,16862,0,2046
1717757561103,16862,GetNewProducts,200,OK,Thread Group 5000 1-4596,text,true,,1864,150,779,779,http://localhost:5000/api/product/newProducts/?page=1,16862,0,2045
1717757561106,16859,GetNewProducts,200,OK,Thread Group 5000 1-4368,text,true,,1864,150,779,779,http://localhost:5000/api/product/newProducts/?page=1,16859,0,2044
1717757561102,16863,GetNewProducts,200,OK,Thread Group 5000 1-3573,text,true,,1864,150,779,779,http://localhost:5000/api/product/newProducts/?page=1,16863,0,2048
1717757561102,16862,GetNewProducts,200,OK,Thread Group 5000 1-4592,text,true,,1864,150,779,779,http://localhost:5000/api/product/newProducts/?page=1,16862,0,2046
1717757561102,16862,GetNewProducts,200,OK,Thread Group 5000 1-3695,text,true,,1864,150,779,779,http://localhost:5000/api/product/newProducts/?page=1,16862,0,2046
1717757561099,16865,GetNewProducts,200,OK,Thread Group 5000 1-3425,text,true,,1864,150,779,779,http://localhost:5000/api/product/newProducts/?page=1,16865,0,2049
1717757561105,16858,GetNewProducts,200,OK,Thread Group 5000 1-3294,text,true,,1864,150,779,779,http://localhost:5000/api/product/newProducts/?page=1,16858,0,2045
1717757561098,16865,GetNewProducts,200,OK,Thread Group 5000 1-3248,text,true,,1864,150,779,779,http://localhost:5000/api/product/newProducts/?page=1,16865,0,2050
1717757561099,16863,GetNewProducts,200,OK,Thread Group 5000 1-4515,text,true,,1864,150,779,779,http://localhost:5000/api/product/newProducts/?page=1,16863,0,2049
1717757561101,16861,GetNewProducts,200,OK,Thread Group 5000 1-4924,text,true,,1864,150,779,779,http://localhost:5000/api/product/newProducts/?page=1,16861,0,2049
1717757561100,16861,GetNewProducts,200,OK,Thread Group 5000 1-4150,text,true,,1864,150,779,779,http://localhost:5000/api/product/newProducts/?page=1,16861,0,2048
1717757561094,16867,GetNewProducts,200,OK,Thread Group 5000 1-4894,text,true,,1864,150,779,779,http://localhost:5000/api/product/newProducts/?page=1,16867,0,2054
1717757561096,16865,GetNewProducts,200,OK,Thread Group 5000 1-4907,text,true,,1864,150,779,779,http://localhost:5000/api/product/newProducts/?page=1,16865,0,2052
1717757561100,16860,GetNewProducts,200,OK,Thread Group 5000 1-4942,text,true,,1864,150,779,779,http://localhost:5000/api/product/newProducts/?page=1,16860,0,2049
1717757561099,16861,GetNewProducts,200,OK,Thread Group 5000 1-4022,text,true,,1864,150,779,779,http://localhost:5000/api/product/newProducts/?page=1,16861,0,2049
1717757560637,17385,GetNewProducts,200,OK,Thread Group 5000 1-2275,text,true,,1864,150,692,692,http://localhost:5000/api/product/newProducts/?page=1,17385,0,3066
1717757561103,16856,GetNewProducts,200,OK,Thread Group 5000 1-4478,text,true,,1864,150,779,779,http://localhost:5000/api/product/newProducts/?page=1,16856,0,2047
1717757561097,16862,GetNewProducts,200,OK,Thread Group 5000 1-4841,text,true,,1864,150,779,779,http://localhost:5000/api/product/newProducts/?page=1,16862,0,2051
1717757561096,16863,GetNewProducts,200,OK,Thread Group 5000 1-4932,text,true,,1864,150,779,779,http://localhost:5000/api/product/newProducts/?page=1,16863,0,2052
1717757561099,16859,GetNewProducts,200,OK,Thread Group 5000 1-3325,text,true,,1864,150,779,779,http://localhost:5000/api/product/newProducts/?page=1,16859,0,2049
1717757561097,16861,GetNewProducts,200,OK,Thread Group 5000 1-4475,text,true,,1864,150,779,779,http://localhost:5000/api/product/newProducts/?page=1,16861,0,2052
1717757561096,16861,GetNewProducts,200,OK,Thread Group 5000 1-2649,text,true,,1864,150,779,779,http://localhost:5000/api/product/newProducts/?page=1,16861,0,2052
1717757561095,16862,GetNewProducts,200,OK,Thread Group 5000 1-4945,text,true,,1864,150,779,779,http://localhost:5000/api/product/newProducts/?page=1,16862,0,2053
1717757561101,16856,GetNewProducts,200,OK,Thread Group 5000 1-4918,text,true,,1864,150,779,779,http://localhost:5000/api/product/newProducts/?page=1,16856,0,2049
1717757561096,16860,GetNewProducts,200,OK,Thread Group 5000 1-4996,text,true,,1864,150,779,779,http://localhost:5000/api/product/newProducts/?page=1,16860,0,2052
1717757561107,16849,GetNewProducts,200,OK,Thread Group 5000 1-1468,text,true,,1864,150,779,779,http://localhost:5000/api/product/newProducts/?page=1,16849,0,2040
1717757561099,16857,GetNewProducts,200,OK,Thread Group 5000 1-3154,text,true,,1864,150,779,779,http://localhost:5000/api/product/newProducts/?page=1,16857,0,2050
1717757561100,16855,GetNewProducts,200,OK,Thread Group 5000 1-4178,text,true,,1864,150,779,779,http://localhost:5000/api/product/newProducts/?page=1,16855,0,2050
1717757561098,16856,GetNewProducts,200,OK,Thread Group 5000 1-3166,text,true,,1864,150,779,779,http://localhost:5000/api/product/newProducts/?page=1,16856,0,2051
1717757561098,16856,GetNewProducts,200,OK,Thread Group 5000 1-3400,text,true,,1864,150,779,779,http://localhost:5000/api/product/newProducts/?page=1,16856,0,2050
1717757561096,16858,GetNewProducts,200,OK,Thread Group 5000 1-4806,text,true,,1864,150,779,779,http://localhost:5000/api/product/newProducts/?page=1,16858,0,2053
1717757561095,16858,GetNewProducts,200,OK,Thread Group 5000 1-4956,text,true,,1864,150,779,779,http://localhost:5000/api/product/newProducts/?page=1,16858,0,2054
1717757561097,16856,GetNewProducts,200,OK,Thread Group 5000 1-4857,text,true,,1864,150,779,779,http://localhost:5000/api/product/newProducts/?page=1,16856,0,2051
1717757561094,16858,GetNewProducts,200,OK,Thread Group 5000 1-4727,text,true,,1864,150,779,779,http://localhost:5000/api/product/newProducts/?page=1,16858,0,2055
1717757561093,16859,GetNewProducts,200,OK,Thread Group 5000 1-4730,text,true,,1864,150,779,779,http://localhost:5000/api/product/newProducts/?page=1,16859,0,2056
1717757561106,16846,GetNewProducts,200,OK,Thread Group 5000 1-3087,text,true,,1864,150,779,779,http://localhost:5000/api/product/newProducts/?page=1,16846,0,2041
1717757561108,16843,GetNewProducts,200,OK,Thread Group 5000 1-3929,text,true,,1864,150,779,779,http://localhost:5000/api/product/newProducts/?page=1,16843,0,2039
1717757560633,17391,GetNewProducts,200,OK,Thread Group 5000 1-2248,text,true,,1864,150,641,641,http://localhost:5000/api/product/newProducts/?page=1,17391,0,3070
1717757560634,17392,GetNewProducts,200,OK,Thread Group 5000 1-2258,text,true,,1864,150,618,618,http://localhost:5000/api/product/newProducts/?page=1,17392,0,3069
1717757560630,17397,GetNewProducts,200,OK,Thread Group 5000 1-2214,text,true,,1864,150,617,617,http://localhost:5000/api/product/newProducts/?page=1,17397,0,3073
1717757560636,17391,GetNewProducts,200,OK,Thread Group 5000 1-1074,text,true,,1864,150,616,616,http://localhost:5000/api/product/newProducts/?page=1,17391,0,3067
1717757560643,17384,GetNewProducts,200,OK,Thread Group 5000 1-2298,text,true,,1864,150,615,615,http://localhost:5000/api/product/newProducts/?page=1,17384,0,3060
1717757560635,17393,GetNewProducts,200,OK,Thread Group 5000 1-2265,text,true,,1864,150,614,614,http://localhost:5000/api/product/newProducts/?page=1,17393,0,3068
1717757560629,17399,GetNewProducts,200,OK,Thread Group 5000 1-2207,text,true,,1864,150,613,613,http://localhost:5000/api/product/newProducts/?page=1,17399,0,3074
1717757561141,16888,GetNewProducts,200,OK,Thread Group 5000 1-4595,text,true,,1864,150,612,612,http://localhost:5000/api/product/newProducts/?page=1,16888,0,2562
1717757560629,17400,GetNewProducts,200,OK,Thread Group 5000 1-2208,text,true,,1864,150,611,611,http://localhost:5000/api/product/newProducts/?page=1,17400,0,3074
1717757561151,16879,GetNewProducts,200,OK,Thread Group 5000 1-4157,text,true,,1864,150,610,610,http://localhost:5000/api/product/newProducts/?page=1,16879,0,2552
1717757560629,17402,GetNewProducts,200,OK,Thread Group 5000 1-2202,text,true,,1864,150,609,609,http://localhost:5000/api/product/newProducts/?page=1,17402,0,3074
1717757561152,16885,GetNewProducts,200,OK,Thread Group 5000 1-4725,text,true,,1864,150,608,608,http://localhost:5000/api/product/newProducts/?page=1,16885,0,2551
1717757561149,16888,GetNewProducts,200,OK,Thread Group 5000 1-3684,text,true,,1864,150,607,607,http://localhost:5000/api/product/newProducts/?page=1,16888,0,2555
1717757561142,16895,GetNewProducts,200,OK,Thread Group 5000 1-4431,text,true,,1864,150,606,606,http://localhost:5000/api/product/newProducts/?page=1,16895,0,2561
1717757561151,16887,GetNewProducts,200,OK,Thread Group 5000 1-4092,text,true,,1864,150,605,605,http://localhost:5000/api/product/newProducts/?page=1,16887,0,2552
1717757560637,17401,GetNewProducts,200,OK,Thread Group 5000 1-2276,text,true,,1864,150,604,604,http://localhost:5000/api/product/newProducts/?page=1,17401,0,3067
1717757561144,16895,GetNewProducts,200,OK,Thread Group 5000 1-4852,text,true,,1864,150,603,603,http://localhost:5000/api/product/newProducts/?page=1,16895,0,2559
1717757561143,16896,GetNewProducts,200,OK,Thread Group 5000 1-4823,text,true,,1864,150,602,602,http://localhost:5000/api/product/newProducts/?page=1,16896,0,2561
1717757561140,16900,GetNewProducts,200,OK,Thread Group 5000 1-3514,text,true,,1864,150,601,601,http://localhost:5000/api/product/newProducts/?page=1,16900,0,2563
1717757561144,16896,GetNewProducts,200,OK,Thread Group 5000 1-3574,text,true,,1864,150,600,600,http://localhost:5000/api/product/newProducts/?page=1,16896,0,2560
1717757561150,16890,GetNewProducts,200,OK,Thread Group 5000 1-4800,text,true,,1864,150,599,599,http://localhost:5000/api/product/newProducts/?page=1,16890,0,2554
1717757561150,16893,GetNewProducts,200,OK,Thread Group 5000 1-3918,text,true,,1864,150,598,598,http://localhost:5000/api/product/newProducts/?page=1,16893,0,2554
1717757561152,16891,GetNewProducts,200,OK,Thread Group 5000 1-4560,text,true,,1864,150,597,597,http://localhost:5000/api/product/newProducts/?page=1,16891,0,2552
1717757561139,16905,GetNewProducts,200,OK,Thread Group 5000 1-3612,text,true,,1864,150,596,596,http://localhost:5000/api/product/newProducts/?page=1,16905,0,2565
1717757561141,16903,GetNewProducts,200,OK,Thread Group 5000 1-2374,text,true,,1864,150,595,595,http://localhost:5000/api/product/newProducts/?page=1,16903,0,2563
1717757561149,16896,GetNewProducts,200,OK,Thread Group 5000 1-3008,text,true,,1864,150,594,594,http://localhost:5000/api/product/newProducts/?page=1,16896,0,2555
1717757561148,16897,GetNewProducts,200,OK,Thread Group 5000 1-1481,text,true,,1864,150,593,593,http://localhost:5000/api/product/newProducts/?page=1,16897,0,2556
1717757561148,16898,GetNewProducts,200,OK,Thread Group 5000 1-3875,text,true,,1864,150,592,592,http://localhost:5000/api/product/newProducts/?page=1,16898,0,2556
1717757561145,16901,GetNewProducts,200,OK,Thread Group 5000 1-4212,text,true,,1864,150,591,591,http://localhost:5000/api/product/newProducts/?page=1,16901,0,2559
1717757561143,16904,GetNewProducts,200,OK,Thread Group 5000 1-4824,text,true,,1864,150,590,590,http://localhost:5000/api/product/newProducts/?page=1,16904,0,2561
1717757561147,16900,GetNewProducts,200,OK,Thread Group 5000 1-3791,text,true,,1864,150,589,589,http://localhost:5000/api/product/newProducts/?page=1,16900,0,2557
1717757561141,16907,GetNewProducts,200,OK,Thread Group 5000 1-4544,text,true,,1864,150,588,588,http://localhost:5000/api/product/newProducts/?page=1,16907,0,2563
1717757561143,16905,GetNewProducts,200,OK,Thread Group 5000 1-3445,text,true,,1864,150,587,587,http://localhost:5000/api/product/newProducts/?page=1,16905,0,2561
1717757561146,16903,GetNewProducts,200,OK,Thread Group 5000 1-3676,text,true,,1864,150,586,586,http://localhost:5000/api/product/newProducts/?page=1,16903,0,2558
1717757561146,16903,GetNewProducts,200,OK,Thread Group 5000 1-3697,text,true,,1864,150,585,585,http://localhost:5000/api/product/newProducts/?page=1,16903,0,2558
1717757561147,16902,GetNewProducts,200,OK,Thread Group 5000 1-3453,text,true,,1864,150,584,584,http://localhost:5000/api/product/newProducts/?page=1,16902,0,2557
1717757561145,16905,GetNewProducts,200,OK,Thread Group 5000 1-3673,text,true,,1864,150,583,583,http://localhost:5000/api/product/newProducts/?page=1,16905,0,2559
1717757561142,16908,GetNewProducts,200,OK,Thread Group 5000 1-2040,text,true,,1864,150,582,582,http://localhost:5000/api/product/newProducts/?page=1,16908,0,2562
1717757560631,17420,GetNewProducts,200,OK,Thread Group 5000 1-1063,text,true,,1864,150,581,581,http://localhost:5000/api/product/newProducts/?page=1,17420,0,3073
1717757560636,17415,GetNewProducts,200,OK,Thread Group 5000 1-2271,text,true,,1864,150,580,580,http://localhost:5000/api/product/newProducts/?page=1,17415,0,3068
1717757561144,16907,GetNewProducts,200,OK,Thread Group 5000 1-3395,text,true,,1864,150,579,579,http://localhost:5000/api/product/newProducts/?page=1,16907,0,2561
1717757561148,16904,GetNewProducts,200,OK,Thread Group 5000 1-3871,text,true,,1864,150,578,578,http://localhost:5000/api/product/newProducts/?page=1,16904,0,2556
1717757561146,16907,GetNewProducts,200,OK,Thread Group 5000 1-3234,text,true,,1864,150,577,577,http://localhost:5000/api/product/newProducts/?page=1,16907,0,2559
1717757561146,16907,GetNewProducts,200,OK,Thread Group 5000 1-1579,text,true,,1864,150,576,576,http://localhost:5000/api/product/newProducts/?page=1,16907,0,2558
1717757561145,16909,GetNewProducts,200,OK,Thread Group 5000 1-3579,text,true,,1864,150,575,575,http://localhost:5000/api/product/newProducts/?page=1,16909,0,2560
1717757561144,16910,GetNewProducts,200,OK,Thread Group 5000 1-1658,text,true,,1864,150,574,574,http://localhost:5000/api/product/newProducts/?page=1,16910,0,2561
1717757561154,16901,GetNewProducts,200,OK,Thread Group 5000 1-3374,text,true,,1864,150,573,573,http://localhost:5000/api/product/newProducts/?page=1,16901,0,2550
1717757561150,16905,GetNewProducts,200,OK,Thread Group 5000 1-2997,text,true,,1864,150,572,572,http://localhost:5000/api/product/newProducts/?page=1,16905,0,2555
1717757561147,16909,GetNewProducts,200,OK,Thread Group 5000 1-3136,text,true,,1864,150,571,571,http://localhost:5000/api/product/newProducts/?page=1,16909,0,2558
1717757561145,16911,GetNewProducts,200,OK,Thread Group 5000 1-3689,text,true,,1864,150,570,570,http://localhost:5000/api/product/newProducts/?page=1,16911,0,2560
1717757561148,16909,GetNewProducts,200,OK,Thread Group 5000 1-3587,text,true,,1864,150,569,569,http://localhost:5000/api/product/newProducts/?page=1,16909,0,2557
1717757561147,16911,GetNewProducts,200,OK,Thread Group 5000 1-3178,text,true,,1864,150,568,568,http://localhost:5000/api/product/newProducts/?page=1,16911,0,2558
1717757561140,16918,GetNewProducts,200,OK,Thread Group 5000 1-3522,text,true,,1864,150,567,567,http://localhost:5000/api/product/newProducts/?page=1,16918,0,2565
1717757561146,16913,GetNewProducts,200,OK,Thread Group 5000 1-3731,text,true,,1864,150,566,566,http://localhost:5000/api/product/newProducts/?page=1,16913,0,2559
1717757561140,16919,GetNewProducts,200,OK,Thread Group 5000 1-4678,text,true,,1864,150,565,565,http://localhost:5000/api/product/newProducts/?page=1,16919,0,2565
1717757561151,16909,GetNewProducts,200,OK,Thread Group 5000 1-4450,text,true,,1864,150,564,564,http://localhost:5000/api/product/newProducts/?page=1,16909,0,2555
1717757561147,16913,GetNewProducts,200,OK,Thread Group 5000 1-3404,text,true,,1864,150,563,563,http://localhost:5000/api/product/newProducts/?page=1,16913,0,2558
1717757561139,16921,GetNewProducts,200,OK,Thread Group 5000 1-3526,text,true,,1864,150,562,562,http://localhost:5000/api/product/newProducts/?page=1,16921,0,2567
1717757561147,16914,GetNewProducts,200,OK,Thread Group 5000 1-3848,text,true,,1864,150,561,561,http://localhost:5000/api/product/newProducts/?page=1,16914,0,2557
1717757561143,16918,GetNewProducts,200,OK,Thread Group 5000 1-4488,text,true,,1864,150,560,560,http://localhost:5000/api/product/newProducts/?page=1,16918,0,2563
1717757561147,16914,GetNewProducts,200,OK,Thread Group 5000 1-3162,text,true,,1864,150,559,559,http://localhost:5000/api/product/newProducts/?page=1,16914,0,2559
1717757561142,16920,GetNewProducts,200,OK,Thread Group 5000 1-4144,text,true,,1864,150,558,558,http://localhost:5000/api/product/newProducts/?page=1,16920,0,2564
1717757561148,16915,GetNewProducts,200,OK,Thread Group 5000 1-3115,text,true,,1864,150,557,557,http://localhost:5000/api/product/newProducts/?page=1,16915,0,2558
1717757561151,16912,GetNewProducts,200,OK,Thread Group 5000 1-4151,text,true,,1864,150,556,556,http://localhost:5000/api/product/newProducts/?page=1,16912,0,2555
1717757561150,16914,GetNewProducts,200,OK,Thread Group 5000 1-3946,text,true,,1864,150,555,555,http://localhost:5000/api/product/newProducts/?page=1,16914,0,2556
1717757561149,16915,GetNewProducts,200,OK,Thread Group 5000 1-3285,text,true,,1864,150,554,554,http://localhost:5000/api/product/newProducts/?page=1,16915,0,2557
1717757561147,16918,GetNewProducts,200,OK,Thread Group 5000 1-3408,text,true,,1864,150,553,553,http://localhost:5000/api/product/newProducts/?page=1,16918,0,2559
1717757561140,16925,GetNewProducts,200,OK,Thread Group 5000 1-4512,text,true,,1864,150,552,552,http://localhost:5000/api/product/newProducts/?page=1,16925,0,2566
1717757561145,16921,GetNewProducts,200,OK,Thread Group 5000 1-3629,text,true,,1864,150,551,551,http://localhost:5000/api/product/newProducts/?page=1,16921,0,2561
1717757561150,16916,GetNewProducts,200,OK,Thread Group 5000 1-3919,text,true,,1864,150,550,550,http://localhost:5000/api/product/newProducts/?page=1,16916,0,2556
1717757561146,16921,GetNewProducts,200,OK,Thread Group 5000 1-3269,text,true,,1864,150,549,549,http://localhost:5000/api/product/newProducts/?page=1,16921,0,2560
1717757561147,16920,GetNewProducts,200,OK,Thread Group 5000 1-2289,text,true,,1864,150,548,548,http://localhost:5000/api/product/newProducts/?page=1,16920,0,2559
1717757561151,16917,GetNewProducts,200,OK,Thread Group 5000 1-1955,text,true,,1864,150,547,547,http://localhost:5000/api/product/newProducts/?page=1,16917,0,2555
1717757561140,16928,GetNewProducts,200,OK,Thread Group 5000 1-4464,text,true,,1864,150,546,546,http://localhost:5000/api/product/newProducts/?page=1,16928,0,2566
1717757561141,16928,GetNewProducts,200,OK,Thread Group 5000 1-4659,text,true,,1864,150,545,545,http://localhost:5000/api/product/newProducts/?page=1,16928,0,2566
1717757561150,16919,GetNewProducts,200,OK,Thread Group 5000 1-2984,text,true,,1864,150,544,544,http://localhost:5000/api/product/newProducts/?page=1,16919,0,2556
1717757561142,16927,GetNewProducts,200,OK,Thread Group 5000 1-3517,text,true,,1864,150,543,543,http://localhost:5000/api/product/newProducts/?page=1,16927,0,2565
1717757561151,16919,GetNewProducts,200,OK,Thread Group 5000 1-4175,text,true,,1864,150,542,542,http://localhost:5000/api/product/newProducts/?page=1,16919,0,2555
1717757561152,16918,GetNewProducts,200,OK,Thread Group 5000 1-4607,text,true,,1864,150,541,541,http://localhost:5000/api/product/newProducts/?page=1,16918,0,2555
1717757561142,16929,GetNewProducts,200,OK,Thread Group 5000 1-3492,text,true,,1864,150,540,540,http://localhost:5000/api/product/newProducts/?page=1,16929,0,2565
1717757561153,16919,GetNewProducts,200,OK,Thread Group 5000 1-3026,text,true,,1864,150,539,539,http://localhost:5000/api/product/newProducts/?page=1,16919,0,2554
1717757561151,16921,GetNewProducts,200,OK,Thread Group 5000 1-4467,text,true,,1864,150,538,538,http://localhost:5000/api/product/newProducts/?page=1,16921,0,2555
1717757561151,16922,GetNewProducts,200,OK,Thread Group 5000 1-4226,text,true,,1864,150,537,537,http://localhost:5000/api/product/newProducts/?page=1,16922,0,2556
1717757561150,16923,GetNewProducts,200,OK,Thread Group 5000 1-3973,text,true,,1864,150,536,536,http://localhost:5000/api/product/newProducts/?page=1,16923,0,2557
1717757561149,16924,GetNewProducts,200,OK,Thread Group 5000 1-3833,text,true,,1864,150,535,535,http://localhost:5000/api/product/newProducts/?page=1,16924,0,2557
1717757561142,16932,GetNewProducts,200,OK,Thread Group 5000 1-4804,text,true,,1864,150,534,534,http://localhost:5000/api/product/newProducts/?page=1,16932,0,2565
1717757561151,16923,GetNewProducts,200,OK,Thread Group 5000 1-4256,text,true,,1864,150,533,533,http://localhost:5000/api/product/newProducts/?page=1,16923,0,2556
1717757561152,16923,GetNewProducts,200,OK,Thread Group 5000 1-4404,text,true,,1864,150,532,532,http://localhost:5000/api/product/newProducts/?page=1,16923,0,2555
1717757561152,16923,GetNewProducts,200,OK,Thread Group 5000 1-3458,text,true,,1864,150,531,531,http://localhost:5000/api/product/newProducts/?page=1,16923,0,2555
1717757561150,16926,GetNewProducts,200,OK,Thread Group 5000 1-3922,text,true,,1864,150,530,530,http://localhost:5000/api/product/newProducts/?page=1,16926,0,2557
1717757561150,16927,GetNewProducts,200,OK,Thread Group 5000 1-3885,text,true,,1864,150,529,529,http://localhost:5000/api/product/newProducts/?page=1,16927,0,2557
1717757561152,16925,GetNewProducts,200,OK,Thread Group 5000 1-4620,text,true,,1864,150,528,528,http://localhost:5000/api/product/newProducts/?page=1,16925,0,2555
1717757561154,16924,GetNewProducts,200,OK,Thread Group 5000 1-3373,text,true,,1864,150,527,527,http://localhost:5000/api/product/newProducts/?page=1,16924,0,2553
1717757561152,16926,GetNewProducts,200,OK,Thread Group 5000 1-4845,text,true,,1864,150,526,526,http://localhost:5000/api/product/newProducts/?page=1,16926,0,2555
1717757560641,17438,GetNewProducts,200,OK,Thread Group 5000 1-2293,text,true,,1864,150,525,525,http://localhost:5000/api/product/newProducts/?page=1,17438,0,3066
1717757561151,16928,GetNewProducts,200,OK,Thread Group 5000 1-4083,text,true,,1864,150,524,524,http://localhost:5000/api/product/newProducts/?page=1,16928,0,2556
1717757561154,16926,GetNewProducts,200,OK,Thread Group 5000 1-3609,text,true,,1864,150,523,523,http://localhost:5000/api/product/newProducts/?page=1,16926,0,2553
1717757561151,16929,GetNewProducts,200,OK,Thread Group 5000 1-4082,text,true,,1864,150,522,522,http://localhost:5000/api/product/newProducts/?page=1,16929,0,2556
1717757561153,16927,GetNewProducts,200,OK,Thread Group 5000 1-3342,text,true,,1864,150,521,521,http://localhost:5000/api/product/newProducts/?page=1,16927,0,2554
1717757561149,16932,GetNewProducts,200,OK,Thread Group 5000 1-3045,text,true,,1864,150,520,520,http://localhost:5000/api/product/newProducts/?page=1,16932,0,2558
1717757560630,17452,GetNewProducts,200,OK,Thread Group 5000 1-2217,text,true,,1864,150,519,519,http://localhost:5000/api/product/newProducts/?page=1,17452,0,3077
1717757560629,17453,GetNewProducts,200,OK,Thread Group 5000 1-2210,text,true,,1864,150,518,518,http://localhost:5000/api/product/newProducts/?page=1,17453,0,3078
1717757561152,16931,GetNewProducts,200,OK,Thread Group 5000 1-1431,text,true,,1864,150,517,517,http://localhost:5000/api/product/newProducts/?page=1,16931,0,2555
1717757561142,16941,GetNewProducts,200,OK,Thread Group 5000 1-4528,text,true,,1864,150,516,516,http://localhost:5000/api/product/newProducts/?page=1,16941,0,2565
1717757561152,16932,GetNewProducts,200,OK,Thread Group 5000 1-4608,text,true,,1864,150,515,515,http://localhost:5000/api/product/newProducts/?page=1,16932,0,2555
1717757560632,17452,GetNewProducts,200,OK,Thread Group 5000 1-2242,text,true,,1864,150,514,514,http://localhost:5000/api/product/newProducts/?page=1,17452,0,3075
1717757561149,16936,GetNewProducts,200,OK,Thread Group 5000 1-3328,text,true,,1864,150,513,513,http://localhost:5000/api/product/newProducts/?page=1,16936,0,2558
1717757561150,16936,GetNewProducts,200,OK,Thread Group 5000 1-3884,text,true,,1864,150,512,512,http://localhost:5000/api/product/newProducts/?page=1,16936,0,2557
1717757561152,16934,GetNewProducts,200,OK,Thread Group 5000 1-4605,text,true,,1864,150,511,511,http://localhost:5000/api/product/newProducts/?page=1,16934,0,2555
1717757561144,16943,GetNewProducts,200,OK,Thread Group 5000 1-3387,text,true,,1864,150,510,510,http://localhost:5000/api/product/newProducts/?page=1,16943,0,2563
1717757561153,16935,GetNewProducts,200,OK,Thread Group 5000 1-1812,text,true,,1864,150,509,509,http://localhost:5000/api/product/newProducts/?page=1,16935,0,2554
1717757561143,16945,GetNewProducts,200,OK,Thread Group 5000 1-3551,text,true,,1864,150,508,508,http://localhost:5000/api/product/newProducts/?page=1,16945,0,2564
1717757560637,17451,GetNewProducts,200,OK,Thread Group 5000 1-2278,text,true,,1864,150,507,507,http://localhost:5000/api/product/newProducts/?page=1,17451,0,3070
1717757560632,17457,GetNewProducts,200,OK,Thread Group 5000 1-2238,text,true,,1864,150,506,506,http://localhost:5000/api/product/newProducts/?page=1,17457,0,3075
1717757560642,17447,GetNewProducts,200,OK,Thread Group 5000 1-2294,text,true,,1864,150,505,505,http://localhost:5000/api/product/newProducts/?page=1,17447,0,3065
1717757561145,16945,GetNewProducts,200,OK,Thread Group 5000 1-1765,text,true,,1864,150,504,504,http://localhost:5000/api/product/newProducts/?page=1,16945,0,2562
1717757561150,16940,GetNewProducts,200,OK,Thread Group 5000 1-3943,text,true,,1864,150,503,503,http://localhost:5000/api/product/newProducts/?page=1,16940,0,2557
1717757561145,16945,GetNewProducts,200,OK,Thread Group 5000 1-3664,text,true,,1864,150,502,502,http://localhost:5000/api/product/newProducts/?page=1,16945,0,2563
1717757561145,16946,GetNewProducts,200,OK,Thread Group 5000 1-3937,text,true,,1864,150,501,501,http://localhost:5000/api/product/newProducts/?page=1,16946,0,2563
1717757561144,16947,GetNewProducts,200,OK,Thread Group 5000 1-4651,text,true,,1864,150,500,500,http://localhost:5000/api/product/newProducts/?page=1,16947,0,2563
1717757561147,16946,GetNewProducts,200,OK,Thread Group 5000 1-1567,text,true,,1864,150,499,499,http://localhost:5000/api/product/newProducts/?page=1,16946,0,2560
1717757561145,16948,GetNewProducts,200,OK,Thread Group 5000 1-3615,text,true,,1864,150,498,498,http://localhost:5000/api/product/newProducts/?page=1,16948,0,2562
1717757561151,16942,GetNewProducts,200,OK,Thread Group 5000 1-4163,text,true,,1864,150,497,497,http://localhost:5000/api/product/newProducts/?page=1,16942,0,2556
1717757561151,16943,GetNewProducts,200,OK,Thread Group 5000 1-3999,text,true,,1864,150,496,496,http://localhost:5000/api/product/newProducts/?page=1,16943,0,2556
1717757560643,17451,GetNewProducts,200,OK,Thread Group 5000 1-2301,text,true,,1864,150,495,495,http://localhost:5000/api/product/newProducts/?page=1,17451,0,3065
1717757560631,17464,GetNewProducts,200,OK,Thread Group 5000 1-2233,text,true,,1864,150,494,494,http://localhost:5000/api/product/newProducts/?page=1,17464,0,3077
1717757560635,17460,GetNewProducts,200,OK,Thread Group 5000 1-2261,text,true,,1864,150,493,493,http://localhost:5000/api/product/newProducts/?page=1,17460,0,3073
1717757561154,16942,GetNewProducts,200,OK,Thread Group 5000 1-2307,text,true,,1864,150,492,492,http://localhost:5000/api/product/newProducts/?page=1,16942,0,2553
1717757561144,16952,GetNewProducts,200,OK,Thread Group 5000 1-3580,text,true,,1864,150,491,491,http://localhost:5000/api/product/newProducts/?page=1,16952,0,2564
1717757561148,16948,GetNewProducts,200,OK,Thread Group 5000 1-4582,text,true,,1864,150,490,490,http://localhost:5000/api/product/newProducts/?page=1,16948,0,2559
1717757561153,16944,GetNewProducts,200,OK,Thread Group 5000 1-4382,text,true,,1864,150,489,489,http://localhost:5000/api/product/newProducts/?page=1,16944,0,2554
1717757560629,17469,GetNewProducts,200,OK,Thread Group 5000 1-2201,text,true,,1864,150,488,488,http://localhost:5000/api/product/newProducts/?page=1,17469,0,3079
1717757561150,16948,GetNewProducts,200,OK,Thread Group 5000 1-4962,text,true,,1864,150,487,487,http://localhost:5000/api/product/newProducts/?page=1,16948,0,2557
1717757561154,16945,GetNewProducts,200,OK,Thread Group 5000 1-4503,text,true,,1864,150,486,486,http://localhost:5000/api/product/newProducts/?page=1,16945,0,2553
1717757561154,16945,GetNewProducts,200,OK,Thread Group 5000 1-3448,text,true,,1864,150,485,485,http://localhost:5000/api/product/newProducts/?page=1,16945,0,2554
1717757561148,16952,GetNewProducts,200,OK,Thread Group 5000 1-3856,text,true,,1864,150,484,484,http://localhost:5000/api/product/newProducts/?page=1,16952,0,2560
1717757561152,16948,GetNewProducts,200,OK,Thread Group 5000 1-1403,text,true,,1864,150,483,483,http://localhost:5000/api/product/newProducts/?page=1,16948,0,2555
1717757561153,16948,GetNewProducts,200,OK,Thread Group 5000 1-2999,text,true,,1864,150,482,482,http://localhost:5000/api/product/newProducts/?page=1,16948,0,2554
1717757561149,16952,GetNewProducts,200,OK,Thread Group 5000 1-3312,text,true,,1864,150,481,481,http://localhost:5000/api/product/newProducts/?page=1,16952,0,2559
1717757560631,17471,GetNewProducts,200,OK,Thread Group 5000 1-2229,text,true,,1864,150,480,480,http://localhost:5000/api/product/newProducts/?page=1,17471,0,3077
1717757561145,16957,GetNewProducts,200,OK,Thread Group 5000 1-3682,text,true,,1864,150,479,479,http://localhost:5000/api/product/newProducts/?page=1,16957,0,2562
1717757561149,16954,GetNewProducts,200,OK,Thread Group 5000 1-3193,text,true,,1864,150,478,478,http://localhost:5000/api/product/newProducts/?page=1,16954,0,2559
1717757561145,16958,GetNewProducts,200,OK,Thread Group 5000 1-3296,text,true,,1864,150,477,477,http://localhost:5000/api/product/newProducts/?page=1,16958,0,2563
1717757561146,16958,GetNewProducts,200,OK,Thread Group 5000 1-4335,text,true,,1864,150,476,476,http://localhost:5000/api/product/newProducts/?page=1,16958,0,2561
1717757560630,17474,GetNewProducts,200,OK,Thread Group 5000 1-2218,text,true,,1864,150,475,475,http://localhost:5000/api/product/newProducts/?page=1,17474,0,3077
1717757561146,16958,GetNewProducts,200,OK,Thread Group 5000 1-3179,text,true,,1864,150,474,474,http://localhost:5000/api/product/newProducts/?page=1,16958,0,2561
1717757561145,16960,GetNewProducts,200,OK,Thread Group 5000 1-3576,text,true,,1864,150,473,473,http://localhost:5000/api/product/newProducts/?page=1,16960,0,2563
1717757561149,16957,GetNewProducts,200,OK,Thread Group 5000 1-3903,text,true,,1864,150,472,472,http://localhost:5000/api/product/newProducts/?page=1,16957,0,2558
1717757561147,16959,GetNewProducts,200,OK,Thread Group 5000 1-3160,text,true,,1864,150,471,471,http://localhost:5000/api/product/newProducts/?page=1,16959,0,2562
1717757561146,16961,GetNewProducts,200,OK,Thread Group 5000 1-1533,text,true,,1864,150,470,470,http://localhost:5000/api/product/newProducts/?page=1,16961,0,2563
1717757561144,16963,GetNewProducts,200,OK,Thread Group 5000 1-4813,text,true,,1864,150,469,469,http://localhost:5000/api/product/newProducts/?page=1,16963,0,2565
1717757561152,16958,GetNewProducts,200,OK,Thread Group 5000 1-4332,text,true,,1864,150,468,468,http://localhost:5000/api/product/newProducts/?page=1,16958,0,2556
1717757561150,16961,GetNewProducts,200,OK,Thread Group 5000 1-3975,text,true,,1864,150,467,467,http://localhost:5000/api/product/newProducts/?page=1,16961,0,2557
1717757561150,16961,GetNewProducts,200,OK,Thread Group 5000 1-2993,text,true,,1864,150,466,466,http://localhost:5000/api/product/newProducts/?page=1,16961,0,2558
1717757561143,16968,GetNewProducts,200,OK,Thread Group 5000 1-4761,text,true,,1864,150,465,465,http://localhost:5000/api/product/newProducts/?page=1,16968,0,2565
1717757561149,16963,GetNewProducts,200,OK,Thread Group 5000 1-3317,text,true,,1864,150,464,464,http://localhost:5000/api/product/newProducts/?page=1,16963,0,2559
1717757561146,16967,GetNewProducts,200,OK,Thread Group 5000 1-3323,text,true,,1864,150,463,463,http://localhost:5000/api/product/newProducts/?page=1,16967,0,2561
1717757561147,16966,GetNewProducts,200,OK,Thread Group 5000 1-4133,text,true,,1864,150,462,462,http://localhost:5000/api/product/newProducts/?page=1,16966,0,2562
1717757560639,17474,GetNewProducts,200,OK,Thread Group 5000 1-2286,text,true,,1864,150,461,461,http://localhost:5000/api/product/newProducts/?page=1,17474,0,3068
1717757560634,17481,GetNewProducts,200,OK,Thread Group 5000 1-1092,text,true,,1864,150,460,460,http://localhost:5000/api/product/newProducts/?page=1,17481,0,3074
1717757561146,16969,GetNewProducts,200,OK,Thread Group 5000 1-3726,text,true,,1864,150,459,459,http://localhost:5000/api/product/newProducts/?page=1,16969,0,2561
1717757560629,17487,GetNewProducts,200,OK,Thread Group 5000 1-2204,text,true,,1864,150,458,458,http://localhost:5000/api/product/newProducts/?page=1,17487,0,3080
1717757561147,16969,GetNewProducts,200,OK,Thread Group 5000 1-3851,text,true,,1864,150,457,457,http://localhost:5000/api/product/newProducts/?page=1,16969,0,2561
1717757561152,16964,GetNewProducts,200,OK,Thread Group 5000 1-4718,text,true,,1864,150,456,456,http://localhost:5000/api/product/newProducts/?page=1,16964,0,2555
1717757561153,16964,GetNewProducts,200,OK,Thread Group 5000 1-4771,text,true,,1864,150,455,455,http://localhost:5000/api/product/newProducts/?page=1,16964,0,2554
1717757561154,16963,GetNewProducts,200,OK,Thread Group 5000 1-4799,text,true,,1864,150,454,454,http://localhost:5000/api/product/newProducts/?page=1,16963,0,2554
1717757561147,16971,GetNewProducts,200,OK,Thread Group 5000 1-3818,text,true,,1864,150,453,453,http://localhost:5000/api/product/newProducts/?page=1,16971,0,2560
1717757561149,16969,GetNewProducts,200,OK,Thread Group 5000 1-2986,text,true,,1864,150,452,452,http://localhost:5000/api/product/newProducts/?page=1,16969,0,2559
1717757561153,16966,GetNewProducts,200,OK,Thread Group 5000 1-3659,text,true,,1864,150,451,451,http://localhost:5000/api/product/newProducts/?page=1,16966,0,2555
1717757561149,16971,GetNewProducts,200,OK,Thread Group 5000 1-3216,text,true,,1864,150,450,450,http://localhost:5000/api/product/newProducts/?page=1,16971,0,2559
1717757561141,16979,GetNewProducts,200,OK,Thread Group 5000 1-3472,text,true,,1864,150,449,449,http://localhost:5000/api/product/newProducts/?page=1,16979,0,2568
1717757561149,16972,GetNewProducts,200,OK,Thread Group 5000 1-3229,text,true,,1864,150,448,448,http://localhost:5000/api/product/newProducts/?page=1,16972,0,2560
1717757561148,16973,GetNewProducts,200,OK,Thread Group 5000 1-3456,text,true,,1864,150,447,447,http://localhost:5000/api/product/newProducts/?page=1,16973,0,2561
1717757561147,16974,GetNewProducts,200,OK,Thread Group 5000 1-4380,text,true,,1864,150,446,446,http://localhost:5000/api/product/newProducts/?page=1,16974,0,2562
1717757561149,16973,GetNewProducts,200,OK,Thread Group 5000 1-3213,text,true,,1864,150,445,445,http://localhost:5000/api/product/newProducts/?page=1,16973,0,2560
1717757561145,16977,GetNewProducts,200,OK,Thread Group 5000 1-3645,text,true,,1864,150,444,444,http://localhost:5000/api/product/newProducts/?page=1,16977,0,2564
1717757561153,16970,GetNewProducts,200,OK,Thread Group 5000 1-3632,text,true,,1864,150,443,443,http://localhost:5000/api/product/newProducts/?page=1,16970,0,2556
1717757561146,16977,GetNewProducts,200,OK,Thread Group 5000 1-3256,text,true,,1864,150,442,442,http://localhost:5000/api/product/newProducts/?page=1,16977,0,2563
1717757561150,16973,GetNewProducts,200,OK,Thread Group 5000 1-4777,text,true,,1864,150,441,441,http://localhost:5000/api/product/newProducts/?page=1,16973,0,2559
1717757561153,16972,GetNewProducts,200,OK,Thread Group 5000 1-4517,text,true,,1864,150,440,440,http://localhost:5000/api/product/newProducts/?page=1,16972,0,2556
1717757561142,16983,GetNewProducts,200,OK,Thread Group 5000 1-3494,text,true,,1864,150,439,439,http://localhost:5000/api/product/newProducts/?page=1,16983,0,2566
1717757561150,16976,GetNewProducts,200,OK,Thread Group 5000 1-3015,text,true,,1864,150,438,438,http://localhost:5000/api/product/newProducts/?page=1,16976,0,2558
1717757561153,16973,GetNewProducts,200,OK,Thread Group 5000 1-3464,text,true,,1864,150,437,437,http://localhost:5000/api/product/newProducts/?page=1,16973,0,2556
1717757561151,16976,GetNewProducts,200,OK,Thread Group 5000 1-4020,text,true,,1864,150,436,436,http://localhost:5000/api/product/newProducts/?page=1,16976,0,2558
1717757561147,16980,GetNewProducts,200,OK,Thread Group 5000 1-3771,text,true,,1864,150,435,435,http://localhost:5000/api/product/newProducts/?page=1,16980,0,2561
1717757561154,16973,GetNewProducts,200,OK,Thread Group 5000 1-3368,text,true,,1864,150,434,434,http://localhost:5000/api/product/newProducts/?page=1,16973,0,2555
1717757561153,16975,GetNewProducts,200,OK,Thread Group 5000 1-3869,text,true,,1864,150,433,433,http://localhost:5000/api/product/newProducts/?page=1,16975,0,2556
1717757561153,16975,GetNewProducts,200,OK,Thread Group 5000 1-4959,text,true,,1864,150,432,432,http://localhost:5000/api/product/newProducts/?page=1,16975,0,2555
1717757561149,16980,GetNewProducts,200,OK,Thread Group 5000 1-2985,text,true,,1864,150,431,431,http://localhost:5000/api/product/newProducts/?page=1,16980,0,2560
1717757561151,16978,GetNewProducts,200,OK,Thread Group 5000 1-4247,text,true,,1864,150,430,430,http://localhost:5000/api/product/newProducts/?page=1,16978,0,2557
1717757561148,16982,GetNewProducts,200,OK,Thread Group 5000 1-3129,text,true,,1864,150,429,429,http://localhost:5000/api/product/newProducts/?page=1,16982,0,2561
1717757561149,16981,GetNewProducts,200,OK,Thread Group 5000 1-3341,text,true,,1864,150,428,428,http://localhost:5000/api/product/newProducts/?page=1,16981,0,2560
1717757560633,17497,GetNewProducts,200,OK,Thread Group 5000 1-2247,text,true,,1864,150,427,427,http://localhost:5000/api/product/newProducts/?page=1,17497,0,3075
1717757561150,16981,GetNewProducts,200,OK,Thread Group 5000 1-3916,text,true,,1864,150,426,426,http://localhost:5000/api/product/newProducts/?page=1,16981,0,2560
1717757561148,16983,GetNewProducts,200,OK,Thread Group 5000 1-3033,text,true,,1864,150,425,425,http://localhost:5000/api/product/newProducts/?page=1,16983,0,2561
1717757561147,16985,GetNewProducts,200,OK,Thread Group 5000 1-3144,text,true,,1864,150,424,424,http://localhost:5000/api/product/newProducts/?page=1,16985,0,2562
1717757561148,16984,GetNewProducts,200,OK,Thread Group 5000 1-1849,text,true,,1864,150,423,423,http://localhost:5000/api/product/newProducts/?page=1,16984,0,2562
1717757561153,16979,GetNewProducts,200,OK,Thread Group 5000 1-4451,text,true,,1864,150,422,422,http://localhost:5000/api/product/newProducts/?page=1,16979,0,2555
1717757561147,16986,GetNewProducts,200,OK,Thread Group 5000 1-3469,text,true,,1864,150,421,421,http://localhost:5000/api/product/newProducts/?page=1,16986,0,2562
1717757561153,16981,GetNewProducts,200,OK,Thread Group 5000 1-4636,text,true,,1864,150,420,420,http://localhost:5000/api/product/newProducts/?page=1,16981,0,2556
1717757561142,16992,GetNewProducts,200,OK,Thread Group 5000 1-4448,text,true,,1864,150,419,419,http://localhost:5000/api/product/newProducts/?page=1,16992,0,2568
1717757561144,16991,GetNewProducts,200,OK,Thread Group 5000 1-4693,text,true,,1864,150,418,418,http://localhost:5000/api/product/newProducts/?page=1,16991,0,2566
1717757561148,16987,GetNewProducts,200,OK,Thread Group 5000 1-3280,text,true,,1864,150,417,417,http://localhost:5000/api/product/newProducts/?page=1,16987,0,2562
1717757560631,17505,GetNewProducts,200,OK,Thread Group 5000 1-2225,text,true,,1864,150,416,416,http://localhost:5000/api/product/newProducts/?page=1,17505,0,3079
1717757561144,16992,GetNewProducts,200,OK,Thread Group 5000 1-3558,text,true,,1864,150,415,415,http://localhost:5000/api/product/newProducts/?page=1,16992,0,2564
1717757561151,16985,GetNewProducts,200,OK,Thread Group 5000 1-4434,text,true,,1864,150,414,414,http://localhost:5000/api/product/newProducts/?page=1,16985,0,2557
1717757561150,16987,GetNewProducts,200,OK,Thread Group 5000 1-3933,text,true,,1864,150,413,413,http://localhost:5000/api/product/newProducts/?page=1,16987,0,2560
1717757561144,16993,GetNewProducts,200,OK,Thread Group 5000 1-4988,text,true,,1864,150,412,412,http://localhost:5000/api/product/newProducts/?page=1,16993,0,2566
1717757561153,16985,GetNewProducts,200,OK,Thread Group 5000 1-3344,text,true,,1864,150,411,411,http://localhost:5000/api/product/newProducts/?page=1,16985,0,2557
1717757561141,16997,GetNewProducts,200,OK,Thread Group 5000 1-4499,text,true,,1864,150,410,410,http://localhost:5000/api/product/newProducts/?page=1,16997,0,2567
1717757561153,16986,GetNewProducts,200,OK,Thread Group 5000 1-3236,text,true,,1864,150,409,409,http://localhost:5000/api/product/newProducts/?page=1,16986,0,2557
1717757561153,16986,GetNewProducts,200,OK,Thread Group 5000 1-3774,text,true,,1864,150,408,408,http://localhost:5000/api/product/newProducts/?page=1,16986,0,2555
1717757560638,17502,GetNewProducts,200,OK,Thread Group 5000 1-1091,text,true,,1864,150,407,407,http://localhost:5000/api/product/newProducts/?page=1,17502,0,3070
1717757560628,17512,GetNewProducts,200,OK,Thread Group 5000 1-1046,text,true,,1864,150,406,406,http://localhost:5000/api/product/newProducts/?page=1,17512,0,3080
1717757561151,16990,GetNewProducts,200,OK,Thread Group 5000 1-4257,text,true,,1864,150,405,405,http://localhost:5000/api/product/newProducts/?page=1,16990,0,2559
1717757560638,17503,GetNewProducts,200,OK,Thread Group 5000 1-2284,text,true,,1864,150,404,404,http://localhost:5000/api/product/newProducts/?page=1,17503,0,3072
1717757561143,16999,GetNewProducts,200,OK,Thread Group 5000 1-4739,text,true,,1864,150,403,403,http://localhost:5000/api/product/newProducts/?page=1,16999,0,2565
1717757561146,16996,GetNewProducts,200,OK,Thread Group 5000 1-3718,text,true,,1864,150,402,402,http://localhost:5000/api/product/newProducts/?page=1,16996,0,2563
1717757561147,16996,GetNewProducts,200,OK,Thread Group 5000 1-3175,text,true,,1864,150,401,401,http://localhost:5000/api/product/newProducts/?page=1,16996,0,2562
1717757561145,16998,GetNewProducts,200,OK,Thread Group 5000 1-3343,text,true,,1864,150,400,400,http://localhost:5000/api/product/newProducts/?page=1,16998,0,2564
1717757560629,17515,GetNewProducts,200,OK,Thread Group 5000 1-2206,text,true,,1864,150,399,399,http://localhost:5000/api/product/newProducts/?page=1,17515,0,3079
1717757561152,16992,GetNewProducts,200,OK,Thread Group 5000 1-3378,text,true,,1864,150,398,398,http://localhost:5000/api/product/newProducts/?page=1,16992,0,2557
1717757561141,17003,GetNewProducts,200,OK,Thread Group 5000 1-4563,text,true,,1864,150,397,397,http://localhost:5000/api/product/newProducts/?page=1,17003,0,2567
1717757561140,17005,GetNewProducts,200,OK,Thread Group 5000 1-3520,text,true,,1864,150,396,396,http://localhost:5000/api/product/newProducts/?page=1,17005,0,2570
1717757561143,17002,GetNewProducts,200,OK,Thread Group 5000 1-4480,text,true,,1864,150,395,395,http://localhost:5000/api/product/newProducts/?page=1,17002,0,2567
1717757561144,17002,GetNewProducts,200,OK,Thread Group 5000 1-3389,text,true,,1864,150,394,394,http://localhost:5000/api/product/newProducts/?page=1,17002,0,2567
1717757561154,16992,GetNewProducts,200,OK,Thread Group 5000 1-3455,text,true,,1864,150,393,393,http://localhost:5000/api/product/newProducts/?page=1,16992,0,2555
1717757561141,17005,GetNewProducts,200,OK,Thread Group 5000 1-3504,text,true,,1864,150,392,392,http://localhost:5000/api/product/newProducts/?page=1,17005,0,2570
1717757561142,17006,GetNewProducts,200,OK,Thread Group 5000 1-4469,text,true,,1864,150,391,391,http://localhost:5000/api/product/newProducts/?page=1,17006,0,2569
1717757561144,17004,GetNewProducts,200,OK,Thread Group 5000 1-4984,text,true,,1864,150,390,390,http://localhost:5000/api/product/newProducts/?page=1,17004,0,2567
1717757561140,17009,GetNewProducts,200,OK,Thread Group 5000 1-4453,text,true,,1864,150,389,389,http://localhost:5000/api/product/newProducts/?page=1,17009,0,2571
1717757561144,17005,GetNewProducts,200,OK,Thread Group 5000 1-4088,text,true,,1864,150,388,388,http://localhost:5000/api/product/newProducts/?page=1,17005,0,2567
1717757561143,17007,GetNewProducts,200,OK,Thread Group 5000 1-4871,text,true,,1864,150,387,387,http://localhost:5000/api/product/newProducts/?page=1,17007,0,2566
1717757561146,17004,GetNewProducts,200,OK,Thread Group 5000 1-3204,text,true,,1864,150,386,386,http://localhost:5000/api/product/newProducts/?page=1,17004,0,2565
1717757561142,17009,GetNewProducts,200,OK,Thread Group 5000 1-4485,text,true,,1864,150,385,385,http://localhost:5000/api/product/newProducts/?page=1,17009,0,2569
1717757561140,17011,GetNewProducts,200,OK,Thread Group 5000 1-4539,text,true,,1864,150,384,384,http://localhost:5000/api/product/newProducts/?page=1,17011,0,2569
1717757561143,17008,GetNewProducts,200,OK,Thread Group 5000 1-4641,text,true,,1864,150,383,383,http://localhost:5000/api/product/newProducts/?page=1,17008,0,2568
1717757561146,17006,GetNewProducts,200,OK,Thread Group 5000 1-3756,text,true,,1864,150,382,382,http://localhost:5000/api/product/newProducts/?page=1,17006,0,2565
1717757561153,16999,GetNewProducts,200,OK,Thread Group 5000 1-3547,text,true,,1864,150,381,381,http://localhost:5000/api/product/newProducts/?page=1,16999,0,2556
1717757561152,17001,GetNewProducts,200,OK,Thread Group 5000 1-4328,text,true,,1864,150,380,380,http://localhost:5000/api/product/newProducts/?page=1,17001,0,2559
1717757561144,17009,GetNewProducts,200,OK,Thread Group 5000 1-4826,text,true,,1864,150,379,379,http://localhost:5000/api/product/newProducts/?page=1,17009,0,2565
1717757561140,17014,GetNewProducts,200,OK,Thread Group 5000 1-4391,text,true,,1864,150,378,378,http://localhost:5000/api/product/newProducts/?page=1,17014,0,2569
1717757561142,17012,GetNewProducts,200,OK,Thread Group 5000 1-4441,text,true,,1864,150,377,377,http://localhost:5000/api/product/newProducts/?page=1,17012,0,2569
1717757561140,17015,GetNewProducts,200,OK,Thread Group 5000 1-3475,text,true,,1864,150,376,376,http://localhost:5000/api/product/newProducts/?page=1,17015,0,2569
1717757561144,17012,GetNewProducts,200,OK,Thread Group 5000 1-2004,text,true,,1864,150,375,375,http://localhost:5000/api/product/newProducts/?page=1,17011,0,2567
1717757561145,17011,GetNewProducts,200,OK,Thread Group 5000 1-3691,text,true,,1864,150,374,374,http://localhost:5000/api/product/newProducts/?page=1,17011,0,2564
1717757561147,17009,GetNewProducts,200,OK,Thread Group 5000 1-3794,text,true,,1864,150,373,373,http://localhost:5000/api/product/newProducts/?page=1,17009,0,2562
1717757561152,17005,GetNewProducts,200,OK,Thread Group 5000 1-4665,text,true,,1864,150,372,372,http://localhost:5000/api/product/newProducts/?page=1,17005,0,2558
1717757561146,17011,GetNewProducts,200,OK,Thread Group 5000 1-3258,text,true,,1864,150,371,371,http://localhost:5000/api/product/newProducts/?page=1,17011,0,2563
1717757561148,17010,GetNewProducts,200,OK,Thread Group 5000 1-4033,text,true,,1864,150,370,370,http://localhost:5000/api/product/newProducts/?page=1,17010,0,2562
1717757561147,17011,GetNewProducts,200,OK,Thread Group 5000 1-3823,text,true,,1864,150,369,369,http://localhost:5000/api/product/newProducts/?page=1,17011,0,2562
1717757561143,17016,GetNewProducts,200,OK,Thread Group 5000 1-4640,text,true,,1864,150,368,368,http://localhost:5000/api/product/newProducts/?page=1,17016,0,2568
1717757561153,17006,GetNewProducts,200,OK,Thread Group 5000 1-3468,text,true,,1864,150,367,367,http://localhost:5000/api/product/newProducts/?page=1,17006,0,2557
1717757561153,17006,GetNewProducts,200,OK,Thread Group 5000 1-3646,text,true,,1864,150,366,366,http://localhost:5000/api/product/newProducts/?page=1,17006,0,2556
1717757561152,17008,GetNewProducts,200,OK,Thread Group 5000 1-4369,text,true,,1864,150,365,365,http://localhost:5000/api/product/newProducts/?page=1,17008,0,2558
1717757560641,17519,GetNewProducts,200,OK,Thread Group 5000 1-1106,text,true,,1864,150,364,364,http://localhost:5000/api/product/newProducts/?page=1,17519,0,3068
1717757561152,17009,GetNewProducts,200,OK,Thread Group 5000 1-4696,text,true,,1864,150,363,363,http://localhost:5000/api/product/newProducts/?page=1,17009,0,2558
1717757561149,17013,GetNewProducts,200,OK,Thread Group 5000 1-3011,text,true,,1864,150,362,362,http://localhost:5000/api/product/newProducts/?page=1,17013,0,2560
1717757561148,17015,GetNewProducts,200,OK,Thread Group 5000 1-3084,text,true,,1864,150,361,361,http://localhost:5000/api/product/newProducts/?page=1,17015,0,2563
1717757561147,17016,GetNewProducts,200,OK,Thread Group 5000 1-4344,text,true,,1864,150,360,360,http://localhost:5000/api/product/newProducts/?page=1,17016,0,2564
1717757561139,17025,GetNewProducts,200,OK,Thread Group 5000 1-4535,text,true,,1864,150,359,359,http://localhost:5000/api/product/newProducts/?page=1,17025,0,2569
1717757560641,17523,GetNewProducts,200,OK,Thread Group 5000 1-2296,text,true,,1864,150,358,358,http://localhost:5000/api/product/newProducts/?page=1,17523,0,3070
1717757560643,17522,GetNewProducts,200,OK,Thread Group 5000 1-2300,text,true,,1864,150,357,357,http://localhost:5000/api/product/newProducts/?page=1,17522,0,3068
1717757561140,17025,GetNewProducts,200,OK,Thread Group 5000 1-4623,text,true,,1864,150,356,356,http://localhost:5000/api/product/newProducts/?page=1,17025,0,2568
1717757560634,17532,GetNewProducts,200,OK,Thread Group 5000 1-2253,text,true,,1864,150,355,355,http://localhost:5000/api/product/newProducts/?page=1,17532,0,3077
1717757560628,17538,GetNewProducts,200,OK,Thread Group 5000 1-1045,text,true,,1864,150,354,354,http://localhost:5000/api/product/newProducts/?page=1,17538,0,3082
1717757561142,17024,GetNewProducts,200,OK,Thread Group 5000 1-4575,text,true,,1864,150,354,354,http://localhost:5000/api/product/newProducts/?page=1,17024,0,2566
1717757560635,17532,GetNewProducts,200,OK,Thread Group 5000 1-2268,text,true,,1864,150,352,352,http://localhost:5000/api/product/newProducts/?page=1,17532,0,3076
1717757561140,17028,GetNewProducts,200,OK,Thread Group 5000 1-3463,text,true,,1864,150,351,351,http://localhost:5000/api/product/newProducts/?page=1,17028,0,2569
1717757560630,17539,GetNewProducts,200,OK,Thread Group 5000 1-2215,text,true,,1864,150,350,350,http://localhost:5000/api/product/newProducts/?page=1,17539,0,3079
1717757561147,17022,GetNewProducts,200,OK,Thread Group 5000 1-3200,text,true,,1864,150,349,349,http://localhost:5000/api/product/newProducts/?page=1,17022,0,2564
1717757560629,17541,GetNewProducts,200,OK,Thread Group 5000 1-4348,text,true,,1864,150,348,348,http://localhost:5000/api/product/newProducts/?page=1,17541,0,3082
1717757561140,17030,GetNewProducts,200,OK,Thread Group 5000 1-4426,text,true,,1864,150,347,347,http://localhost:5000/api/product/newProducts/?page=1,17030,0,2569
1717757560631,17540,GetNewProducts,200,OK,Thread Group 5000 1-2231,text,true,,1864,150,346,346,http://localhost:5000/api/product/newProducts/?page=1,17540,0,3079
1717757560640,17531,GetNewProducts,200,OK,Thread Group 5000 1-1102,text,true,,1864,150,345,345,http://localhost:5000/api/product/newProducts/?page=1,17531,0,3069
1717757560637,17534,GetNewProducts,200,OK,Thread Group 5000 1-2277,text,true,,1864,150,344,344,http://localhost:5000/api/product/newProducts/?page=1,17534,0,3074
1717757560633,17539,GetNewProducts,200,OK,Thread Group 5000 1-2244,text,true,,1864,150,343,343,http://localhost:5000/api/product/newProducts/?page=1,17539,0,3079
1717757560631,17541,GetNewProducts,200,OK,Thread Group 5000 1-1066,text,true,,1864,150,342,342,http://localhost:5000/api/product/newProducts/?page=1,17541,0,3079
1717757561142,17031,GetNewProducts,200,OK,Thread Group 5000 1-4546,text,true,,1864,150,341,341,http://localhost:5000/api/product/newProducts/?page=1,17031,0,2567
1717757560637,17537,GetNewProducts,200,OK,Thread Group 5000 1-2279,text,true,,1864,150,340,340,http://localhost:5000/api/product/newProducts/?page=1,17537,0,3073
1717757560638,17536,GetNewProducts,200,OK,Thread Group 5000 1-2282,text,true,,1864,150,339,339,http://localhost:5000/api/product/newProducts/?page=1,17536,0,3072
1717757561148,17027,GetNewProducts,200,OK,Thread Group 5000 1-4025,text,true,,1864,150,338,338,http://localhost:5000/api/product/newProducts/?page=1,17027,0,2563
1717757561149,17026,GetNewProducts,200,OK,Thread Group 5000 1-4341,text,true,,1864,150,337,337,http://localhost:5000/api/product/newProducts/?page=1,17026,0,2563
1717757561148,17028,GetNewProducts,200,OK,Thread Group 5000 1-3866,text,true,,1864,150,336,336,http://localhost:5000/api/product/newProducts/?page=1,17028,0,2562
1717757560633,17543,GetNewProducts,200,OK,Thread Group 5000 1-2243,text,true,,1864,150,335,335,http://localhost:5000/api/product/newProducts/?page=1,17543,0,3077
1717757560636,17540,GetNewProducts,200,OK,Thread Group 5000 1-2270,text,true,,1864,150,334,334,http://localhost:5000/api/product/newProducts/?page=1,17540,0,3074
1717757560636,17541,GetNewProducts,200,OK,Thread Group 5000 1-2273,text,true,,1864,150,333,333,http://localhost:5000/api/product/newProducts/?page=1,17541,0,3076
1717757561153,17025,GetNewProducts,200,OK,Thread Group 5000 1-3283,text,true,,1864,150,332,332,http://localhost:5000/api/product/newProducts/?page=1,17025,0,2557
1717757561140,17038,GetNewProducts,200,OK,Thread Group 5000 1-3527,text,true,,1864,150,331,331,http://localhost:5000/api/product/newProducts/?page=1,17038,0,2570
1717757561142,17036,GetNewProducts,200,OK,Thread Group 5000 1-4872,text,true,,1864,150,330,330,http://localhost:5000/api/product/newProducts/?page=1,17036,0,2569
1717757561140,17039,GetNewProducts,200,OK,Thread Group 5000 1-4505,text,true,,1864,150,329,329,http://localhost:5000/api/product/newProducts/?page=1,17039,0,2571
1717757561142,17037,GetNewProducts,200,OK,Thread Group 5000 1-3501,text,true,,1864,150,328,328,http://localhost:5000/api/product/newProducts/?page=1,17037,0,2570
1717757561142,17038,GetNewProducts,200,OK,Thread Group 5000 1-4498,text,true,,1864,150,327,327,http://localhost:5000/api/product/newProducts/?page=1,17038,0,2567
1717757561140,17040,GetNewProducts,200,OK,Thread Group 5000 1-4136,text,true,,1864,150,326,326,http://localhost:5000/api/product/newProducts/?page=1,17040,0,2571
1717757561146,17034,GetNewProducts,200,OK,Thread Group 5000 1-3700,text,true,,1864,150,325,325,http://localhost:5000/api/product/newProducts/?page=1,17034,0,2565
1717757561141,17040,GetNewProducts,200,OK,Thread Group 5000 1-4882,text,true,,1864,150,324,324,http://localhost:5000/api/product/newProducts/?page=1,17040,0,2568
1717757561146,17035,GetNewProducts,200,OK,Thread Group 5000 1-3251,text,true,,1864,150,323,323,http://localhost:5000/api/product/newProducts/?page=1,17035,0,2563
1717757561151,17031,GetNewProducts,200,OK,Thread Group 5000 1-4280,text,true,,1864,150,322,322,http://localhost:5000/api/product/newProducts/?page=1,17031,0,2561
1717757561147,17036,GetNewProducts,200,OK,Thread Group 5000 1-3122,text,true,,1864,150,321,321,http://localhost:5000/api/product/newProducts/?page=1,17036,0,2562
1717757561143,17040,GetNewProducts,200,OK,Thread Group 5000 1-4459,text,true,,1864,150,320,320,http://localhost:5000/api/product/newProducts/?page=1,17040,0,2567
1717757561149,17035,GetNewProducts,200,OK,Thread Group 5000 1-3221,text,true,,1864,150,319,319,http://localhost:5000/api/product/newProducts/?page=1,17035,0,2563
1717757561143,17041,GetNewProducts,200,OK,Thread Group 5000 1-4476,text,true,,1864,150,318,318,http://localhost:5000/api/product/newProducts/?page=1,17041,0,2569
1717757561143,17041,GetNewProducts,200,OK,Thread Group 5000 1-3409,text,true,,1864,150,317,317,http://localhost:5000/api/product/newProducts/?page=1,17041,0,2568
1717757561143,17042,GetNewProducts,200,OK,Thread Group 5000 1-4765,text,true,,1864,150,316,316,http://localhost:5000/api/product/newProducts/?page=1,17042,0,2569
1717757561141,17044,GetNewProducts,200,OK,Thread Group 5000 1-3477,text,true,,1864,150,315,315,http://localhost:5000/api/product/newProducts/?page=1,17044,0,2570
1717757561148,17038,GetNewProducts,200,OK,Thread Group 5000 1-3088,text,true,,1864,150,314,314,http://localhost:5000/api/product/newProducts/?page=1,17038,0,2564
1717757561145,17041,GetNewProducts,200,OK,Thread Group 5000 1-3603,text,true,,1864,150,313,313,http://localhost:5000/api/product/newProducts/?page=1,17041,0,2565
1717757561148,17039,GetNewProducts,200,OK,Thread Group 5000 1-3126,text,true,,1864,150,312,312,http://localhost:5000/api/product/newProducts/?page=1,17039,0,2562
1717757561144,17043,GetNewProducts,200,OK,Thread Group 5000 1-4655,text,true,,1864,150,311,311,http://localhost:5000/api/product/newProducts/?page=1,17043,0,2566
1717757561146,17042,GetNewProducts,200,OK,Thread Group 5000 1-4347,text,true,,1864,150,310,310,http://localhost:5000/api/product/newProducts/?page=1,17042,0,2564
1717757561143,17045,GetNewProducts,200,OK,Thread Group 5000 1-3554,text,true,,1864,150,309,309,http://localhost:5000/api/product/newProducts/?page=1,17045,0,2566
1717757560641,17548,GetNewProducts,200,OK,Thread Group 5000 1-2290,text,true,,1864,150,308,308,http://localhost:5000/api/product/newProducts/?page=1,17548,0,3069
1717757560632,17557,GetNewProducts,200,OK,Thread Group 5000 1-2236,text,true,,1864,150,307,307,http://localhost:5000/api/product/newProducts/?page=1,17557,0,3080
1717757561144,17046,GetNewProducts,200,OK,Thread Group 5000 1-3430,text,true,,1864,150,306,306,http://localhost:5000/api/product/newProducts/?page=1,17046,0,2565
1717757561148,17042,GetNewProducts,200,OK,Thread Group 5000 1-3777,text,true,,1864,150,305,305,http://localhost:5000/api/product/newProducts/?page=1,17042,0,2564
1717757561148,17042,GetNewProducts,200,OK,Thread Group 5000 1-4553,text,true,,1864,150,304,304,http://localhost:5000/api/product/newProducts/?page=1,17042,0,2563
1717757561148,17043,GetNewProducts,200,OK,Thread Group 5000 1-3847,text,true,,1864,150,303,303,http://localhost:5000/api/product/newProducts/?page=1,17043,0,2562
1717757561154,17038,GetNewProducts,200,OK,Thread Group 5000 1-3370,text,true,,1864,150,302,302,http://localhost:5000/api/product/newProducts/?page=1,17038,0,2555
1717757561149,17043,GetNewProducts,200,OK,Thread Group 5000 1-3061,text,true,,1864,150,301,301,http://localhost:5000/api/product/newProducts/?page=1,17043,0,2563
1717757561152,17041,GetNewProducts,200,OK,Thread Group 5000 1-4300,text,true,,1864,150,300,300,http://localhost:5000/api/product/newProducts/?page=1,17041,0,2559
1717757561148,17045,GetNewProducts,200,OK,Thread Group 5000 1-3530,text,true,,1864,150,299,299,http://localhost:5000/api/product/newProducts/?page=1,17045,0,2562
1717757561149,17044,GetNewProducts,200,OK,Thread Group 5000 1-3320,text,true,,1864,150,298,298,http://localhost:5000/api/product/newProducts/?page=1,17044,0,2562
1717757561150,17044,GetNewProducts,200,OK,Thread Group 5000 1-3002,text,true,,1864,150,297,297,http://localhost:5000/api/product/newProducts/?page=1,17044,0,2560
1717757561151,17043,GetNewProducts,200,OK,Thread Group 5000 1-4172,text,true,,1864,150,296,296,http://localhost:5000/api/product/newProducts/?page=1,17043,0,2560
1717757561150,17045,GetNewProducts,200,OK,Thread Group 5000 1-3264,text,true,,1864,150,295,295,http://localhost:5000/api/product/newProducts/?page=1,17045,0,2562
1717757561150,17045,GetNewProducts,200,OK,Thread Group 5000 1-3978,text,true,,1864,150,294,294,http://localhost:5000/api/product/newProducts/?page=1,17045,0,2560
1717757561144,17052,GetNewProducts,200,OK,Thread Group 5000 1-3565,text,true,,1864,150,293,293,http://localhost:5000/api/product/newProducts/?page=1,17052,0,2567
1717757561139,17058,GetNewProducts,200,OK,Thread Group 5000 1-3447,text,true,,1864,150,292,292,http://localhost:5000/api/product/newProducts/?page=1,17058,0,2570
1717757561150,17047,GetNewProducts,200,OK,Thread Group 5000 1-4704,text,true,,1864,150,291,291,http://localhost:5000/api/product/newProducts/?page=1,17047,0,2562
1717757561146,17052,GetNewProducts,200,OK,Thread Group 5000 1-4923,text,true,,1864,150,290,290,http://localhost:5000/api/product/newProducts/?page=1,17052,0,2564
1717757560634,17564,GetNewProducts,200,OK,Thread Group 5000 1-2260,text,true,,1864,150,289,289,http://localhost:5000/api/product/newProducts/?page=1,17564,0,3077
1717757561144,17055,GetNewProducts,200,OK,Thread Group 5000 1-4759,text,true,,1864,150,288,288,http://localhost:5000/api/product/newProducts/?page=1,17055,0,2565
1717757560642,17557,GetNewProducts,200,OK,Thread Group 5000 1-2295,text,true,,1864,150,287,287,http://localhost:5000/api/product/newProducts/?page=1,17557,0,3068
1717757561148,17051,GetNewProducts,200,OK,Thread Group 5000 1-3100,text,true,,1864,150,286,286,http://localhost:5000/api/product/newProducts/?page=1,17051,0,2564
1717757561144,17056,GetNewProducts,200,OK,Thread Group 5000 1-4153,text,true,,1864,150,285,285,http://localhost:5000/api/product/newProducts/?page=1,17056,0,2568
1717757561154,17046,GetNewProducts,200,OK,Thread Group 5000 1-1187,text,true,,1864,150,284,284,http://localhost:5000/api/product/newProducts/?page=1,17046,0,2556
1717757561153,17048,GetNewProducts,200,OK,Thread Group 5000 1-3496,text,true,,1864,150,283,283,http://localhost:5000/api/product/newProducts/?page=1,17048,0,2559
1717757561142,17060,GetNewProducts,200,OK,Thread Group 5000 1-3518,text,true,,1864,150,282,282,http://localhost:5000/api/product/newProducts/?page=1,17060,0,2568
1717757561151,17051,GetNewProducts,200,OK,Thread Group 5000 1-4264,text,true,,1864,150,281,281,http://localhost:5000/api/product/newProducts/?page=1,17051,0,2560
1717757560633,17570,GetNewProducts,200,OK,Thread Group 5000 1-2255,text,true,,1864,150,280,280,http://localhost:5000/api/product/newProducts/?page=1,17570,0,3077
1717757561151,17052,GetNewProducts,200,OK,Thread Group 5000 1-4024,text,true,,1864,150,279,279,http://localhost:5000/api/product/newProducts/?page=1,17052,0,2562
1717757561149,17055,GetNewProducts,200,OK,Thread Group 5000 1-3898,text,true,,1864,150,278,278,http://localhost:5000/api/product/newProducts/?page=1,17055,0,2562
1717757561150,17054,GetNewProducts,200,OK,Thread Group 5000 1-4983,text,true,,1864,150,277,277,http://localhost:5000/api/product/newProducts/?page=1,17054,0,2561
1717757561142,17062,GetNewProducts,200,OK,Thread Group 5000 1-4555,text,true,,1864,150,276,276,http://localhost:5000/api/product/newProducts/?page=1,17062,0,2568
1717757561149,17056,GetNewProducts,200,OK,Thread Group 5000 1-3241,text,true,,1864,150,275,275,http://localhost:5000/api/product/newProducts/?page=1,17056,0,2564
1717757561145,17060,GetNewProducts,200,OK,Thread Group 5000 1-3769,text,true,,1864,150,274,274,http://localhost:5000/api/product/newProducts/?page=1,17060,0,2566
1717757560630,17576,GetNewProducts,200,OK,Thread Group 5000 1-2223,text,true,,1864,150,273,273,http://localhost:5000/api/product/newProducts/?page=1,17576,0,3079
1717757561146,17061,GetNewProducts,200,OK,Thread Group 5000 1-3270,text,true,,1864,150,272,272,http://localhost:5000/api/product/newProducts/?page=1,17061,0,2565
1717757560630,17577,GetNewProducts,200,OK,Thread Group 5000 1-2222,text,true,,1864,150,271,271,http://localhost:5000/api/product/newProducts/?page=1,17577,0,3079
1717757561151,17056,GetNewProducts,200,OK,Thread Group 5000 1-4297,text,true,,1864,150,270,270,http://localhost:5000/api/product/newProducts/?page=1,17056,0,2562
1717757561152,17056,GetNewProducts,200,OK,Thread Group 5000 1-4731,text,true,,1864,150,269,269,http://localhost:5000/api/product/newProducts/?page=1,17056,0,2559
1717757561151,17057,GetNewProducts,200,OK,Thread Group 5000 1-4176,text,true,,1864,150,268,268,http://localhost:5000/api/product/newProducts/?page=1,17057,0,2562
1717757560636,17573,GetNewProducts,200,OK,Thread Group 5000 1-2272,text,true,,1864,150,267,267,http://localhost:5000/api/product/newProducts/?page=1,17573,0,3075
1717757561143,17066,GetNewProducts,200,OK,Thread Group 5000 1-4531,text,true,,1864,150,266,266,http://localhost:5000/api/product/newProducts/?page=1,17066,0,2566
1717757561140,17070,GetNewProducts,200,OK,Thread Group 5000 1-4654,text,true,,1864,150,265,265,http://localhost:5000/api/product/newProducts/?page=1,17070,0,2569
1717757561146,17064,GetNewProducts,200,OK,Thread Group 5000 1-3277,text,true,,1864,150,264,264,http://localhost:5000/api/product/newProducts/?page=1,17064,0,2565
1717757561147,17064,GetNewProducts,200,OK,Thread Group 5000 1-3802,text,true,,1864,150,263,263,http://localhost:5000/api/product/newProducts/?page=1,17064,0,2563
1717757561152,17060,GetNewProducts,200,OK,Thread Group 5000 1-4658,text,true,,1864,150,262,262,http://localhost:5000/api/product/newProducts/?page=1,17060,0,2559
1717757561153,17059,GetNewProducts,200,OK,Thread Group 5000 1-4522,text,true,,1864,150,261,261,http://localhost:5000/api/product/newProducts/?page=1,17059,0,2558
1717757561142,17070,GetNewProducts,200,OK,Thread Group 5000 1-4527,text,true,,1864,150,260,260,http://localhost:5000/api/product/newProducts/?page=1,17070,0,2568
1717757561151,17062,GetNewProducts,200,OK,Thread Group 5000 1-4165,text,true,,1864,150,259,259,http://localhost:5000/api/product/newProducts/?page=1,17062,0,2561
1717757561152,17061,GetNewProducts,200,OK,Thread Group 5000 1-1639,text,true,,1864,150,258,258,http://localhost:5000/api/product/newProducts/?page=1,17061,0,2558
1717757561152,17061,GetNewProducts,200,OK,Thread Group 5000 1-4321,text,true,,1864,150,257,257,http://localhost:5000/api/product/newProducts/?page=1,17061,0,2560
1717757561143,17071,GetNewProducts,200,OK,Thread Group 5000 1-4594,text,true,,1864,150,256,256,http://localhost:5000/api/product/newProducts/?page=1,17071,0,2567
1717757561143,17071,GetNewProducts,200,OK,Thread Group 5000 1-1709,text,true,,1864,150,255,255,http://localhost:5000/api/product/newProducts/?page=1,17071,0,2570
1717757561144,17071,GetNewProducts,200,OK,Thread Group 5000 1-4128,text,true,,1864,150,254,254,http://localhost:5000/api/product/newProducts/?page=1,17071,0,2568
1717757561151,17064,GetNewProducts,200,OK,Thread Group 5000 1-4215,text,true,,1864,150,253,253,http://localhost:5000/api/product/newProducts/?page=1,17064,0,2560
1717757561152,17064,GetNewProducts,200,OK,Thread Group 5000 1-4809,text,true,,1864,150,252,252,http://localhost:5000/api/product/newProducts/?page=1,17064,0,2561
1717757561148,17069,GetNewProducts,200,OK,Thread Group 5000 1-3634,text,true,,1864,150,251,251,http://localhost:5000/api/product/newProducts/?page=1,17069,0,2562
1717757561154,17063,GetNewProducts,200,OK,Thread Group 5000 1-4758,text,true,,1864,150,250,250,http://localhost:5000/api/product/newProducts/?page=1,17063,0,2557
1717757561152,17066,GetNewProducts,200,OK,Thread Group 5000 1-4349,text,true,,1864,150,249,249,http://localhost:5000/api/product/newProducts/?page=1,17066,0,2561
1717757561153,17065,GetNewProducts,200,OK,Thread Group 5000 1-3512,text,true,,1864,150,248,248,http://localhost:5000/api/product/newProducts/?page=1,17065,0,2560
1717757561148,17071,GetNewProducts,200,OK,Thread Group 5000 1-3611,text,true,,1864,150,247,247,http://localhost:5000/api/product/newProducts/?page=1,17071,0,2562
1717757561153,17066,GetNewProducts,200,OK,Thread Group 5000 1-3752,text,true,,1864,150,246,246,http://localhost:5000/api/product/newProducts/?page=1,17066,0,2560
1717757561152,17067,GetNewProducts,200,OK,Thread Group 5000 1-4322,text,true,,1864,150,245,245,http://localhost:5000/api/product/newProducts/?page=1,17067,0,2558
1717757561142,17078,GetNewProducts,200,OK,Thread Group 5000 1-4149,text,true,,1864,150,244,244,http://localhost:5000/api/product/newProducts/?page=1,17078,0,2570
1717757561151,17069,GetNewProducts,200,OK,Thread Group 5000 1-4812,text,true,,1864,150,243,243,http://localhost:5000/api/product/newProducts/?page=1,17069,0,2561
1717757561150,17074,GetNewProducts,200,OK,Thread Group 5000 1-3931,text,true,,1864,150,242,242,http://localhost:5000/api/product/newProducts/?page=1,17074,0,2560
1717757561141,17084,GetNewProducts,200,OK,Thread Group 5000 1-4867,text,true,,1864,150,241,241,http://localhost:5000/api/product/newProducts/?page=1,17084,0,2569
1717757561148,17077,GetNewProducts,200,OK,Thread Group 5000 1-3064,text,true,,1864,150,240,240,http://localhost:5000/api/product/newProducts/?page=1,17077,0,2564
1717757561151,17075,GetNewProducts,200,OK,Thread Group 5000 1-2029,text,true,,1864,150,239,239,http://localhost:5000/api/product/newProducts/?page=1,17075,0,2562
1717757561142,17084,GetNewProducts,200,OK,Thread Group 5000 1-3524,text,true,,1864,150,238,238,http://localhost:5000/api/product/newProducts/?page=1,17084,0,2570
1717757561151,17075,GetNewProducts,200,OK,Thread Group 5000 1-4218,text,true,,1864,150,237,237,http://localhost:5000/api/product/newProducts/?page=1,17075,0,2559
1717757561153,17074,GetNewProducts,200,OK,Thread Group 5000 1-1636,text,true,,1864,150,236,236,http://localhost:5000/api/product/newProducts/?page=1,17074,0,2560
1717757561144,17083,GetNewProducts,200,OK,Thread Group 5000 1-3401,text,true,,1864,150,235,235,http://localhost:5000/api/product/newProducts/?page=1,17083,0,2568
1717757561153,17074,GetNewProducts,200,OK,Thread Group 5000 1-2992,text,true,,1864,150,234,234,http://localhost:5000/api/product/newProducts/?page=1,17074,0,2559
1717757561142,17086,GetNewProducts,200,OK,Thread Group 5000 1-3508,text,true,,1864,150,233,233,http://localhost:5000/api/product/newProducts/?page=1,17086,0,2570
1717757561144,17085,GetNewProducts,200,OK,Thread Group 5000 1-3372,text,true,,1864,150,232,232,http://localhost:5000/api/product/newProducts/?page=1,17085,0,2568
1717757561145,17084,GetNewProducts,200,OK,Thread Group 5000 1-4249,text,true,,1864,150,231,231,http://localhost:5000/api/product/newProducts/?page=1,17084,0,2567
1717757561145,17085,GetNewProducts,200,OK,Thread Group 5000 1-3593,text,true,,1864,150,230,230,http://localhost:5000/api/product/newProducts/?page=1,17085,0,2567
1717757561142,17088,GetNewProducts,200,OK,Thread Group 5000 1-4437,text,true,,1864,150,229,229,http://localhost:5000/api/product/newProducts/?page=1,17088,0,2570
1717757561142,17089,GetNewProducts,200,OK,Thread Group 5000 1-4477,text,true,,1864,150,228,228,http://localhost:5000/api/product/newProducts/?page=1,17089,0,2570
1717757561142,17089,GetNewProducts,200,OK,Thread Group 5000 1-4486,text,true,,1864,150,227,227,http://localhost:5000/api/product/newProducts/?page=1,17089,0,2568
1717757561150,17081,GetNewProducts,200,OK,Thread Group 5000 1-3023,text,true,,1864,150,226,226,http://localhost:5000/api/product/newProducts/?page=1,17081,0,2560
1717757561140,17092,GetNewProducts,200,OK,Thread Group 5000 1-3487,text,true,,1864,150,225,225,http://localhost:5000/api/product/newProducts/?page=1,17092,0,2570
1717757561143,17089,GetNewProducts,200,OK,Thread Group 5000 1-3478,text,true,,1864,150,224,224,http://localhost:5000/api/product/newProducts/?page=1,17089,0,2567
1717757561147,17086,GetNewProducts,200,OK,Thread Group 5000 1-3711,text,true,,1864,150,223,223,http://localhost:5000/api/product/newProducts/?page=1,17086,0,2563
1717757561142,17091,GetNewProducts,200,OK,Thread Group 5000 1-4502,text,true,,1864,150,222,222,http://localhost:5000/api/product/newProducts/?page=1,17091,0,2568
1717757561153,17081,GetNewProducts,200,OK,Thread Group 5000 1-3606,text,true,,1864,150,221,221,http://localhost:5000/api/product/newProducts/?page=1,17081,0,2557
1717757561152,17082,GetNewProducts,200,OK,Thread Group 5000 1-4728,text,true,,1864,150,220,220,http://localhost:5000/api/product/newProducts/?page=1,17082,0,2560
1717757561148,17087,GetNewProducts,200,OK,Thread Group 5000 1-4943,text,true,,1864,150,219,219,http://localhost:5000/api/product/newProducts/?page=1,17087,0,2562
1717757561141,17094,GetNewProducts,200,OK,Thread Group 5000 1-4571,text,true,,1864,150,218,218,http://localhost:5000/api/product/newProducts/?page=1,17094,0,2569
1717757561144,17091,GetNewProducts,200,OK,Thread Group 5000 1-3555,text,true,,1864,150,217,217,http://localhost:5000/api/product/newProducts/?page=1,17091,0,2566
1717757561147,17089,GetNewProducts,200,OK,Thread Group 5000 1-3186,text,true,,1864,150,216,216,http://localhost:5000/api/product/newProducts/?page=1,17089,0,2563
1717757561141,17095,GetNewProducts,200,OK,Thread Group 5000 1-4506,text,true,,1864,150,215,215,http://localhost:5000/api/product/newProducts/?page=1,17095,0,2569
1717757561143,17094,GetNewProducts,200,OK,Thread Group 5000 1-4473,text,true,,1864,150,214,214,http://localhost:5000/api/product/newProducts/?page=1,17094,0,2569
1717757561146,17091,GetNewProducts,200,OK,Thread Group 5000 1-3282,text,true,,1864,150,213,213,http://localhost:5000/api/product/newProducts/?page=1,17091,0,2564
1717757561143,17096,GetNewProducts,200,OK,Thread Group 5000 1-3545,text,true,,1864,150,212,212,http://localhost:5000/api/product/newProducts/?page=1,17096,0,2569
1717757561144,17095,GetNewProducts,200,OK,Thread Group 5000 1-3595,text,true,,1864,150,211,211,http://localhost:5000/api/product/newProducts/?page=1,17095,0,2566
1717757561152,17087,GetNewProducts,200,OK,Thread Group 5000 1-4835,text,true,,1864,150,210,210,http://localhost:5000/api/product/newProducts/?page=1,17087,0,2559
1717757561143,17097,GetNewProducts,200,OK,Thread Group 5000 1-3523,text,true,,1864,150,209,209,http://localhost:5000/api/product/newProducts/?page=1,17097,0,2568
1717757561145,17095,GetNewProducts,200,OK,Thread Group 5000 1-3637,text,true,,1864,150,208,208,http://localhost:5000/api/product/newProducts/?page=1,17095,0,2567
1717757561145,17096,GetNewProducts,200,OK,Thread Group 5000 1-3608,text,true,,1864,150,207,207,http://localhost:5000/api/product/newProducts/?page=1,17096,0,2567
1717757561148,17093,GetNewProducts,200,OK,Thread Group 5000 1-3543,text,true,,1864,150,206,206,http://localhost:5000/api/product/newProducts/?page=1,17093,0,2563
1717757561147,17095,GetNewProducts,200,OK,Thread Group 5000 1-3751,text,true,,1864,150,205,205,http://localhost:5000/api/product/newProducts/?page=1,17095,0,2564
1717757560645,17597,GetNewProducts,200,OK,Thread Group 5000 1-2308,text,true,,1864,150,204,204,http://localhost:5000/api/product/newProducts/?page=1,17597,0,3573
1717757560649,17593,GetNewProducts,200,OK,Thread Group 5000 1-2327,text,true,,1864,150,203,203,http://localhost:5000/api/product/newProducts/?page=1,17593,0,3569
1717757560646,17597,GetNewProducts,200,OK,Thread Group 5000 1-1104,text,true,,1864,150,202,202,http://localhost:5000/api/product/newProducts/?page=1,17597,0,3571
1717757560653,17591,GetNewProducts,200,OK,Thread Group 5000 1-2352,text,true,,1864,150,201,201,http://localhost:5000/api/product/newProducts/?page=1,17591,0,3565
1717757560650,17594,GetNewProducts,200,OK,Thread Group 5000 1-2339,text,true,,1864,150,200,200,http://localhost:5000/api/product/newProducts/?page=1,17594,0,3568
1717757560655,17590,GetNewProducts,200,OK,Thread Group 5000 1-2368,text,true,,1864,150,199,199,http://localhost:5000/api/product/newProducts/?page=1,17590,0,3563
1717757560644,17601,GetNewProducts,200,OK,Thread Group 5000 1-2302,text,true,,1864,150,198,198,http://localhost:5000/api/product/newProducts/?page=1,17601,0,3574
1717757560650,17596,GetNewProducts,200,OK,Thread Group 5000 1-2332,text,true,,1864,150,197,197,http://localhost:5000/api/product/newProducts/?page=1,17596,0,3567
1717757560653,17593,GetNewProducts,200,OK,Thread Group 5000 1-2361,text,true,,1864,150,196,196,http://localhost:5000/api/product/newProducts/?page=1,17593,0,3565
1717757560659,17587,GetNewProducts,200,OK,Thread Group 5000 1-4611,text,true,,1864,150,195,195,http://localhost:5000/api/product/newProducts/?page=1,17587,0,3559
1717757560655,17592,GetNewProducts,200,OK,Thread Group 5000 1-2367,text,true,,1864,150,194,194,http://localhost:5000/api/product/newProducts/?page=1,17592,0,3563
1717757560659,17588,GetNewProducts,200,OK,Thread Group 5000 1-2395,text,true,,1864,150,193,193,http://localhost:5000/api/product/newProducts/?page=1,17588,0,3559
1717757560648,17600,GetNewProducts,200,OK,Thread Group 5000 1-2322,text,true,,1864,150,192,192,http://localhost:5000/api/product/newProducts/?page=1,17600,0,3570
1717757560647,17602,GetNewProducts,200,OK,Thread Group 5000 1-2320,text,true,,1864,150,191,191,http://localhost:5000/api/product/newProducts/?page=1,17602,0,3571
1717757560648,17601,GetNewProducts,200,OK,Thread Group 5000 1-2318,text,true,,1864,150,190,190,http://localhost:5000/api/product/newProducts/?page=1,17601,0,3580
1717757560651,17599,GetNewProducts,200,OK,Thread Group 5000 1-2351,text,true,,1864,150,189,189,http://localhost:5000/api/product/newProducts/?page=1,17599,0,3577
1717757560644,17606,GetNewProducts,200,OK,Thread Group 5000 1-2304,text,true,,1864,150,188,188,http://localhost:5000/api/product/newProducts/?page=1,17606,0,3584
1717757560644,17607,GetNewProducts,200,OK,Thread Group 5000 1-2306,text,true,,1864,150,187,187,http://localhost:5000/api/product/newProducts/?page=1,17607,0,3584
1717757560648,17604,GetNewProducts,200,OK,Thread Group 5000 1-2323,text,true,,1864,150,186,186,http://localhost:5000/api/product/newProducts/?page=1,17604,0,3580
1717757560653,17599,GetNewProducts,200,OK,Thread Group 5000 1-2349,text,true,,1864,150,185,185,http://localhost:5000/api/product/newProducts/?page=1,17599,0,3575
1717757560645,17608,GetNewProducts,200,OK,Thread Group 5000 1-4507,text,true,,1864,150,184,184,http://localhost:5000/api/product/newProducts/?page=1,17608,0,3583
1717757560659,17594,GetNewProducts,200,OK,Thread Group 5000 1-2403,text,true,,1864,150,183,183,http://localhost:5000/api/product/newProducts/?page=1,17594,0,3569
1717757560646,17608,GetNewProducts,200,OK,Thread Group 5000 1-2310,text,true,,1864,150,182,182,http://localhost:5000/api/product/newProducts/?page=1,17608,0,3582
1717757560648,17607,GetNewProducts,200,OK,Thread Group 5000 1-2319,text,true,,1864,150,181,181,http://localhost:5000/api/product/newProducts/?page=1,17607,0,3580
1717757560652,17603,GetNewProducts,200,OK,Thread Group 5000 1-2345,text,true,,1864,150,180,180,http://localhost:5000/api/product/newProducts/?page=1,17603,0,3576
1717757560656,17600,GetNewProducts,200,OK,Thread Group 5000 1-2375,text,true,,1864,150,179,179,http://localhost:5000/api/product/newProducts/?page=1,17600,0,3572
1717757560648,17608,GetNewProducts,200,OK,Thread Group 5000 1-2326,text,true,,1864,150,178,178,http://localhost:5000/api/product/newProducts/?page=1,17608,0,3580
1717757560653,17604,GetNewProducts,200,OK,Thread Group 5000 1-4574,text,true,,1864,150,177,177,http://localhost:5000/api/product/newProducts/?page=1,17604,0,3575
1717757560648,17609,GetNewProducts,200,OK,Thread Group 5000 1-2321,text,true,,1864,150,176,176,http://localhost:5000/api/product/newProducts/?page=1,17609,0,3580
1717757560658,17599,GetNewProducts,200,OK,Thread Group 5000 1-1161,text,true,,1864,150,175,175,http://localhost:5000/api/product/newProducts/?page=1,17599,0,3570
1717757560655,17603,GetNewProducts,200,OK,Thread Group 5000 1-2369,text,true,,1864,150,174,174,http://localhost:5000/api/product/newProducts/?page=1,17603,0,3573
1717757560652,17606,GetNewProducts,200,OK,Thread Group 5000 1-1137,text,true,,1864,150,173,173,http://localhost:5000/api/product/newProducts/?page=1,17606,0,3576
1717757560650,17610,GetNewProducts,200,OK,Thread Group 5000 1-2338,text,true,,1864,150,172,172,http://localhost:5000/api/product/newProducts/?page=1,17610,0,3578
1717757560656,17604,GetNewProducts,200,OK,Thread Group 5000 1-2378,text,true,,1864,150,171,171,http://localhost:5000/api/product/newProducts/?page=1,17604,0,3572
1717757560652,17609,GetNewProducts,200,OK,Thread Group 5000 1-2357,text,true,,1864,150,170,170,http://localhost:5000/api/product/newProducts/?page=1,17609,0,3576
1717757560656,17605,GetNewProducts,200,OK,Thread Group 5000 1-2376,text,true,,1864,150,169,169,http://localhost:5000/api/product/newProducts/?page=1,17605,0,3573
1717757560657,17604,GetNewProducts,200,OK,Thread Group 5000 1-2387,text,true,,1864,150,168,168,http://localhost:5000/api/product/newProducts/?page=1,17604,0,3571
1717757560648,17614,GetNewProducts,200,OK,Thread Group 5000 1-2328,text,true,,1864,150,167,167,http://localhost:5000/api/product/newProducts/?page=1,17614,0,3581
1717757560652,17610,GetNewProducts,200,OK,Thread Group 5000 1-2355,text,true,,1864,150,166,166,http://localhost:5000/api/product/newProducts/?page=1,17610,0,3576
1717757560647,17615,GetNewProducts,200,OK,Thread Group 5000 1-2315,text,true,,1864,150,165,165,http://localhost:5000/api/product/newProducts/?page=1,17615,0,3581
1717757560652,17611,GetNewProducts,200,OK,Thread Group 5000 1-2340,text,true,,1864,150,164,164,http://localhost:5000/api/product/newProducts/?page=1,17611,0,3577
1717757560656,17607,GetNewProducts,200,OK,Thread Group 5000 1-2377,text,true,,1864,150,163,163,http://localhost:5000/api/product/newProducts/?page=1,17607,0,3573
1717757560651,17613,GetNewProducts,200,OK,Thread Group 5000 1-2350,text,true,,1864,150,162,162,http://localhost:5000/api/product/newProducts/?page=1,17613,0,3577
1717757560658,17607,GetNewProducts,200,OK,Thread Group 5000 1-2388,text,true,,1864,150,161,161,http://localhost:5000/api/product/newProducts/?page=1,17607,0,3571
1717757560654,17611,GetNewProducts,200,OK,Thread Group 5000 1-2362,text,true,,1864,150,160,160,http://localhost:5000/api/product/newProducts/?page=1,17611,0,3575
1717757560647,17619,GetNewProducts,200,OK,Thread Group 5000 1-1128,text,true,,1864,150,159,159,http://localhost:5000/api/product/newProducts/?page=1,17619,0,3582
1717757560650,17616,GetNewProducts,200,OK,Thread Group 5000 1-1129,text,true,,1864,150,158,158,http://localhost:5000/api/product/newProducts/?page=1,17616,0,3579
1717757560654,17613,GetNewProducts,200,OK,Thread Group 5000 1-1142,text,true,,1864,150,157,157,http://localhost:5000/api/product/newProducts/?page=1,17613,0,3575
1717757560654,17613,GetNewProducts,200,OK,Thread Group 5000 1-1143,text,true,,1864,150,156,156,http://localhost:5000/api/product/newProducts/?page=1,17613,0,3575
1717757560650,17618,GetNewProducts,200,OK,Thread Group 5000 1-1135,text,true,,1864,150,155,155,http://localhost:5000/api/product/newProducts/?page=1,17618,0,3579
1717757560661,17607,GetNewProducts,200,OK,Thread Group 5000 1-1152,text,true,,1864,150,154,154,http://localhost:5000/api/product/newProducts/?page=1,17607,0,3568
1717757560650,17618,GetNewProducts,200,OK,Thread Group 5000 1-4550,text,true,,1864,150,153,153,http://localhost:5000/api/product/newProducts/?page=1,17618,0,3579
1717757560651,17618,GetNewProducts,200,OK,Thread Group 5000 1-2347,text,true,,1864,150,152,152,http://localhost:5000/api/product/newProducts/?page=1,17618,0,3578
1717757560650,17620,GetNewProducts,200,OK,Thread Group 5000 1-2342,text,true,,1864,150,151,151,http://localhost:5000/api/product/newProducts/?page=1,17620,0,3579
1717757560657,17613,GetNewProducts,200,OK,Thread Group 5000 1-2381,text,true,,1864,150,150,150,http://localhost:5000/api/product/newProducts/?page=1,17613,0,3572
1717757560651,17619,GetNewProducts,200,OK,Thread Group 5000 1-2354,text,true,,1864,150,149,149,http://localhost:5000/api/product/newProducts/?page=1,17619,0,3578
1717757560648,17623,GetNewProducts,200,OK,Thread Group 5000 1-2325,text,true,,1864,150,148,148,http://localhost:5000/api/product/newProducts/?page=1,17623,0,3581
1717757560648,17623,GetNewProducts,200,OK,Thread Group 5000 1-2316,text,true,,1864,150,147,147,http://localhost:5000/api/product/newProducts/?page=1,17623,0,3581
1717757560655,17617,GetNewProducts,200,OK,Thread Group 5000 1-2371,text,true,,1864,150,146,146,http://localhost:5000/api/product/newProducts/?page=1,17617,0,3574
1717757560660,17612,GetNewProducts,200,OK,Thread Group 5000 1-2414,text,true,,1864,150,145,145,http://localhost:5000/api/product/newProducts/?page=1,17612,0,3569
1717757560649,17624,GetNewProducts,200,OK,Thread Group 5000 1-2330,text,true,,1864,150,144,144,http://localhost:5000/api/product/newProducts/?page=1,17624,0,3580
1717757560647,17626,GetNewProducts,200,OK,Thread Group 5000 1-2313,text,true,,1864,150,143,143,http://localhost:5000/api/product/newProducts/?page=1,17626,0,3582
1717757560657,17617,GetNewProducts,200,OK,Thread Group 5000 1-2386,text,true,,1864,150,142,142,http://localhost:5000/api/product/newProducts/?page=1,17617,0,3572
1717757560657,17617,GetNewProducts,200,OK,Thread Group 5000 1-2383,text,true,,1864,150,141,141,http://localhost:5000/api/product/newProducts/?page=1,17617,0,3572
1717757560652,17623,GetNewProducts,200,OK,Thread Group 5000 1-2337,text,true,,1864,150,140,140,http://localhost:5000/api/product/newProducts/?page=1,17623,0,3577
1717757560658,17617,GetNewProducts,200,OK,Thread Group 5000 1-2384,text,true,,1864,150,139,139,http://localhost:5000/api/product/newProducts/?page=1,17617,0,3571
1717757560652,17624,GetNewProducts,200,OK,Thread Group 5000 1-2358,text,true,,1864,150,138,138,http://localhost:5000/api/product/newProducts/?page=1,17624,0,3577
1717757560658,17618,GetNewProducts,200,OK,Thread Group 5000 1-2399,text,true,,1864,150,137,137,http://localhost:5000/api/product/newProducts/?page=1,17618,0,3571
1717757560651,17625,GetNewProducts,200,OK,Thread Group 5000 1-2343,text,true,,1864,150,136,136,http://localhost:5000/api/product/newProducts/?page=1,17625,0,3578
1717757560644,17633,GetNewProducts,200,OK,Thread Group 5000 1-2303,text,true,,1864,150,135,135,http://localhost:5000/api/product/newProducts/?page=1,17633,0,3585
1717757560653,17624,GetNewProducts,200,OK,Thread Group 5000 1-4570,text,true,,1864,150,134,134,http://localhost:5000/api/product/newProducts/?page=1,17624,0,3576
1717757560656,17621,GetNewProducts,200,OK,Thread Group 5000 1-2373,text,true,,1864,150,133,133,http://localhost:5000/api/product/newProducts/?page=1,17621,0,3573
1717757560658,17621,GetNewProducts,200,OK,Thread Group 5000 1-2398,text,true,,1864,150,132,132,http://localhost:5000/api/product/newProducts/?page=1,17621,0,3571
1717757560656,17623,GetNewProducts,200,OK,Thread Group 5000 1-2379,text,true,,1864,150,131,131,http://localhost:5000/api/product/newProducts/?page=1,17623,0,3574
1717757560645,17635,GetNewProducts,200,OK,Thread Group 5000 1-2309,text,true,,1864,150,130,130,http://localhost:5000/api/product/newProducts/?page=1,17635,0,3584
1717757560659,17621,GetNewProducts,200,OK,Thread Group 5000 1-4615,text,true,,1864,150,129,129,http://localhost:5000/api/product/newProducts/?page=1,17621,0,3570
1717757560649,17632,GetNewProducts,200,OK,Thread Group 5000 1-2331,text,true,,1864,150,128,128,http://localhost:5000/api/product/newProducts/?page=1,17632,0,3580
1717757560657,17624,GetNewProducts,200,OK,Thread Group 5000 1-2380,text,true,,1864,150,127,127,http://localhost:5000/api/product/newProducts/?page=1,17624,0,3573
1717757560649,17633,GetNewProducts,200,OK,Thread Group 5000 1-2333,text,true,,1864,150,126,126,http://localhost:5000/api/product/newProducts/?page=1,17633,0,3580
1717757560659,17623,GetNewProducts,200,OK,Thread Group 5000 1-2402,text,true,,1864,150,125,125,http://localhost:5000/api/product/newProducts/?page=1,17623,0,3571
1717757560655,17627,GetNewProducts,200,OK,Thread Group 5000 1-4593,text,true,,1864,150,124,124,http://localhost:5000/api/product/newProducts/?page=1,17627,0,3575
1717757560656,17627,GetNewProducts,200,OK,Thread Group 5000 1-2382,text,true,,1864,150,123,123,http://localhost:5000/api/product/newProducts/?page=1,17627,0,3573
1717757560648,17636,GetNewProducts,200,OK,Thread Group 5000 1-2317,text,true,,1864,150,122,122,http://localhost:5000/api/product/newProducts/?page=1,17636,0,3581
1717757560653,17631,GetNewProducts,200,OK,Thread Group 5000 1-2356,text,true,,1864,150,121,121,http://localhost:5000/api/product/newProducts/?page=1,17631,0,3576
1717757560653,17631,GetNewProducts,200,OK,Thread Group 5000 1-4576,text,true,,1864,150,120,120,http://localhost:5000/api/product/newProducts/?page=1,17631,0,3577
1717757560649,17636,GetNewProducts,200,OK,Thread Group 5000 1-2324,text,true,,1864,150,119,119,http://localhost:5000/api/product/newProducts/?page=1,17636,0,3580
1717757560647,17638,GetNewProducts,200,OK,Thread Group 5000 1-2314,text,true,,1864,150,118,118,http://localhost:5000/api/product/newProducts/?page=1,17638,0,3583
1717757560652,17634,GetNewProducts,200,OK,Thread Group 5000 1-2359,text,true,,1864,150,117,117,http://localhost:5000/api/product/newProducts/?page=1,17634,0,3577
1717757560650,17636,GetNewProducts,200,OK,Thread Group 5000 1-2334,text,true,,1864,150,116,116,http://localhost:5000/api/product/newProducts/?page=1,17636,0,3579
1717757560649,17638,GetNewProducts,200,OK,Thread Group 5000 1-2329,text,true,,1864,150,115,115,http://localhost:5000/api/product/newProducts/?page=1,17638,0,3581
1717757560657,17630,GetNewProducts,200,OK,Thread Group 5000 1-2385,text,true,,1864,150,114,114,http://localhost:5000/api/product/newProducts/?page=1,17630,0,3573
1717757560654,17634,GetNewProducts,200,OK,Thread Group 5000 1-2366,text,true,,1864,150,113,113,http://localhost:5000/api/product/newProducts/?page=1,17634,0,3576
1717757560656,17632,GetNewProducts,200,OK,Thread Group 5000 1-4598,text,true,,1864,150,112,112,http://localhost:5000/api/product/newProducts/?page=1,17632,0,3574
1717757560651,17638,GetNewProducts,200,OK,Thread Group 5000 1-2346,text,true,,1864,150,111,111,http://localhost:5000/api/product/newProducts/?page=1,17638,0,3579
1717757560654,17635,GetNewProducts,200,OK,Thread Group 5000 1-2363,text,true,,1864,150,110,110,http://localhost:5000/api/product/newProducts/?page=1,17635,0,3576
1717757560655,17634,GetNewProducts,200,OK,Thread Group 5000 1-2370,text,true,,1864,150,109,109,http://localhost:5000/api/product/newProducts/?page=1,17634,0,3574
1717757560713,17577,GetNewProducts,200,OK,Thread Group 5000 1-2681,text,true,,1864,150,108,108,http://localhost:5000/api/product/newProducts/?page=1,17577,0,3567
1717757560714,17576,GetNewProducts,200,OK,Thread Group 5000 1-2682,text,true,,1864,150,107,107,http://localhost:5000/api/product/newProducts/?page=1,17576,0,3566
1717757560717,17574,GetNewProducts,200,OK,Thread Group 5000 1-2704,text,true,,1864,150,106,106,http://localhost:5000/api/product/newProducts/?page=1,17574,0,3563
1717757560715,17576,GetNewProducts,200,OK,Thread Group 5000 1-2696,text,true,,1864,150,105,105,http://localhost:5000/api/product/newProducts/?page=1,17576,0,3565
1717757560721,17570,GetNewProducts,200,OK,Thread Group 5000 1-1276,text,true,,1864,150,104,104,http://localhost:5000/api/product/newProducts/?page=1,17570,0,3559
1717757560711,17581,GetNewProducts,200,OK,Thread Group 5000 1-2660,text,true,,1864,150,103,103,http://localhost:5000/api/product/newProducts/?page=1,17581,0,3569
1717757560708,17585,GetNewProducts,200,OK,Thread Group 5000 1-1225,text,true,,1864,150,102,102,http://localhost:5000/api/product/newProducts/?page=1,17585,0,3572
1717757560718,17575,GetNewProducts,200,OK,Thread Group 5000 1-1259,text,true,,1864,150,101,101,http://localhost:5000/api/product/newProducts/?page=1,17575,0,3562
1717757560714,17580,GetNewProducts,200,OK,Thread Group 5000 1-2679,text,true,,1864,150,100,100,http://localhost:5000/api/product/newProducts/?page=1,17580,0,3566
1717757560711,17583,GetNewProducts,200,OK,Thread Group 5000 1-2662,text,true,,1864,150,99,99,http://localhost:5000/api/product/newProducts/?page=1,17583,0,3569
1717757560705,17590,GetNewProducts,200,OK,Thread Group 5000 1-2628,text,true,,1864,150,98,98,http://localhost:5000/api/product/newProducts/?page=1,17590,0,3575
1717757560706,17589,GetNewProducts,200,OK,Thread Group 5000 1-1223,text,true,,1864,150,97,97,http://localhost:5000/api/product/newProducts/?page=1,17589,0,3574
1717757560715,17581,GetNewProducts,200,OK,Thread Group 5000 1-2686,text,true,,1864,150,96,96,http://localhost:5000/api/product/newProducts/?page=1,17581,0,3565
1717757560718,17578,GetNewProducts,200,OK,Thread Group 5000 1-2708,text,true,,1864,150,95,95,http://localhost:5000/api/product/newProducts/?page=1,17578,0,3562
1717757560715,17582,GetNewProducts,200,OK,Thread Group 5000 1-1248,text,true,,1864,150,94,94,http://localhost:5000/api/product/newProducts/?page=1,17582,0,3565
1717757560718,17579,GetNewProducts,200,OK,Thread Group 5000 1-2703,text,true,,1864,150,94,94,http://localhost:5000/api/product/newProducts/?page=1,17579,0,3562
1717757560706,17592,GetNewProducts,200,OK,Thread Group 5000 1-2633,text,true,,1864,150,92,92,http://localhost:5000/api/product/newProducts/?page=1,17592,0,3584
1717757560706,17592,GetNewProducts,200,OK,Thread Group 5000 1-2634,text,true,,1864,150,91,91,http://localhost:5000/api/product/newProducts/?page=1,17592,0,3584
1717757560714,17584,GetNewProducts,200,OK,Thread Group 5000 1-2683,text,true,,1864,150,90,90,http://localhost:5000/api/product/newProducts/?page=1,17584,0,3576
1717757560718,17581,GetNewProducts,200,OK,Thread Group 5000 1-2707,text,true,,1864,150,89,89,http://localhost:5000/api/product/newProducts/?page=1,17581,0,3572
1717757560719,17580,GetNewProducts,200,OK,Thread Group 5000 1-2721,text,true,,1864,150,88,88,http://localhost:5000/api/product/newProducts/?page=1,17580,0,3572
1717757560708,17592,GetNewProducts,200,OK,Thread Group 5000 1-2643,text,true,,1864,150,87,87,http://localhost:5000/api/product/newProducts/?page=1,17592,0,3582
1717757560720,17580,GetNewProducts,200,OK,Thread Group 5000 1-2730,text,true,,1864,150,86,86,http://localhost:5000/api/product/newProducts/?page=1,17580,0,3571
1717757560720,17581,GetNewProducts,200,OK,Thread Group 5000 1-2729,text,true,,1864,150,85,85,http://localhost:5000/api/product/newProducts/?page=1,17581,0,3571
1717757560706,17595,GetNewProducts,200,OK,Thread Group 5000 1-2631,text,true,,1864,150,84,84,http://localhost:5000/api/product/newProducts/?page=1,17595,0,3585
1717757560711,17591,GetNewProducts,200,OK,Thread Group 5000 1-2666,text,true,,1864,150,83,83,http://localhost:5000/api/product/newProducts/?page=1,17591,0,3580
1717757560712,17590,GetNewProducts,200,OK,Thread Group 5000 1-2661,text,true,,1864,150,82,82,http://localhost:5000/api/product/newProducts/?page=1,17590,0,3578
1717757560707,17596,GetNewProducts,200,OK,Thread Group 5000 1-2640,text,true,,1864,150,81,81,http://localhost:5000/api/product/newProducts/?page=1,17596,0,3584
1717757560711,17592,GetNewProducts,200,OK,Thread Group 5000 1-2655,text,true,,1864,150,80,80,http://localhost:5000/api/product/newProducts/?page=1,17592,0,3579
1717757560720,17584,GetNewProducts,200,OK,Thread Group 5000 1-2728,text,true,,1864,150,79,79,http://localhost:5000/api/product/newProducts/?page=1,17584,0,3571
1717757560715,17589,GetNewProducts,200,OK,Thread Group 5000 1-2690,text,true,,1864,150,78,78,http://localhost:5000/api/product/newProducts/?page=1,17589,0,3576
1717757560718,17587,GetNewProducts,200,OK,Thread Group 5000 1-525,text,true,,1864,150,77,77,http://localhost:5000/api/product/newProducts/?page=1,17587,0,3573
1717757560715,17590,GetNewProducts,200,OK,Thread Group 5000 1-2687,text,true,,1864,150,76,76,http://localhost:5000/api/product/newProducts/?page=1,17590,0,3576
1717757560716,17590,GetNewProducts,200,OK,Thread Group 5000 1-2694,text,true,,1864,150,75,75,http://localhost:5000/api/product/newProducts/?page=1,17590,0,3575
1717757560719,17587,GetNewProducts,200,OK,Thread Group 5000 1-2723,text,true,,1864,150,74,74,http://localhost:5000/api/product/newProducts/?page=1,17587,0,3572
1717757560707,17600,GetNewProducts,200,OK,Thread Group 5000 1-2638,text,true,,1864,150,73,73,http://localhost:5000/api/product/newProducts/?page=1,17600,0,3584
1717757560719,17589,GetNewProducts,200,OK,Thread Group 5000 1-2720,text,true,,1864,150,72,72,http://localhost:5000/api/product/newProducts/?page=1,17589,0,3572
1717757560717,17591,GetNewProducts,200,OK,Thread Group 5000 1-1249,text,true,,1864,150,71,71,http://localhost:5000/api/product/newProducts/?page=1,17591,0,3575
1717757560712,17597,GetNewProducts,200,OK,Thread Group 5000 1-2671,text,true,,1864,150,70,70,http://localhost:5000/api/product/newProducts/?page=1,17597,0,3579
1717757560716,17593,GetNewProducts,200,OK,Thread Group 5000 1-2689,text,true,,1864,150,69,69,http://localhost:5000/api/product/newProducts/?page=1,17593,0,3575
1717757560711,17598,GetNewProducts,200,OK,Thread Group 5000 1-2663,text,true,,1864,150,68,68,http://localhost:5000/api/product/newProducts/?page=1,17598,0,3581
1717757560709,17601,GetNewProducts,200,OK,Thread Group 5000 1-2648,text,true,,1864,150,67,67,http://localhost:5000/api/product/newProducts/?page=1,17601,0,3583
1717757560712,17598,GetNewProducts,200,OK,Thread Group 5000 1-2674,text,true,,1864,150,66,66,http://localhost:5000/api/product/newProducts/?page=1,17598,0,3579
1717757560720,17591,GetNewProducts,200,OK,Thread Group 5000 1-1271,text,true,,1864,150,65,65,http://localhost:5000/api/product/newProducts/?page=1,17591,0,3571
1717757560719,17592,GetNewProducts,200,OK,Thread Group 5000 1-2717,text,true,,1864,150,64,64,http://localhost:5000/api/product/newProducts/?page=1,17592,0,3573
1717757560720,17592,GetNewProducts,200,OK,Thread Group 5000 1-2724,text,true,,1864,150,63,63,http://localhost:5000/api/product/newProducts/?page=1,17592,0,3572
1717757560711,17601,GetNewProducts,200,OK,Thread Group 5000 1-2656,text,true,,1864,150,62,62,http://localhost:5000/api/product/newProducts/?page=1,17601,0,3580
1717757560709,17604,GetNewProducts,200,OK,Thread Group 5000 1-2644,text,true,,1864,150,61,61,http://localhost:5000/api/product/newProducts/?page=1,17604,0,3582
1717757560714,17599,GetNewProducts,200,OK,Thread Group 5000 1-2673,text,true,,1864,150,60,60,http://localhost:5000/api/product/newProducts/?page=1,17599,0,3577
1717757560707,17607,GetNewProducts,200,OK,Thread Group 5000 1-2635,text,true,,1864,150,59,59,http://localhost:5000/api/product/newProducts/?page=1,17607,0,3585
1717757560710,17604,GetNewProducts,200,OK,Thread Group 5000 1-1233,text,true,,1864,150,58,58,http://localhost:5000/api/product/newProducts/?page=1,17604,0,3581
1717757560713,17602,GetNewProducts,200,OK,Thread Group 5000 1-2672,text,true,,1864,150,57,57,http://localhost:5000/api/product/newProducts/?page=1,17602,0,3578
1717757560720,17595,GetNewProducts,200,OK,Thread Group 5000 1-2727,text,true,,1864,150,56,56,http://localhost:5000/api/product/newProducts/?page=1,17595,0,3572
1717757560716,17600,GetNewProducts,200,OK,Thread Group 5000 1-2688,text,true,,1864,150,55,55,http://localhost:5000/api/product/newProducts/?page=1,17600,0,3575
1717757560708,17608,GetNewProducts,200,OK,Thread Group 5000 1-2645,text,true,,1864,150,54,54,http://localhost:5000/api/product/newProducts/?page=1,17608,0,3584
1717757560721,17596,GetNewProducts,200,OK,Thread Group 5000 1-2733,text,true,,1864,150,53,53,http://localhost:5000/api/product/newProducts/?page=1,17596,0,3570
1717757560711,17606,GetNewProducts,200,OK,Thread Group 5000 1-2657,text,true,,1864,150,52,52,http://localhost:5000/api/product/newProducts/?page=1,17606,0,3580
1717757560709,17609,GetNewProducts,200,OK,Thread Group 5000 1-4998,text,true,,1864,150,51,51,http://localhost:5000/api/product/newProducts/?page=1,17609,0,3583
1717757560708,17610,GetNewProducts,200,OK,Thread Group 5000 1-2641,text,true,,1864,150,50,50,http://localhost:5000/api/product/newProducts/?page=1,17610,0,3584
1717757560710,17608,GetNewProducts,200,OK,Thread Group 5000 1-2651,text,true,,1864,150,49,49,http://localhost:5000/api/product/newProducts/?page=1,17608,0,3581
1717757560718,17601,GetNewProducts,200,OK,Thread Group 5000 1-2701,text,true,,1864,150,48,48,http://localhost:5000/api/product/newProducts/?page=1,17601,0,3573
1717757560706,17613,GetNewProducts,200,OK,Thread Group 5000 1-2629,text,true,,1864,150,47,47,http://localhost:5000/api/product/newProducts/?page=1,17613,0,3586
1717757560709,17611,GetNewProducts,200,OK,Thread Group 5000 1-2647,text,true,,1864,150,46,46,http://localhost:5000/api/product/newProducts/?page=1,17611,0,3582
1717757560718,17602,GetNewProducts,200,OK,Thread Group 5000 1-2706,text,true,,1864,150,45,45,http://localhost:5000/api/product/newProducts/?page=1,17602,0,3574
1717757560719,17601,GetNewProducts,200,OK,Thread Group 5000 1-2722,text,true,,1864,150,44,44,http://localhost:5000/api/product/newProducts/?page=1,17601,0,3573
1717757560710,17612,GetNewProducts,200,OK,Thread Group 5000 1-2653,text,true,,1864,150,43,43,http://localhost:5000/api/product/newProducts/?page=1,17612,0,3582
1717757560716,17606,GetNewProducts,200,OK,Thread Group 5000 1-2684,text,true,,1864,150,42,42,http://localhost:5000/api/product/newProducts/?page=1,17606,0,3576
1717757560712,17610,GetNewProducts,200,OK,Thread Group 5000 1-2680,text,true,,1864,150,41,41,http://localhost:5000/api/product/newProducts/?page=1,17610,0,3580
1717757560719,17604,GetNewProducts,200,OK,Thread Group 5000 1-2711,text,true,,1864,150,40,40,http://localhost:5000/api/product/newProducts/?page=1,17604,0,3573
1717757560712,17611,GetNewProducts,200,OK,Thread Group 5000 1-2678,text,true,,1864,150,39,39,http://localhost:5000/api/product/newProducts/?page=1,17611,0,3580
1717757560720,17604,GetNewProducts,200,OK,Thread Group 5000 1-2731,text,true,,1864,150,38,38,http://localhost:5000/api/product/newProducts/?page=1,17603,0,3572
1717757560713,17611,GetNewProducts,200,OK,Thread Group 5000 1-2668,text,true,,1864,150,37,37,http://localhost:5000/api/product/newProducts/?page=1,17611,0,3579
1717757560717,17607,GetNewProducts,200,OK,Thread Group 5000 1-513,text,true,,1864,150,36,36,http://localhost:5000/api/product/newProducts/?page=1,17607,0,3575
1717757560719,17606,GetNewProducts,200,OK,Thread Group 5000 1-2718,text,true,,1864,150,35,35,http://localhost:5000/api/product/newProducts/?page=1,17606,0,3572
1717757560713,17612,GetNewProducts,200,OK,Thread Group 5000 1-2669,text,true,,1864,150,34,34,http://localhost:5000/api/product/newProducts/?page=1,17612,0,3579
1717757560713,17613,GetNewProducts,200,OK,Thread Group 5000 1-2665,text,true,,1864,150,33,33,http://localhost:5000/api/product/newProducts/?page=1,17613,0,3579
1717757560718,17609,GetNewProducts,200,OK,Thread Group 5000 1-2705,text,true,,1864,150,32,32,http://localhost:5000/api/product/newProducts/?page=1,17609,0,3574
1717757560718,17609,GetNewProducts,200,OK,Thread Group 5000 1-2713,text,true,,1864,150,31,31,http://localhost:5000/api/product/newProducts/?page=1,17609,0,3574
1717757560711,17617,GetNewProducts,200,OK,Thread Group 5000 1-2658,text,true,,1864,150,30,30,http://localhost:5000/api/product/newProducts/?page=1,17617,0,3581
1717757560719,17609,GetNewProducts,200,OK,Thread Group 5000 1-2715,text,true,,1864,150,29,29,http://localhost:5000/api/product/newProducts/?page=1,17609,0,3573
1717757560716,17613,GetNewProducts,200,OK,Thread Group 5000 1-2697,text,true,,1864,150,28,28,http://localhost:5000/api/product/newProducts/?page=1,17613,0,3576
1717757560721,17608,GetNewProducts,200,OK,Thread Group 5000 1-2732,text,true,,1864,150,27,27,http://localhost:5000/api/product/newProducts/?page=1,17608,0,3571
1717757560718,17611,GetNewProducts,200,OK,Thread Group 5000 1-2702,text,true,,1864,150,26,26,http://localhost:5000/api/product/newProducts/?page=1,17611,0,3574
1717757560709,17621,GetNewProducts,200,OK,Thread Group 5000 1-2646,text,true,,1864,150,25,25,http://localhost:5000/api/product/newProducts/?page=1,17621,0,3583
1717757560713,17617,GetNewProducts,200,OK,Thread Group 5000 1-2675,text,true,,1864,150,24,24,http://localhost:5000/api/product/newProducts/?page=1,17617,0,3579
1717757560714,17617,GetNewProducts,200,OK,Thread Group 5000 1-2676,text,true,,1864,150,23,23,http://localhost:5000/api/product/newProducts/?page=1,17617,0,3578
1717757560711,17620,GetNewProducts,200,OK,Thread Group 5000 1-2659,text,true,,1864,150,22,22,http://localhost:5000/api/product/newProducts/?page=1,17620,0,3581
1717757560716,17616,GetNewProducts,200,OK,Thread Group 5000 1-2693,text,true,,1864,150,21,21,http://localhost:5000/api/product/newProducts/?page=1,17616,0,3576
1717757560716,17616,GetNewProducts,200,OK,Thread Group 5000 1-2695,text,true,,1864,150,20,20,http://localhost:5000/api/product/newProducts/?page=1,17616,0,3576
1717757560718,17614,GetNewProducts,200,OK,Thread Group 5000 1-2710,text,true,,1864,150,19,19,http://localhost:5000/api/product/newProducts/?page=1,17614,0,3574
1717757560712,17621,GetNewProducts,200,OK,Thread Group 5000 1-2667,text,true,,1864,150,18,18,http://localhost:5000/api/product/newProducts/?page=1,17621,0,3580
1717757560714,17619,GetNewProducts,200,OK,Thread Group 5000 1-2677,text,true,,1864,150,17,17,http://localhost:5000/api/product/newProducts/?page=1,17619,0,3578
1717757560719,17615,GetNewProducts,200,OK,Thread Group 5000 1-2714,text,true,,1864,150,16,16,http://localhost:5000/api/product/newProducts/?page=1,17615,0,3573
1717757560719,17615,GetNewProducts,200,OK,Thread Group 5000 1-2716,text,true,,1864,150,15,15,http://localhost:5000/api/product/newProducts/?page=1,17615,0,3573
1717757560713,17622,GetNewProducts,200,OK,Thread Group 5000 1-2664,text,true,,1864,150,14,14,http://localhost:5000/api/product/newProducts/?page=1,17622,0,3579
1717757560716,17622,GetNewProducts,200,OK,Thread Group 5000 1-2692,text,true,,1864,150,13,13,http://localhost:5000/api/product/newProducts/?page=1,17622,0,3576
1717757560712,17626,GetNewProducts,200,OK,Thread Group 5000 1-2670,text,true,,1864,150,12,12,http://localhost:5000/api/product/newProducts/?page=1,17626,0,3580
1717757560707,17632,GetNewProducts,200,OK,Thread Group 5000 1-2637,text,true,,1864,150,11,11,http://localhost:5000/api/product/newProducts/?page=1,17632,0,3585
1717757560707,17632,GetNewProducts,200,OK,Thread Group 5000 1-2639,text,true,,1864,150,10,10,http://localhost:5000/api/product/newProducts/?page=1,17632,0,3585
1717757560709,17630,GetNewProducts,200,OK,Thread Group 5000 1-2650,text,true,,1864,150,9,9,http://localhost:5000/api/product/newProducts/?page=1,17630,0,3583
1717757560716,17624,GetNewProducts,200,OK,Thread Group 5000 1-2685,text,true,,1864,150,8,8,http://localhost:5000/api/product/newProducts/?page=1,17624,0,3576
1717757560721,17619,GetNewProducts,200,OK,Thread Group 5000 1-2736,text,true,,1864,150,7,7,http://localhost:5000/api/product/newProducts/?page=1,17619,0,3571
1717757560707,17633,GetNewProducts,200,OK,Thread Group 5000 1-2636,text,true,,1864,150,6,6,http://localhost:5000/api/product/newProducts/?page=1,17633,0,3585
1717757560720,17620,GetNewProducts,200,OK,Thread Group 5000 1-2726,text,true,,1864,150,6,6,http://localhost:5000/api/product/newProducts/?page=1,17620,0,3572
1717757560719,17622,GetNewProducts,200,OK,Thread Group 5000 1-2719,text,true,,1864,150,4,4,http://localhost:5000/api/product/newProducts/?page=1,17622,0,3573
1717757560706,17636,GetNewProducts,200,OK,Thread Group 5000 1-2630,text,true,,1864,150,3,3,http://localhost:5000/api/product/newProducts/?page=1,17636,0,3586
1717757560717,17625,GetNewProducts,200,OK,Thread Group 5000 1-2700,text,true,,1864,150,2,2,http://localhost:5000/api/product/newProducts/?page=1,17625,0,3575
1717757560710,17633,GetNewProducts,200,OK,Thread Group 5000 1-2652,text,true,,1864,150,1,1,http://localhost:5000/api/product/newProducts/?page=1,17633,0,3582
